日期,股票代码,开盘,收盘,最高,最低,成交量,成交额,振幅,涨跌幅,涨跌额,换手率
2023-10-30,001378,60.7,74.68,98.2,60.7,245039,1889253077.36,123.44,145.82,44.3,77.81
2023-10-31,001378,64.79,73.55,79.7,64.75,160537,1206849785.77,20.02,-1.51,-1.13,50.98
2023-11-01,001378,70.2,61.49,72.69,60.72,142450,933628957.4,16.27,-16.4,-12.06,45.24
2023-11-02,001378,58.7,53.7,62.36,53.38,140923,816194307.46,14.6,-12.67,-7.79,44.75
2023-11-03,001378,51.04,47.07,53.09,47.0,146221,740512998.65,11.34,-12.35,-6.63,46.43
2023-11-06,001378,45.89,45.66,46.21,44.56,112744,524752063.6,3.51,-3.0,-1.41,35.8
2023-11-07,001378,45.67,45.62,45.97,45.31,81607,382999879.96,1.45,-0.09,-0.04,25.91
2023-11-08,001378,45.45,45.26,45.59,44.94,61318,285316057.37,1.42,-0.79,-0.36,19.47
2023-11-09,001378,45.47,43.94,45.53,43.85,72154,331763883.47,3.71,-2.92,-1.32,22.91
2023-11-10,001378,43.83,44.09,44.5,42.91,55900,252808299.57,3.62,0.34,0.15,17.75
2023-11-13,001378,43.91,44.42,44.85,43.9,39908,182387738.86,2.15,0.75,0.33,12.67
2023-11-14,001378,44.42,44.05,44.7,43.59,46427,210505492.52,2.5,-0.83,-0.37,14.74
2023-11-15,001378,44.25,44.7,44.98,44.21,46915,215702303.69,1.75,1.48,0.65,14.9
2023-11-16,001378,44.69,43.59,44.69,43.58,41940,189758874.88,2.48,-2.48,-1.11,13.32
2023-11-17,001378,43.59,43.31,43.83,43.05,30912,137934550.48,1.79,-0.64,-0.28,9.82
2023-11-20,001378,43.4,43.8,43.84,43.19,30514,136926561.66,1.5,1.13,0.49,9.69
2023-11-21,001378,43.84,43.48,43.94,43.45,29147,131120483.47,1.12,-0.73,-0.32,9.26
2023-11-22,001378,43.67,42.79,43.95,42.76,40986,182613116.8,2.74,-1.59,-0.69,13.02
2023-11-23,001378,42.79,43.24,43.33,42.38,33124,146708931.54,2.22,1.05,0.45,10.52
2023-11-24,001378,43.15,41.33,43.15,41.18,46752,201859747.18,4.56,-4.42,-1.91,14.85
2023-11-27,001378,41.3,40.6,41.45,40.49,28281,119004650.43,2.32,-1.77,-0.73,8.98
2023-11-28,001378,40.6,40.8,40.89,40.03,19298,80770598.34,2.12,0.49,0.2,6.13
2023-11-29,001378,40.7,39.58,40.81,39.56,28073,116115518.34,3.06,-2.99,-1.22,8.91
2023-11-30,001378,39.6,39.01,39.65,38.63,25690,103434681.31,2.58,-1.44,-0.57,8.16
2023-12-01,001378,39.09,38.86,39.14,38.4,18637,74718434.42,1.9,-0.38,-0.15,5.92
2023-12-04,001378,38.86,38.87,39.18,38.75,14767,59347744.7,1.11,0.03,0.01,4.69
2023-12-05,001378,38.93,37.63,38.95,37.61,26182,103232263.82,3.45,-3.19,-1.24,8.31
2023-12-06,001378,37.62,37.47,37.92,37.45,17028,66386664.41,1.25,-0.43,-0.16,5.41
2023-12-07,001378,37.49,36.62,37.49,36.2,23479,89411992.01,3.44,-2.27,-0.85,7.46
2023-12-08,001378,36.64,36.59,37.09,36.51,16201,61634728.89,1.58,-0.08,-0.03,5.14
2023-12-11,001378,36.6,36.98,37.2,36.37,18349,70023696.73,2.27,1.07,0.39,5.83
2023-12-12,001378,36.95,36.93,37.06,36.7,12480,47622635.3,0.97,-0.14,-0.05,3.96
2023-12-13,001378,36.98,36.47,36.99,36.45,13488,51201256.47,1.46,-1.25,-0.46,4.28
2023-12-14,001378,36.6,36.52,37.04,36.45,17243,65531491.57,1.62,0.14,0.05,5.48
2023-12-15,001378,36.46,36.43,36.78,36.22,11733,44364518.02,1.53,-0.25,-0.09,3.73
2023-12-18,001378,36.44,35.54,36.9,35.4,18376,68295702.5,4.12,-2.44,-0.89,5.84
2023-12-19,001378,35.5,36.2,36.38,35.42,19716,73555327.6,2.7,1.86,0.66,6.26
2023-12-20,001378,36.2,36.89,38.07,36.2,38530,148937566.78,5.17,1.91,0.69,12.24
2023-12-21,001378,36.39,37.31,37.46,35.85,27953,106159068.92,4.36,1.14,0.42,8.88
2023-12-22,001378,37.29,36.7,38.08,36.42,28946,111512129.6,4.45,-1.63,-0.61,9.19
2023-12-25,001378,36.5,36.06,36.99,36.06,18492,69836045.6,2.53,-1.74,-0.64,5.87
2023-12-26,001378,36.09,35.87,36.47,35.74,13982,52231698.42,2.02,-0.53,-0.19,4.44
2023-12-27,001378,35.91,37.24,37.42,35.21,31911,121189411.03,6.16,3.82,1.37,10.13
2023-12-28,001378,37.19,37.75,38.15,36.96,34566,135113686.97,3.2,1.37,0.51,10.98
2023-12-29,001378,37.55,37.53,37.9,37.4,21687,84351811.09,1.32,-0.58,-0.22,6.89
2024-01-02,001378,37.44,37.73,38.03,37.44,18562,72528394.44,1.57,0.53,0.2,5.89
2024-01-03,001378,37.7,37.32,37.88,37.06,16517,63879348.27,2.17,-1.09,-0.41,5.25
2024-01-04,001378,37.48,38.15,38.35,37.18,32918,129298025.71,3.14,2.22,0.83,10.45
2024-01-05,001378,37.95,37.36,38.7,37.23,34435,135339735.63,3.85,-2.07,-0.79,10.93
2024-01-08,001378,37.11,36.09,38.69,36.09,39116,151767781.99,6.96,-3.4,-1.27,12.42
2024-01-09,001378,36.09,36.65,37.08,35.92,27963,105712376.0,3.21,1.55,0.56,8.88
2024-01-10,001378,36.52,36.8,37.43,35.36,28478,107504332.64,5.65,0.41,0.15,9.04
2024-01-11,001378,36.43,37.9,37.9,35.9,45311,173826163.23,5.43,2.99,1.1,14.39
2024-01-12,001378,37.5,36.63,38.2,36.58,38231,148102509.32,4.27,-3.35,-1.27,12.14
2024-01-15,001378,36.39,35.72,36.83,35.63,26573,98997780.52,3.28,-2.48,-0.91,8.44
2024-01-16,001378,35.63,34.98,35.85,34.32,30317,109943717.76,4.28,-2.07,-0.74,9.63
2024-01-17,001378,34.79,34.11,34.98,34.08,15703,56140845.08,2.57,-2.49,-0.87,4.99
2024-01-18,001378,34.09,33.66,34.25,33.1,20534,71528177.01,3.37,-1.32,-0.45,6.52
2024-01-19,001378,33.53,34.33,35.22,33.17,28664,101590188.74,6.09,1.99,0.67,9.1
2024-01-22,001378,33.85,31.45,34.32,31.11,27871,94371758.29,9.35,-8.39,-2.88,8.85
2024-01-23,001378,31.14,31.26,31.88,30.61,14721,47992199.48,4.04,-0.6,-0.19,4.67
2024-01-24,001378,31.29,31.39,31.82,30.21,18978,61508951.43,5.15,0.42,0.13,6.03
2024-01-25,001378,31.55,32.1,32.15,31.1,18262,60329868.38,3.35,2.26,0.71,5.8
2024-01-26,001378,32.05,31.67,32.29,31.67,12567,41848097.98,1.93,-1.34,-0.43,3.99
2024-01-29,001378,32.5,31.69,32.93,31.26,21778,72668177.25,5.27,0.06,0.02,6.92
2024-01-30,001378,31.01,29.52,31.19,29.48,22217,70076314.5,5.4,-6.85,-2.17,7.06
2024-01-31,001378,29.52,28.6,30.38,28.45,23416,71616000.51,6.54,-3.12,-0.92,7.44
2024-02-01,001378,28.6,27.79,28.6,27.36,19992,58487809.31,4.34,-2.83,-0.81,6.35
2024-02-02,001378,27.89,26.38,28.3,25.21,26033,73353425.67,11.12,-5.07,-1.41,8.27
2024-02-05,001378,26.36,23.61,26.41,23.61,23608,60504024.52,10.61,-10.5,-2.77,7.5
2024-02-06,001378,23.2,23.94,24.6,21.61,26574,64962413.07,12.66,1.4,0.33,8.44
2024-02-07,001378,23.8,22.35,24.22,22.2,25592,63057434.43,8.44,-6.64,-1.59,8.13
2024-02-08,001378,22.7,23.8,23.82,21.91,27243,65941484.67,8.55,6.49,1.45,8.65
2024-02-19,001378,23.82,24.68,24.75,23.82,24068,61853700.45,3.91,3.7,0.88,7.64
2024-02-20,001378,24.69,25.21,25.36,24.28,19965,52318617.69,4.38,2.15,0.53,6.34
2024-02-21,001378,24.9,25.34,26.29,24.73,29307,79038304.11,6.19,0.52,0.13,9.31
2024-02-22,001378,25.18,25.88,25.9,25.18,20105,54267988.56,2.84,2.13,0.54,6.38
2024-02-23,001378,25.94,26.69,26.72,25.75,26883,74165221.13,3.75,3.13,0.81,8.54
2024-02-26,001378,26.91,27.13,27.8,26.61,25449,72459753.66,4.46,1.65,0.44,8.08
2024-02-27,001378,27.04,28.18,28.18,26.93,23650,68582588.98,4.61,3.87,1.05,7.51
2024-02-28,001378,28.18,25.92,28.8,25.85,35576,102229509.48,10.47,-8.02,-2.26,11.3
2024-02-29,001378,25.77,26.75,26.78,25.55,20471,56720555.86,4.75,3.2,0.83,6.5
2024-03-01,001378,26.74,27.28,27.37,26.52,17894,50844212.44,3.18,1.98,0.53,5.68
2024-03-04,001378,27.4,27.15,27.69,26.7,13683,38933442.0,3.63,-0.48,-0.13,4.35
2024-03-05,001378,27.15,27.25,28.17,26.42,25406,72714377.08,6.45,0.37,0.1,8.07
2024-03-06,001378,26.97,30.11,30.11,26.97,25048,77107339.78,11.52,10.5,2.86,7.95
2024-03-07,001378,31.2,28.87,31.38,28.72,64004,199360258.13,8.83,-4.12,-1.24,20.32
2024-03-08,001378,28.89,28.63,29.55,28.3,32204,97091804.13,4.33,-0.83,-0.24,10.23
2024-03-11,001378,28.4,28.8,28.9,28.1,26228,78032657.6,2.79,0.59,0.17,8.33
2024-03-12,001378,28.74,28.68,28.86,28.47,20649,61805551.64,1.35,-0.42,-0.12,6.56
2024-03-13,001378,28.72,28.72,28.91,28.45,19211,57640774.21,1.6,0.14,0.04,6.1
2024-03-14,001378,28.53,28.2,28.94,27.8,21216,63030937.69,3.97,-1.81,-0.52,6.74
2024-03-15,001378,28.1,28.48,28.48,27.85,15246,45010394.0,2.23,0.99,0.28,4.84
2024-03-18,001378,28.6,28.94,28.94,28.46,19472,58472309.35,1.69,1.62,0.46,6.18
2024-03-19,001378,28.91,28.95,29.3,28.74,20173,61165308.23,1.94,0.03,0.01,6.41
2024-03-20,001378,28.91,29.18,29.5,28.8,19667,59803834.33,2.42,0.79,0.23,6.25
2024-03-21,001378,28.98,28.86,29.35,28.49,18186,54859430.6,2.95,-1.1,-0.32,5.78
2024-03-22,001378,28.7,28.33,29.08,28.26,14993,44730805.76,2.84,-1.84,-0.53,4.76
2024-03-25,001378,28.18,27.05,28.19,27.05,15648,45360127.27,4.02,-4.52,-1.28,4.97
2024-03-26,001378,27.05,26.82,27.35,26.2,14177,39818942.71,4.25,-0.85,-0.23,4.5
2024-03-27,001378,26.96,25.65,27.01,25.65,12200,33688291.88,5.07,-4.36,-1.17,3.87
2024-03-28,001378,25.87,26.3,26.6,25.66,14566,40095914.58,3.66,2.53,0.65,4.63
2024-03-29,001378,26.3,26.78,26.78,26.01,10008,27917894.34,2.93,1.83,0.48,3.18
2024-04-01,001378,26.98,27.37,27.4,26.78,9261,26359721.48,2.32,2.2,0.59,2.94
2024-04-02,001378,27.58,27.44,27.76,27.26,12596,36294424.84,1.83,0.26,0.07,4.0
2024-04-03,001378,27.32,27.11,27.53,26.83,7768,22080331.18,2.55,-1.2,-0.33,2.47
2024-04-08,001378,26.95,26.17,27.14,26.14,10778,29961122.07,3.69,-3.47,-0.94,3.42
2024-04-09,001378,26.5,27.37,27.42,25.91,17615,49888716.89,5.77,4.59,1.2,5.59
2024-04-10,001378,27.37,27.95,29.26,27.13,39477,117076378.03,7.78,2.12,0.58,12.54
2024-04-11,001378,27.5,30.88,30.88,27.03,43298,135029084.6,13.77,10.48,2.93,13.75
2024-04-12,001378,31.81,30.25,32.48,30.25,95019,309994343.52,7.22,-2.04,-0.63,30.17
2024-04-15,001378,30.45,29.96,31.2,29.3,60110,188900041.73,6.28,-0.96,-0.29,19.09
2024-04-16,001378,29.27,26.83,29.27,26.83,27324,78044612.71,8.14,-10.45,-3.13,8.68
2024-04-17,001378,25.2,26.83,27.21,25.16,49818,138577525.35,7.64,0.0,0.0,15.82
2024-04-18,001378,26.53,26.58,27.38,25.7,38587,107168799.93,6.26,-0.93,-0.25,12.25
2024-04-19,001378,26.54,25.87,26.88,25.71,24127,66217323.79,4.4,-2.67,-0.71,7.66
2024-04-22,001378,25.49,25.58,26.1,25.01,14241,38438767.54,4.21,-1.12,-0.29,4.52
2024-04-23,001378,25.6,25.58,25.92,25.42,13820,37295530.8,1.95,0.0,0.0,4.39
2024-04-24,001378,25.58,25.69,25.78,25.42,13978,37650918.3,1.41,0.43,0.11,4.44
2024-04-25,001378,25.7,25.95,26.12,25.5,16442,44762662.01,2.41,1.01,0.26,5.22
2024-04-26,001378,26.0,26.12,26.19,25.71,17441,47689262.25,1.85,0.66,0.17,5.54
2024-04-29,001378,26.24,26.88,27.03,26.08,21850,61085837.1,3.64,2.91,0.76,6.94
2024-04-30,001378,26.88,26.42,27.01,26.4,16939,47388228.03,2.27,-1.71,-0.46,5.38
2024-05-06,001378,26.55,27.8,27.84,26.5,31203,89162247.33,5.07,5.22,1.38,9.68
2024-05-07,001378,27.77,28.4,28.53,27.46,30824,90443194.75,3.85,2.16,0.6,9.57
2024-05-08,001378,28.35,27.85,28.87,27.8,30928,91584781.36,3.77,-1.94,-0.55,9.6
2024-05-09,001378,28.05,28.0,28.39,27.86,20423,60044857.46,1.9,0.54,0.15,6.34
2024-05-10,001378,28.18,27.83,28.18,27.49,18732,54605862.66,2.46,-0.61,-0.17,5.81
2024-05-13,001378,27.59,26.68,27.59,26.54,19712,55668422.08,3.77,-4.13,-1.15,6.12
2024-05-14,001378,26.82,26.88,27.02,26.66,10881,30641889.31,1.35,0.75,0.2,3.38
2024-05-15,001378,26.89,26.55,27.0,26.32,11197,31259710.04,2.53,-1.23,-0.33,3.48
2024-05-16,001378,26.83,26.8,27.15,26.67,11320,31960470.26,1.81,0.94,0.25,3.51
2024-05-17,001378,26.72,27.37,27.37,26.6,20449,58281228.07,2.87,2.13,0.57,6.35
2024-05-20,001378,27.3,27.19,27.52,27.09,13278,37941713.83,1.57,-0.66,-0.18,4.12
2024-05-21,001378,27.12,27.32,27.44,26.9,13669,39005654.46,1.99,0.48,0.13,4.24
2024-05-22,001378,27.25,27.68,27.8,27.1,20827,60180404.8,2.56,1.32,0.36,6.46
2024-05-23,001378,27.79,28.07,28.74,27.31,38389,112756805.18,5.17,1.41,0.39,11.91
2024-05-24,001378,27.95,26.6,27.98,26.4,29807,84663686.96,5.63,-5.24,-1.47,9.25
2024-05-27,001378,26.7,27.12,27.67,26.41,17737,50208873.99,4.74,1.95,0.52,5.5
2024-05-28,001378,26.98,26.33,26.98,26.15,15023,41763132.03,3.06,-2.91,-0.79,4.66
2024-05-29,001378,26.51,26.84,26.92,26.23,15273,42089397.2,2.62,1.94,0.51,4.74
2024-05-30,001378,26.65,26.31,27.03,26.26,14468,39642694.44,2.87,-1.97,-0.53,4.49
2024-05-31,001378,26.31,26.48,26.54,26.1,9772,26641323.5,1.67,0.65,0.17,3.03
2024-06-03,001378,26.46,25.66,26.46,25.44,13830,36952197.03,3.85,-3.1,-0.82,4.29
2024-06-04,001378,25.65,24.98,25.66,24.65,13385,34537188.8,3.94,-2.65,-0.68,4.15
2024-06-05,001378,24.74,24.59,25.11,24.53,8799,22592384.07,2.32,-1.56,-0.39,2.73
2024-06-06,001378,24.5,23.44,24.85,23.41,13588,33634901.07,5.86,-4.68,-1.15,4.22
2024-06-07,001378,23.47,24.11,24.12,23.47,8706,21555395.21,2.77,2.86,0.67,2.7
2024-06-11,001378,24.11,24.38,24.38,23.58,7774,19324838.1,3.32,1.12,0.27,2.41
2024-06-12,001378,24.39,24.99,25.37,24.39,11670,29993747.6,4.02,2.5,0.61,3.62
2024-06-13,001378,24.99,24.91,25.33,24.75,11017,28542813.26,2.32,-0.32,-0.08,3.42
2024-06-14,001378,24.75,24.56,25.04,24.47,9377,23917354.19,2.29,-1.41,-0.35,2.91
2024-06-17,001378,24.45,24.51,24.77,24.33,5925,15048903.64,1.79,-0.2,-0.05,1.84
2024-06-18,001378,24.53,24.9,25.08,24.53,8013,20627845.54,2.24,1.59,0.39,2.49
2024-06-19,001378,24.91,24.72,25.11,24.53,5914,15142350.32,2.33,-0.72,-0.18,1.84
2024-06-20,001378,24.81,23.91,24.81,23.85,8712,21853276.12,3.88,-3.28,-0.81,2.7
2024-06-21,001378,23.9,23.88,24.08,23.53,5488,13542535.84,2.3,-0.13,-0.03,1.7
2024-06-24,001378,23.95,22.71,23.95,22.66,10199,24407471.36,5.4,-4.9,-1.17,3.17
2024-06-25,001378,22.71,22.81,23.25,22.61,5739,13646304.97,2.82,0.44,0.1,1.78
2024-06-26,001378,22.81,23.56,23.56,22.75,7669,18473917.84,3.55,3.29,0.75,2.38
2024-06-27,001378,23.53,23.13,23.74,23.09,6349,15410109.57,2.76,-1.83,-0.43,1.97
2024-06-28,001378,23.16,23.01,23.62,22.93,6230,15003460.07,2.98,-0.52,-0.12,1.93
2024-07-01,001378,23.3,23.07,23.3,22.75,4864,11593781.21,2.39,0.26,0.06,1.51
2024-07-02,001378,23.15,23.1,23.41,23.0,6108,14709592.7,1.78,0.13,0.03,1.9
2024-07-03,001378,23.14,22.79,23.34,22.73,5386,12804608.09,2.64,-1.34,-0.31,1.67
2024-07-04,001378,22.69,22.09,22.96,22.06,7896,18360995.33,3.95,-3.07,-0.7,2.45
2024-07-05,001378,22.05,22.37,22.43,21.78,4346,9998331.42,2.94,1.27,0.28,1.35
2024-07-08,001378,22.24,21.59,22.29,21.53,5737,13001794.95,3.4,-3.49,-0.78,1.78
2024-07-09,001378,21.6,22.1,22.1,21.27,6871,15523650.7,3.84,2.36,0.51,2.13
2024-07-10,001378,22.04,22.08,22.42,21.96,5519,12720003.4,2.08,-0.09,-0.02,1.71
2024-07-11,001378,22.53,22.68,22.76,22.36,8988,21065715.96,1.81,2.72,0.6,2.79
2024-07-12,001378,22.64,22.44,22.94,22.44,5068,11880737.0,2.2,-1.06,-0.24,1.57
2024-07-15,001378,22.51,22.0,22.55,21.93,4577,10511625.23,2.76,-1.96,-0.44,1.42
2024-07-16,001378,22.0,22.12,22.28,21.91,3576,8188489.02,1.68,0.55,0.12,1.11
2024-07-17,001378,22.12,21.91,22.2,21.78,4521,10326924.0,1.9,-0.95,-0.21,1.4
2024-07-18,001378,21.91,21.67,22.11,21.42,5623,12654666.16,3.15,-1.1,-0.24,1.74
2024-07-19,001378,22.01,22.18,22.3,21.68,6673,15315968.05,2.86,2.35,0.51,2.07
2024-07-22,001378,22.2,22.28,22.46,22.11,5287,12229306.68,1.58,0.45,0.1,1.64
2024-07-23,001378,22.17,22.56,23.8,22.16,16712,39730859.53,7.36,1.26,0.28,5.19
2024-07-24,001378,22.29,23.44,23.67,21.91,28123,67737437.73,7.8,3.9,0.88,8.73
2024-07-25,001378,23.29,24.15,24.45,23.14,28027,69236126.46,5.59,3.03,0.71,8.7
2024-07-26,001378,24.15,24.47,24.79,23.45,31339,78541956.12,5.55,1.33,0.32,9.72
2024-07-29,001378,24.44,24.0,24.52,23.8,16698,41660092.01,2.94,-1.92,-0.47,5.18
2024-07-30,001378,23.85,24.99,25.07,23.6,29708,75111562.91,6.13,4.13,0.99,9.22
2024-07-31,001378,24.65,25.02,25.43,24.03,41654,106788939.0,5.6,0.12,0.03,12.93
2024-08-01,001378,24.8,24.36,25.44,24.17,30999,79124666.0,5.08,-2.64,-0.66,9.62
2024-08-02,001378,24.15,25.04,25.84,24.09,40167,103676748.23,7.18,2.79,0.68,12.46
2024-08-05,001378,25.14,24.18,25.44,24.17,27807,71574905.15,5.07,-3.43,-0.86,8.63
2024-08-06,001378,24.43,23.72,24.59,23.45,25157,62264981.02,4.71,-1.9,-0.46,7.81
2024-08-07,001378,23.51,22.78,23.7,22.65,27623,66078850.61,4.43,-3.96,-0.94,8.57
2024-08-08,001378,22.73,22.44,22.83,22.16,13614,31683004.71,2.94,-1.49,-0.34,4.22
2024-08-09,001378,22.45,22.34,22.64,22.26,8414,19602949.5,1.69,-0.45,-0.1,2.61
2024-08-12,001378,22.34,22.11,22.39,21.99,7264,16723337.64,1.79,-1.03,-0.23,2.25
2024-08-13,001378,22.11,22.44,22.45,21.88,6797,15664205.94,2.58,1.49,0.33,2.11
2024-08-14,001378,22.43,22.02,22.63,21.99,6476,14955581.82,2.85,-1.87,-0.42,2.01
2024-08-15,001378,22.04,21.98,22.24,21.65,7120,16227889.0,2.68,-0.18,-0.04,2.21
2024-08-16,001378,21.98,21.89,22.12,21.88,5113,11679434.0,1.09,-0.41,-0.09,1.59
2024-08-19,001378,21.95,21.63,22.09,21.55,6818,15382274.37,2.47,-1.19,-0.26,2.12
2024-08-20,001378,21.64,21.11,21.75,21.1,7664,16992041.74,3.01,-2.4,-0.52,2.38
2024-08-21,001378,21.11,21.13,21.29,20.95,4106,9025207.68,1.61,0.09,0.02,1.27
2024-08-22,001378,21.24,20.37,21.26,20.35,9369,20157138.45,4.31,-3.6,-0.76,2.91
2024-08-23,001378,20.63,19.98,20.63,19.96,7111,14920883.72,3.29,-1.91,-0.39,2.21
2024-08-26,001378,19.98,20.4,20.52,19.98,7296,15483221.0,2.7,2.1,0.42,2.26
2024-08-27,001378,20.4,20.14,20.47,20.08,4633,9763820.0,1.91,-1.27,-0.26,1.44
2024-08-28,001378,20.1,20.35,20.43,19.97,5019,10589689.35,2.28,1.04,0.21,1.56
2024-08-29,001378,20.36,20.54,20.66,20.24,5158,11016122.81,2.06,0.93,0.19,1.6
2024-08-30,001378,20.5,20.73,20.99,20.48,9698,20986448.83,2.48,0.93,0.19,3.01
2024-09-02,001378,20.72,20.43,20.94,20.43,6668,14359849.0,2.46,-1.45,-0.3,2.07
2024-09-03,001378,20.42,20.71,20.8,20.38,5644,12134663.79,2.06,1.37,0.28,1.75
2024-09-04,001378,20.68,20.71,21.01,20.5,7443,16096751.66,2.46,0.0,0.0,2.31
2024-09-05,001378,20.79,20.71,20.88,20.65,4902,10575786.8,1.11,0.0,0.0,1.52
2024-09-06,001378,20.71,20.15,20.73,20.13,5655,12017293.1,2.9,-2.7,-0.56,1.75
2024-09-09,001378,20.03,20.18,20.48,20.01,4408,9304376.2,2.33,0.15,0.03,1.37
2024-09-10,001378,20.33,20.37,20.43,20.0,4567,9631780.0,2.13,0.94,0.19,1.42
2024-09-11,001378,20.35,20.34,20.58,20.21,4408,9363335.0,1.82,-0.15,-0.03,1.37
2024-09-12,001378,20.34,20.04,20.48,19.97,5696,12018931.6,2.51,-1.47,-0.3,1.77
2024-09-13,001378,20.05,19.37,20.18,19.35,8061,16490609.44,4.14,-3.34,-0.67,2.5
2024-09-18,001378,19.46,19.1,19.46,18.94,4848,9682818.79,2.68,-1.39,-0.27,1.5
2024-09-19,001378,19.32,19.54,19.72,19.17,5799,11790466.34,2.88,2.3,0.44,1.8
2024-09-20,001378,19.63,19.32,19.63,19.17,4272,8646091.16,2.35,-1.13,-0.22,1.33
2024-09-23,001378,19.32,19.38,19.49,19.22,2931,5921169.05,1.4,0.31,0.06,0.91
2024-09-24,001378,19.42,20.05,20.05,19.35,8774,18034522.2,3.61,3.46,0.67,2.72
2024-09-25,001378,20.17,20.15,20.54,20.1,12531,26538622.32,2.19,0.5,0.1,3.89
2024-09-26,001378,20.09,20.65,20.65,20.03,11426,24297469.51,3.08,2.48,0.5,3.55
2024-09-27,001378,21.0,21.75,22.0,20.92,22213,49510210.16,5.23,5.33,1.1,6.89
2024-09-30,001378,22.47,23.78,24.0,22.38,42179,101653879.86,7.45,9.33,2.03,13.09
2024-10-08,001378,26.24,25.25,26.24,24.22,48970,127672217.31,8.49,6.18,1.47,15.2
2024-10-09,001378,25.05,23.33,25.8,23.23,39648,101089184.42,10.18,-7.6,-1.92,12.3
2024-10-10,001378,23.74,23.1,23.94,22.81,21517,51973688.91,4.84,-0.99,-0.23,6.68
2024-10-11,001378,23.01,22.1,23.2,21.95,14356,33472888.85,5.41,-4.33,-1.0,4.45
2024-10-14,001378,22.14,22.51,22.52,21.87,12140,28100099.29,2.94,1.86,0.41,3.77
2024-10-15,001378,22.33,22.18,22.73,22.15,10680,24874171.81,2.58,-1.47,-0.33,3.31
2024-10-16,001378,21.95,22.05,22.51,21.93,8371,19261034.9,2.61,-0.59,-0.13,2.6
2024-10-17,001378,22.09,21.74,22.4,21.71,9408,21537619.2,3.13,-1.41,-0.31,2.92
2024-10-18,001378,21.73,22.25,22.58,21.73,14212,32651381.96,3.91,2.35,0.51,4.41
2024-10-21,001378,22.26,22.43,22.64,22.26,17519,40877414.18,1.71,0.81,0.18,5.44
2024-10-22,001378,22.55,22.66,22.82,22.41,12647,29658817.01,1.83,1.03,0.23,3.92
2024-10-23,001378,22.74,22.81,23.03,22.61,17527,41566071.24,1.85,0.66,0.15,5.44
2024-10-24,001378,22.81,22.74,23.01,22.6,11777,27892958.61,1.8,-0.31,-0.07,3.65
2024-10-25,001378,22.94,22.96,23.02,22.72,13567,32246528.26,1.32,0.97,0.22,4.21
2024-10-28,001378,22.97,23.35,23.47,22.86,14205,34187871.81,2.66,1.7,0.39,4.41
2024-10-29,001378,23.35,22.55,23.45,22.55,18057,42956879.83,3.85,-3.43,-0.8,5.6
2024-10-30,001378,21.7,21.34,21.95,21.25,42250,94284259.38,3.1,-5.37,-1.21,6.49
2024-10-31,001378,21.42,21.42,21.52,21.27,20174,44857702.46,1.17,0.37,0.08,3.1
2024-11-01,001378,21.33,21.03,21.43,20.87,15243,33503782.15,2.61,-1.82,-0.39,2.34
2024-11-04,001378,21.2,22.06,22.42,21.03,30727,69569630.01,6.61,4.9,1.03,4.72
2024-11-05,001378,22.06,22.7,23.22,21.86,30273,70684745.56,6.17,2.9,0.64,4.65
2024-11-06,001378,22.7,22.46,22.89,22.45,23259,54493602.16,1.94,-1.06,-0.24,3.58
2024-11-07,001378,22.6,22.77,22.77,22.36,18711,43885074.78,1.83,1.38,0.31,2.88
2024-11-08,001378,23.03,22.87,23.5,22.75,30233,72366129.65,3.29,0.44,0.1,4.65
2024-11-11,001378,22.87,23.26,23.26,22.81,20932,50076628.46,1.97,1.71,0.39,3.22
2024-11-12,001378,23.32,23.55,24.41,23.24,42256,103586773.98,5.03,1.25,0.29,6.5
2024-11-13,001378,23.51,23.43,23.7,22.95,22688,54819165.39,3.18,-0.51,-0.12,3.49
2024-11-14,001378,23.39,22.88,23.88,22.85,20978,50825421.27,4.4,-2.35,-0.55,3.22
2024-11-15,001378,22.88,22.97,23.65,22.75,19963,47947865.26,3.93,0.39,0.09,3.07
2024-11-18,001378,22.98,22.28,23.19,22.12,17185,40346372.36,4.66,-3.0,-0.69,2.64
2024-11-19,001378,22.31,22.85,22.85,22.3,14881,34889967.15,2.47,2.56,0.57,2.29
2024-11-20,001378,22.88,23.77,23.96,22.79,29882,72710890.03,5.12,4.03,0.92,4.59
2024-11-21,001378,23.83,23.75,24.22,23.43,23825,58834557.41,3.32,-0.08,-0.02,3.66
2024-11-22,001378,23.74,22.9,23.97,22.85,18642,45237089.09,4.72,-3.58,-0.85,2.87
2024-11-25,001378,22.85,23.38,23.38,22.84,13962,33491218.41,2.36,2.1,0.48,2.15
2024-11-26,001378,23.38,23.07,23.55,23.01,13168,31737714.65,2.31,-1.33,-0.31,2.02
2024-11-27,001378,22.96,23.49,23.51,22.55,18911,45314370.65,4.16,1.82,0.42,2.91
2024-11-28,001378,23.49,23.54,23.95,23.36,23136,56730706.03,2.51,0.21,0.05,3.56
2024-11-29,001378,23.43,23.6,23.75,23.4,25570,62507423.87,1.49,0.25,0.06,3.93
2024-12-02,001378,23.72,23.85,23.91,23.56,19418,47774138.19,1.48,1.06,0.25,2.99
2024-12-03,001378,23.88,23.76,24.22,23.7,40019,99423118.42,2.18,-0.38,-0.09,6.15
2024-12-04,001378,23.74,23.1,23.74,23.03,22046,53346157.94,2.99,-2.78,-0.66,3.39
2024-12-05,001378,23.05,23.3,23.32,23.01,13368,32150966.3,1.34,0.87,0.2,2.06
2024-12-06,001378,23.75,24.25,24.8,23.75,59613,149249623.78,4.51,4.08,0.95,9.16
2024-12-09,001378,24.06,23.84,24.25,23.76,29389,73002558.67,2.02,-1.69,-0.41,4.52
2024-12-10,001378,24.36,23.91,24.43,23.88,25320,63239204.46,2.31,0.29,0.07,3.89
2024-12-11,001378,23.94,24.01,24.01,23.82,17517,43419444.22,0.79,0.42,0.1,2.69
2024-12-12,001378,23.89,24.33,24.45,23.85,32141,80701254.43,2.5,1.33,0.32,4.94
2024-12-13,001378,24.35,24.05,24.52,24.02,26900,67622343.79,2.06,-1.15,-0.28,4.14
2024-12-16,001378,24.02,23.91,24.29,23.71,17165,42637062.76,2.41,-0.58,-0.14,2.64
2024-12-17,001378,23.87,22.98,23.94,22.96,18955,45885650.05,4.1,-3.89,-0.93,2.91
2024-12-18,001378,23.08,22.9,23.18,22.71,11154,26561390.0,2.05,-0.35,-0.08,1.71
2024-12-19,001378,22.65,22.75,22.91,22.48,10965,25832645.92,1.88,-0.66,-0.15,1.69
2024-12-20,001378,22.85,23.22,23.45,22.76,11831,28124219.25,3.03,2.07,0.47,1.82
2024-12-23,001378,23.22,22.23,23.23,22.18,14291,33259469.34,4.52,-4.26,-0.99,2.2
2024-12-24,001378,22.34,22.84,22.87,22.06,14698,34004483.12,3.64,2.74,0.61,2.26
2024-12-25,001378,22.8,22.95,23.14,22.29,13774,32124819.5,3.72,0.48,0.11,2.12
2024-12-26,001378,22.91,22.93,23.08,22.77,7585,17914761.18,1.35,-0.09,-0.02,1.17
2024-12-27,001378,22.79,23.23,23.5,22.79,13837,33033472.72,3.1,1.31,0.3,2.13
2024-12-30,001378,23.15,23.14,23.55,22.85,9220,21973433.08,3.01,-0.39,-0.09,1.42
2024-12-31,001378,23.13,22.27,23.3,22.23,12873,29987779.94,4.62,-3.76,-0.87,1.98
2025-01-02,001378,22.28,23.66,24.56,22.14,88386,217919294.68,10.87,6.24,1.39,13.59
2025-01-03,001378,23.17,21.23,23.24,21.23,59587,135198548.71,8.5,-10.27,-2.43,9.16
2025-01-06,001378,20.64,20.8,21.31,20.05,20868,44633628.96,5.93,-2.03,-0.43,3.21
2025-01-07,001378,20.8,20.8,20.95,20.36,14450,30785086.5,2.84,0.0,0.0,2.22
2025-01-08,001378,20.75,20.9,21.13,20.36,13801,29564948.77,3.7,0.48,0.1,2.12
2025-01-09,001378,20.85,20.81,21.14,20.77,10822,23383635.0,1.77,-0.43,-0.09,1.66
2025-01-10,001378,20.82,20.3,21.13,20.3,14199,30344752.48,3.99,-2.45,-0.51,2.18
2025-01-13,001378,20.3,20.27,20.34,19.86,7196,14947223.68,2.36,-0.15,-0.03,1.11
2025-01-14,001378,20.5,20.86,20.89,20.28,14749,31451978.12,3.01,2.91,0.59,2.27
2025-01-15,001378,20.9,20.65,20.93,20.62,9002,19246323.26,1.49,-1.01,-0.21,1.38
2025-01-16,001378,20.68,20.76,20.95,20.6,10354,22176739.0,1.69,0.53,0.11,1.59
2025-01-17,001378,20.7,20.85,20.93,20.61,8616,18494388.0,1.54,0.43,0.09,1.32
2025-01-20,001378,20.85,21.19,21.23,20.78,11398,24701292.0,2.16,1.63,0.34,1.75
2025-01-21,001378,21.2,21.02,21.29,20.94,9164,19857699.3,1.65,-0.8,-0.17,1.41
2025-01-22,001378,21.1,21.03,21.34,20.9,9696,21129876.95,2.09,0.05,0.01,1.49
2025-01-23,001378,21.22,20.81,21.29,20.81,11009,23942796.0,2.28,-1.05,-0.22,1.69
2025-01-24,001378,20.85,20.92,20.98,20.64,7697,16536146.87,1.63,0.53,0.11,1.18
2025-01-27,001378,20.9,20.95,21.27,20.9,8826,19180385.85,1.77,0.14,0.03,1.36
2025-02-05,001378,21.19,21.15,21.19,20.98,6076,13219763.0,1.0,0.95,0.2,0.93
2025-02-06,001378,21.23,21.35,21.37,21.05,11739,25715342.57,1.51,0.95,0.2,1.8
2025-02-07,001378,21.42,21.53,21.65,21.28,15701,34777124.7,1.73,0.84,0.18,2.41
2025-02-10,001378,21.51,21.76,21.8,21.45,10150,22564824.0,1.63,1.07,0.23,1.56
2025-02-11,001378,21.77,21.8,22.14,21.5,18886,42374742.72,2.94,0.18,0.04,2.9
2025-02-12,001378,21.71,21.73,21.86,21.49,9777,21805931.0,1.7,-0.32,-0.07,1.5
2025-02-13,001378,21.73,21.44,21.78,21.44,9891,21990306.0,1.56,-1.33,-0.29,1.52
2025-02-14,001378,21.47,21.54,21.58,21.43,8172,18117807.0,0.7,0.47,0.1,1.26
2025-02-17,001378,21.54,21.62,21.74,21.5,9828,21868907.43,1.11,0.37,0.08,1.51
2025-02-18,001378,21.62,21.61,22.02,21.52,14554,32523707.21,2.31,-0.05,-0.01,2.24
2025-02-19,001378,21.63,22.05,22.08,21.56,15339,34491614.5,2.41,2.04,0.44,2.36
2025-02-20,001378,22.1,22.04,22.23,21.91,11265,25591240.0,1.45,-0.05,-0.01,1.73
2025-02-21,001378,22.04,22.05,22.18,21.84,13334,30217207.0,1.54,0.05,0.01,2.05
2025-02-24,001378,22.05,22.34,22.53,21.9,17306,39555255.44,2.86,1.32,0.29,2.66
2025-02-25,001378,22.31,22.09,22.31,22.07,10619,24242193.0,1.07,-1.12,-0.25,1.63
2025-02-26,001378,22.76,23.35,24.36,22.76,119743,295600490.65,7.24,5.7,1.26,18.41
2025-02-27,001378,22.85,22.23,23.04,22.01,87224,201367982.74,4.41,-4.8,-1.12,13.41
2025-02-28,001378,22.08,21.66,22.17,21.59,33309,74957715.11,2.61,-2.56,-0.57,5.12
2025-03-03,001378,21.63,21.66,21.82,21.6,20094,44952190.58,1.02,0.0,0.0,3.09
2025-03-04,001378,21.53,21.79,21.79,21.44,12693,28300274.78,1.62,0.6,0.13,1.95
2025-03-05,001378,21.71,21.68,21.77,21.48,11773,26176693.08,1.33,-0.5,-0.11,1.81
2025-03-06,001378,21.75,21.84,21.92,21.69,16643,37405853.11,1.06,0.74,0.16,2.56
2025-03-07,001378,21.8,21.72,21.93,21.65,15492,34758427.13,1.28,-0.55,-0.12,2.38
2025-03-10,001378,21.76,21.89,21.93,21.72,12959,29158778.12,0.97,0.78,0.17,1.99
2025-03-11,001378,21.75,21.92,21.92,21.63,13114,29382062.77,1.32,0.14,0.03,2.02
2025-03-12,001378,21.92,22.01,22.1,21.89,13985,31641562.0,0.96,0.41,0.09,2.15
2025-03-13,001378,22.0,21.87,22.09,21.62,13099,29441654.19,2.14,-0.64,-0.14,2.01
2025-03-14,001378,21.8,22.08,22.12,21.71,16992,38453447.76,1.87,0.96,0.21,2.61
2025-03-17,001378,22.19,22.25,22.28,22.05,15865,36231329.32,1.04,0.77,0.17,2.44
2025-03-18,001378,22.2,22.34,22.37,22.2,13495,30955998.4,0.76,0.4,0.09,2.07
2025-03-19,001378,22.32,22.23,22.39,22.11,12812,29331893.0,1.25,-0.49,-0.11,1.97
2025-03-20,001378,22.25,22.21,22.37,22.15,11687,26774830.84,0.99,-0.09,-0.02,1.8
2025-03-21,001378,22.16,21.97,22.26,21.85,14534,32957034.57,1.85,-1.08,-0.24,2.23
2025-03-24,001378,21.87,21.52,22.01,21.28,16745,37267414.69,3.32,-2.05,-0.45,2.57
2025-03-25,001378,21.62,21.72,21.85,21.44,10720,23923982.02,1.91,0.93,0.2,1.65
2025-03-26,001378,21.7,22.11,22.12,21.68,13997,31687219.92,2.03,1.8,0.39,2.15
2025-03-27,001378,22.1,22.09,22.18,21.77,11835,26822709.7,1.85,-0.09,-0.02,1.82
2025-03-28,001378,22.05,21.65,22.21,21.61,15130,34010072.64,2.72,-1.99,-0.44,2.33
2025-03-31,001378,21.73,21.24,21.75,21.02,14122,30993904.14,3.37,-1.89,-0.41,2.17
2025-04-01,001378,21.36,21.72,21.82,21.26,14131,31531882.21,2.64,2.26,0.48,2.17
2025-04-02,001378,21.73,21.98,22.33,21.59,15304,34632302.0,3.41,1.2,0.26,2.35
2025-04-03,001378,21.85,21.64,21.98,21.5,15168,33946112.9,2.18,-1.55,-0.34,2.33
2025-04-07,001378,20.55,19.41,20.95,19.41,22451,45896742.0,7.12,-10.3,-2.23,3.45
2025-04-08,001378,19.41,19.17,19.59,18.85,18972,37610630.75,3.81,-1.24,-0.24,2.92
2025-04-09,001378,18.95,19.35,19.53,18.25,15614,30545804.25,6.68,0.94,0.18,2.4
2025-04-10,001378,19.7,19.7,20.23,19.5,16403,33577607.5,3.77,1.81,0.35,2.52
2025-04-11,001378,19.67,19.79,19.97,19.6,12061,24659883.0,1.88,0.46,0.09,1.85
2025-04-14,001378,20.04,19.93,20.1,19.91,9198,18997426.72,0.96,0.71,0.14,1.41
2025-04-15,001378,19.95,20.04,20.07,19.9,9454,19516885.56,0.85,0.55,0.11,1.45
2025-04-16,001378,20.02,19.82,20.05,19.55,8344,17068712.0,2.5,-1.1,-0.22,1.28
2025-04-17,001378,19.81,20.16,20.51,19.65,13050,27182473.0,4.34,1.72,0.34,2.01
2025-04-18,001378,20.05,20.45,20.64,19.9,13771,28765106.9,3.67,1.44,0.29,2.12
2025-04-21,001378,20.46,20.4,20.5,20.29,9801,20656503.0,1.03,-0.24,-0.05,1.51
2025-04-22,001378,20.47,20.37,20.55,20.22,9869,20744984.0,1.62,-0.15,-0.03,1.52
2025-04-23,001378,20.35,20.55,20.56,20.35,10268,21713119.46,1.03,0.88,0.18,1.58
2025-04-24,001378,20.68,20.42,20.68,20.29,8140,17215276.6,1.9,-0.63,-0.13,1.25
2025-04-25,001378,20.37,20.55,20.67,20.37,7718,16361087.0,1.47,0.64,0.13,1.19
2025-04-28,001378,20.45,20.1,20.61,20.07,7966,16623034.0,2.63,-2.19,-0.45,1.22
2025-04-29,001378,20.04,20.46,20.53,20.04,8717,18371472.8,2.44,1.79,0.36,1.34
2025-04-30,001378,20.58,20.43,20.62,20.4,8940,18899499.0,1.08,-0.15,-0.03,1.32
2025-05-06,001378,20.71,20.87,20.87,20.53,10112,21606579.0,1.66,2.15,0.44,1.49
2025-05-07,001378,21.17,20.91,21.17,20.84,9709,20975216.0,1.58,0.19,0.04,1.43
2025-05-08,001378,20.83,21.25,21.26,20.81,10360,22530519.0,2.15,1.63,0.34,1.53
2025-05-09,001378,21.2,21.17,21.33,21.12,8670,18937530.0,0.99,-0.38,-0.08,1.28
2025-05-12,001378,21.22,21.28,21.34,21.11,6721,14724684.0,1.09,0.52,0.11,0.99
2025-05-13,001378,21.4,21.16,21.53,21.14,6582,14418614.85,1.83,-0.56,-0.12,0.97
2025-05-14,001378,21.14,21.07,21.21,21.0,10185,22127544.0,0.99,-0.43,-0.09,1.5
2025-05-15,001378,20.99,21.03,21.14,20.93,8254,17889325.0,1.0,-0.19,-0.04,1.22
2025-05-16,001378,21.05,21.25,21.3,21.0,7785,17018047.0,1.43,1.05,0.22,1.15
2025-05-19,001378,21.25,21.31,21.33,21.11,6773,14822962.99,1.04,0.28,0.06,1.0
2025-05-20,001378,21.45,21.66,22.03,21.3,24942,55862934.78,3.43,1.64,0.35,3.67
2025-05-21,001378,21.77,21.58,21.82,21.51,8792,19579462.0,1.43,-0.37,-0.08,1.3
2025-05-22,001378,21.58,21.21,21.74,21.2,9661,21328851.95,2.5,-1.71,-0.37,1.42
2025-05-23,001378,21.32,21.2,21.57,21.18,8759,19300884.9,1.84,-0.05,-0.01,1.29
2025-05-26,001378,21.18,21.11,21.49,21.04,9617,21064089.53,2.12,-0.42,-0.09,1.42
2025-05-27,001378,21.1,21.29,21.31,20.83,10977,23845942.21,2.27,0.85,0.18,1.62
2025-05-28,001378,21.28,20.97,21.35,20.92,8446,18349856.46,2.02,-1.5,-0.32,1.24
2025-05-29,001378,21.0,21.24,21.29,20.93,9954,21739023.57,1.72,1.29,0.27,1.47
2025-05-30,001378,21.13,20.94,21.29,20.9,7832,16960074.0,1.84,-1.41,-0.3,1.15
2025-06-03,001378,20.91,21.09,21.19,20.84,7020,15248500.0,1.67,0.72,0.15,1.03
2025-06-04,001378,21.2,21.32,21.32,21.05,5386,11779453.1,1.28,1.09,0.23,0.79
2025-06-05,001378,21.35,21.36,21.42,21.27,7033,15470140.0,0.7,0.19,0.04,1.04
2025-06-06,001378,21.31,21.54,21.79,21.31,12245,27140923.0,2.25,0.84,0.18,1.8
2025-06-09,001378,21.63,21.68,21.72,21.51,9780,21777973.0,0.97,0.65,0.14,1.44
2025-06-10,001378,21.74,21.51,21.79,21.38,11495,25605377.0,1.89,-0.78,-0.17,1.69
2025-06-11,001378,21.56,21.73,21.79,21.5,10808,24172899.0,1.35,1.02,0.22,1.59
2025-06-12,001378,21.69,21.84,21.86,21.66,10842,24333949.88,0.92,0.51,0.11,1.6
2025-06-13,001378,21.91,21.54,21.98,21.47,13625,29876093.5,2.34,-1.37,-0.3,2.01
2025-06-16,001378,21.6,21.74,21.8,21.53,11443,25097287.0,1.25,0.93,0.2,1.69
2025-06-17,001378,21.75,21.67,21.8,21.55,9872,21550013.05,1.15,-0.32,-0.07,1.45
2025-06-18,001378,21.85,21.43,21.85,21.35,14297,31072593.27,2.31,-1.11,-0.24,2.11
2025-06-19,001378,21.32,21.15,21.59,21.08,10368,22299353.09,2.38,-1.31,-0.28,1.53
2025-06-20,001378,21.15,21.04,21.46,21.02,8292,17742200.79,2.08,-0.52,-0.11,1.22
2025-06-23,001378,20.92,21.28,21.31,20.82,8510,18193353.0,2.33,1.14,0.24,1.25
2025-06-24,001378,21.33,21.72,21.73,21.28,10222,22294870.12,2.11,2.07,0.44,1.51
2025-06-25,001378,21.72,21.79,21.9,21.61,11796,25893316.2,1.34,0.32,0.07,1.74
2025-06-26,001378,21.8,21.68,21.92,21.67,9150,20128738.6,1.15,-0.5,-0.11,1.35
2025-06-27,001378,21.77,21.88,21.89,21.75,7368,16227970.0,0.65,0.92,0.2,1.09
2025-06-30,001378,21.88,21.97,21.97,21.76,10653,23557826.0,0.96,0.41,0.09,1.62
2025-07-01,001378,22.05,21.97,22.13,21.82,8263,18314811.5,1.41,0.0,0.0,1.26
2025-07-02,001378,22.18,21.99,22.18,21.85,10450,23155518.0,1.5,0.09,0.02,1.59
2025-07-03,001378,21.99,22.05,22.13,21.95,10786,24004932.0,0.82,0.27,0.06,1.64
2025-07-04,001378,22.0,21.84,22.14,21.79,9455,20895794.4,1.59,-0.95,-0.21,1.44
2025-07-07,001378,21.84,22.11,22.12,21.84,13199,29333725.25,1.28,1.24,0.27,2.01
2025-07-08,001378,22.16,22.35,22.42,22.08,16905,38025175.55,1.54,1.09,0.24,2.57
2025-07-09,001378,22.28,22.36,22.48,22.28,10757,24302958.7,0.89,0.04,0.01,1.64
2025-07-10,001378,22.36,22.47,22.59,22.3,11031,24991956.22,1.3,0.49,0.11,1.68
2025-07-11,001378,22.41,22.35,22.57,22.23,10266,23169490.0,1.51,-0.53,-0.12,1.56
2025-07-14,001378,22.41,22.65,22.74,22.41,15992,36392477.0,1.48,1.34,0.3,2.43
2025-07-15,001378,22.65,22.37,22.71,22.25,12480,28252111.17,2.03,-1.24,-0.28,1.9
2025-07-16,001378,22.38,22.72,22.88,22.34,17640,40298552.87,2.41,1.56,0.35,2.68
2025-07-17,001378,22.71,22.66,22.76,22.56,9592,21923629.95,0.88,-0.26,-0.06,1.46
2025-07-18,001378,22.68,22.76,22.8,22.63,7974,18286277.0,0.75,0.44,0.1,1.21
2025-07-21,001378,22.89,23.09,23.23,22.8,15747,36546683.4,1.89,1.45,0.33,2.39
2025-07-22,001378,23.08,22.95,23.11,22.85,10186,23583185.0,1.13,-0.61,-0.14,1.55
2025-07-23,001378,22.9,22.77,22.99,22.75,10706,24704629.0,1.05,-0.78,-0.18,1.63
2025-07-24,001378,22.87,23.03,23.11,22.84,11330,26278839.44,1.19,1.14,0.26,1.72
2025-07-25,001378,23.1,23.02,23.1,22.93,7572,17558632.5,0.74,-0.04,-0.01,1.15
2025-07-28,001378,23.02,23.18,23.23,22.9,11526,26846679.0,1.43,0.7,0.16,1.75
2025-07-29,001378,23.23,23.02,23.28,22.87,12398,28819519.0,1.77,-0.69,-0.16,1.89
2025-07-30,001378,23.1,22.97,23.25,22.86,13783,32010093.86,1.69,-0.22,-0.05,2.1
2025-07-31,001378,23.15,22.64,23.15,22.58,16918,39009835.57,2.48,-1.44,-0.33,2.57
2025-08-01,001378,22.64,23.01,23.01,22.64,15828,36552263.0,1.63,1.63,0.37,2.41
2025-08-04,001378,22.84,23.2,23.2,22.74,11070,25707172.52,2.0,0.83,0.19,1.68
2025-08-05,001378,23.21,23.19,23.32,23.14,9070,21232129.44,0.78,-0.04,-0.01,1.38
2025-08-06,001378,23.26,23.36,23.36,23.18,12256,28778619.45,0.78,0.73,0.17,1.86
2025-08-07,001378,23.36,23.19,23.4,23.16,10181,23880904.96,1.03,-0.73,-0.17,1.55
2025-08-08,001378,23.24,23.31,23.32,23.0,9567,22356045.0,1.38,0.52,0.12,1.45
2025-08-11,001378,23.27,23.52,23.6,23.13,12258,28989788.0,2.02,0.9,0.21,1.86
2025-08-12,001378,23.52,23.51,23.65,23.41,10735,25468281.0,1.02,-0.04,-0.01,1.63
2025-08-13,001378,23.58,23.47,23.76,23.45,13361,31757305.55,1.32,-0.17,-0.04,2.03
2025-08-14,001378,23.6,23.05,23.61,23.01,15249,35744876.56,2.56,-1.79,-0.42,2.32
2025-08-15,001378,22.98,23.13,23.35,22.97,16758,39250950.43,1.65,0.35,0.08,2.55
2025-08-18,001378,23.11,22.84,23.22,22.81,32388,74772194.97,1.77,-1.25,-0.29,4.93
2025-08-19,001378,22.81,22.93,23.02,22.63,23467,54040282.78,1.71,0.39,0.09,3.57
2025-08-20,001378,22.91,23.04,23.04,22.82,16044,37139743.37,0.96,0.48,0.11,2.44
2025-08-21,001378,23.11,23.07,23.19,23.0,16044,37367601.34,0.82,0.13,0.03,2.44
2025-08-22,001378,23.07,22.92,23.16,22.85,16201,37485532.43,1.34,-0.65,-0.15,2.46
2025-08-25,001378,22.93,22.93,23.0,22.85,21491,49689933.0,0.65,0.04,0.01,3.27
2025-08-26,001378,22.94,23.1,23.12,22.84,20563,47766002.97,1.22,0.74,0.17,3.13
2025-08-27,001378,23.16,22.65,23.16,22.5,26566,61209625.25,2.86,-1.95,-0.45,4.04
2025-08-28,001378,22.62,22.61,22.79,21.97,24751,56093605.23,3.62,-0.18,-0.04,3.76
2025-08-29,001378,22.5,22.35,22.71,22.35,14946,33878593.97,1.59,-1.15,-0.26,2.27
2025-09-01,001378,22.34,22.47,22.56,22.22,12878,29123131.34,1.52,0.54,0.12,1.96
2025-09-02,001378,22.41,22.31,22.74,22.11,14771,33217532.76,2.8,-0.71,-0.16,2.25
2025-09-03,001378,22.31,22.03,22.46,21.99,12841,28669209.02,2.11,-1.26,-0.28,1.95
2025-09-04,001378,22.03,22.2,22.35,22.03,13046,29246036.92,1.45,0.77,0.17,1.98
2025-09-05,001378,22.18,22.44,22.48,22.15,13160,29737124.0,1.49,1.08,0.24,2.0
2025-09-08,001378,22.52,22.83,22.85,22.46,16887,38728986.0,1.74,1.74,0.39,2.57
2025-09-09,001378,23.23,22.77,23.23,22.65,14892,34293815.0,2.54,-0.26,-0.06,2.26
2025-09-10,001378,22.77,22.73,22.79,22.57,9616,21995133.2,0.97,-0.18,-0.04,1.46
2025-09-11,001378,22.73,22.79,22.84,22.48,9635,22060127.49,1.58,0.26,0.06,1.47
2025-09-12,001378,22.9,22.72,22.9,22.61,10523,24123621.0,1.27,-0.31,-0.07,1.6
2025-09-15,001378,22.69,22.59,22.82,22.48,9320,21224093.68,1.5,-0.57,-0.13,1.42
2025-09-16,001378,22.49,22.71,22.73,22.41,11390,25974601.8,1.42,0.53,0.12,1.73
2025-09-17,001378,22.7,22.56,22.74,22.53,8752,19988587.46,0.92,-0.66,-0.15,1.33
2025-09-18,001378,22.56,22.15,22.62,22.1,14963,33776460.06,2.3,-1.82,-0.41,2.28
2025-09-19,001378,22.16,22.24,22.27,22.05,10017,22399688.88,0.99,0.41,0.09,1.52
2025-09-22,001378,22.26,22.08,22.38,21.91,10707,23820906.0,2.11,-0.72,-0.16,1.63
2025-09-23,001378,22.13,22.14,22.24,21.82,17055,37755661.34,1.9,0.27,0.06,2.59
2025-09-24,001378,22.08,22.3,22.32,22.0,10618,23828223.0,1.45,0.72,0.16,1.61
2025-09-25,001378,22.33,22.09,22.37,22.01,7835,17537241.01,1.61,-0.94,-0.21,1.19
2025-09-26,001378,21.99,22.11,22.22,21.92,5601,12479537.0,1.36,0.09,0.02,0.85
2025-09-29,001378,22.31,22.16,22.31,21.9,9235,20649092.86,1.85,0.23,0.05,1.4
2025-09-30,001378,22.2,22.09,22.21,22.09,7171,16013332.78,0.54,-0.32,-0.07,1.09
2025-10-09,001378,22.15,22.2,22.22,21.99,7492,16739607.65,1.04,0.5,0.11,1.14
2025-10-10,001378,22.22,22.24,22.3,22.1,8379,18806282.68,0.9,0.18,0.04,1.27
2025-10-13,001378,21.79,22.19,22.28,21.75,12026,26810709.0,2.38,-0.22,-0.05,1.83
2025-10-14,001378,22.41,22.23,22.41,22.16,11705,26305080.8,1.13,0.18,0.04,1.78
2025-10-15,001378,22.24,22.39,22.41,22.23,8564,19311339.37,0.81,0.72,0.16,1.3
2025-10-16,001378,22.36,22.47,22.56,22.28,10795,24451048.0,1.25,0.36,0.08,1.64
2025-10-17,001378,22.47,22.21,22.49,22.17,9834,22154579.59,1.42,-1.16,-0.26,1.5
2025-10-20,001378,22.35,22.61,22.61,22.21,9181,20796200.2,1.8,1.8,0.4,1.4
2025-10-21,001378,22.52,22.72,22.76,22.52,13096,29975207.0,1.06,0.49,0.11,1.99
2025-10-22,001378,22.7,22.73,22.87,22.58,10816,24840175.0,1.28,0.04,0.01,1.64
2025-10-23,001378,22.78,22.85,22.86,22.58,13811,31685797.0,1.23,0.53,0.12,2.1
2025-10-24,001378,22.88,22.85,22.96,22.76,9891,22805267.0,0.88,0.0,0.0,1.5
2025-10-27,001378,22.95,22.81,22.95,22.72,12338,28383108.0,1.01,-0.18,-0.04,1.88
2025-10-28,001378,22.85,22.94,23.13,22.69,14684,34039866.96,1.93,0.57,0.13,2.23
2025-10-29,001378,23.06,22.92,23.1,22.77,14047,32490085.22,1.44,-0.09,-0.02,2.14
2025-10-30,001378,22.96,22.58,22.96,22.58,10491,24051460.0,1.66,-1.48,-0.34,1.6
2025-10-31,001378,22.7,22.81,22.89,22.52,10691,24600282.49,1.64,1.02,0.23,1.63
2025-11-03,001378,22.89,22.97,22.99,22.73,10960,25314913.88,1.14,0.7,0.16,1.67
2025-11-04,001378,23.01,23.05,23.08,22.88,10987,25468733.49,0.87,0.35,0.08,1.67
2025-11-05,001378,22.93,23.08,23.14,22.89,12977,30167020.02,1.08,0.13,0.03,1.97
2025-11-06,001378,23.13,23.2,23.27,23.01,16022,37408504.94,1.13,0.52,0.12,2.44
2025-11-07,001378,23.19,23.5,23.56,23.1,19389,45783967.75,1.98,1.29,0.3,2.95
2025-11-10,001378,23.6,23.52,23.67,23.38,15608,36973758.9,1.23,0.09,0.02,2.37
2025-11-11,001378,23.55,23.68,23.81,23.53,17332,41422790.86,1.19,0.68,0.16,2.64
2025-11-12,001378,23.73,23.61,23.75,23.46,15649,37188621.0,1.22,-0.3,-0.07,2.38
2025-11-13,001378,23.61,23.54,23.63,23.42,11461,27221613.06,0.89,-0.3,-0.07,1.74
2025-11-14,001378,23.55,23.64,23.89,23.5,16390,39219268.92,1.66,0.42,0.1,2.49
2025-11-17,001378,23.85,23.58,23.96,23.45,11467,27286901.2,2.16,-0.25,-0.06,1.74
2025-11-18,001378,23.57,23.24,23.58,23.15,13917,32686764.0,1.82,-1.44,-0.34,2.12
2025-11-19,001378,23.3,22.98,23.46,22.89,12751,29643125.44,2.45,-1.12,-0.26,1.94
2025-11-20,001378,23.13,23.09,23.25,22.89,9809,22817606.7,1.57,0.48,0.11,1.49
2025-11-21,001378,22.8,21.9,22.92,21.82,22200,49669024.2,4.76,-5.15,-1.19,3.38
2025-11-24,001378,22.0,22.15,22.33,21.91,13866,30940309.0,1.92,1.14,0.25,2.11
2025-11-25,001378,22.28,22.33,22.67,22.15,11128,25221209.93,2.35,0.81,0.18,1.69
2025-11-26,001378,22.29,22.21,22.58,22.18,9682,21820211.16,1.79,-0.54,-0.12,1.47
2025-11-27,001378,22.27,22.41,22.52,22.2,9078,20512293.53,1.44,0.9,0.2,1.38
2025-11-28,001378,22.48,22.57,22.64,22.31,7882,17915508.46,1.47,0.71,0.16,1.2
2025-12-01,001378,22.65,23.21,24.1,22.55,42649,100678526.47,6.87,2.84,0.64,6.49
2025-12-02,001378,23.3,23.19,23.41,22.96,21066,49191066.0,1.94,-0.09,-0.02,3.2
2025-12-03,001378,23.16,23.1,23.25,22.98,12531,29174781.96,1.16,-0.39,-0.09,1.91
2025-12-04,001378,23.05,22.9,23.17,22.77,11837,27390161.0,1.73,-0.87,-0.2,1.8
2025-12-05,001378,22.9,23.0,23.11,22.73,11578,26822958.72,1.66,0.44,0.1,1.76
2025-12-08,001378,23.04,23.12,23.19,22.93,13673,31854924.36,1.13,0.52,0.12,2.08
2025-12-09,001378,23.08,23.11,23.41,22.95,12912,30169705.0,1.99,-0.04,-0.01,1.96
2025-12-10,001378,23.11,22.96,23.19,22.86,11772,27292546.0,1.43,-0.65,-0.15,1.79
2025-12-11,001378,23.01,22.53,23.05,22.51,10702,24524111.0,2.35,-1.87,-0.43,1.63
2025-12-12,001378,22.58,22.33,22.73,22.33,8617,19557194.77,1.78,-0.89,-0.2,1.31
2025-12-15,001378,22.35,22.38,22.45,22.16,7943,17899519.5,1.3,0.22,0.05,1.21
2025-12-16,001378,22.26,22.06,22.32,21.97,12437,27708060.0,1.56,-1.43,-0.32,1.89
2025-12-17,001378,21.94,21.83,22.29,21.51,15345,33706049.7,3.54,-1.04,-0.23,2.33
2025-12-18,001378,21.81,21.9,22.13,21.68,10346,22982306.76,2.06,0.32,0.07,1.57
2025-12-19,001378,22.14,22.33,22.39,21.93,10936,24326149.49,2.1,1.96,0.43,1.66
2025-12-22,001378,22.35,22.58,22.68,22.32,10165,22948360.84,1.61,1.12,0.25,1.55
2025-12-23,001378,22.5,22.71,22.75,22.46,9171,20772761.0,1.28,0.58,0.13,1.39
2025-12-24,001378,22.71,22.98,23.0,22.52,9852,22545748.29,2.11,1.19,0.27,1.5
2025-12-25,001378,22.99,23.1,23.2,22.92,10245,23706710.68,1.22,0.52,0.12,1.56
2025-12-26,001378,23.2,23.49,23.91,23.05,31091,73356017.23,3.72,1.69,0.39,4.73
2025-12-29,001378,23.58,23.81,23.83,23.34,18383,43428835.02,2.09,1.36,0.32,2.8
2025-12-30,001378,23.81,23.4,23.81,23.32,15728,36926046.62,2.06,-1.72,-0.41,2.39
2025-12-31,001378,23.4,23.58,23.75,23.19,16445,38630707.88,2.39,0.77,0.18,2.5
2026-01-05,001378,23.6,23.44,23.68,23.25,13244,31086037.67,1.82,-0.59,-0.14,2.01
2026-01-06,001378,23.4,23.47,23.83,23.4,13413,31614540.33,1.83,0.13,0.03,2.04
2026-01-07,001378,23.6,23.68,23.75,23.21,16524,38987233.12,2.3,0.89,0.21,2.51
2026-01-08,001378,23.68,23.57,23.87,23.41,15058,35446545.65,1.94,-0.46,-0.11,2.29
2026-01-09,001378,23.57,23.69,23.69,23.33,17227,40483671.4,1.53,0.51,0.12,2.62
2026-01-12,001378,23.79,24.07,24.07,23.6,25182,60171515.92,1.98,1.6,0.38,3.83
2026-01-13,001378,24.06,24.06,24.45,23.99,25926,62753652.36,1.91,-0.04,-0.01,3.94
2026-01-14,001378,24.01,23.95,24.37,23.7,28782,69328936.84,2.78,-0.46,-0.11,4.38
2026-01-15,001378,23.95,24.44,24.63,23.81,30502,74247095.4,3.42,2.05,0.49,4.64
2026-01-16,001378,24.38,24.16,24.57,24.01,20006,48403759.0,2.29,-1.15,-0.28,3.04
2026-01-19,001378,24.08,24.95,25.05,24.08,35557,88199818.22,4.01,3.27,0.79,5.41
2026-01-20,001378,24.88,24.69,24.88,24.57,20692,51074906.12,1.24,-1.04,-0.26,3.15
2026-01-21,001378,24.55,24.86,24.89,24.51,15880,39232271.24,1.54,0.69,0.17,2.41
2026-01-22,001378,24.83,25.01,25.36,24.8,25097,62902372.42,2.25,0.6,0.15,3.82
2026-01-23,001378,25.05,24.93,25.1,24.81,16640,41465525.5,1.16,-0.32,-0.08,2.53
2026-01-26,001378,24.86,24.88,25.05,24.68,15348,38095966.08,1.48,-0.2,-0.05,2.33
2026-01-27,001378,24.86,24.64,24.95,24.05,15870,38954481.4,3.62,-0.96,-0.24,2.41
2026-01-28,001378,24.59,24.47,24.82,24.4,13120,32251127.0,1.7,-0.69,-0.17,2.0
2026-01-29,001378,24.4,24.27,24.66,24.0,17823,43431539.12,2.7,-0.82,-0.2,2.71
2026-01-30,001378,24.35,24.79,24.86,24.15,21028,51611171.88,2.93,2.14,0.52,3.2
2026-02-02,001378,24.68,24.14,24.87,24.14,14757,36193799.0,2.94,-2.62,-0.65,2.24
2026-02-03,001378,24.4,24.91,24.92,24.31,20528,50693621.14,2.53,3.19,0.77,3.12
2026-02-04,001378,24.91,24.92,25.08,24.74,13469,33536734.79,1.36,0.04,0.01,2.05
2026-02-05,001378,24.91,24.79,25.17,24.75,14423,35957257.26,1.69,-0.52,-0.13,2.19
2026-02-06,001378,24.68,24.95,25.26,24.53,21735,54461226.35,2.94,0.65,0.16,3.31
2026-02-09,001378,25.09,25.17,25.27,24.97,16855,42278531.0,1.2,0.88,0.22,2.58
2026-02-10,001378,25.23,24.9,25.39,24.89,14892,37441088.99,1.99,-1.07,-0.27,2.31
2026-02-11,001378,24.9,25.04,25.24,24.79,16690,41803292.99,1.81,0.56,0.14,2.59
2026-02-12,001378,25.07,24.94,25.07,24.67,14765,36828268.12,1.6,-0.4,-0.1,2.29
2026-02-13,001378,24.99,24.73,25.02,24.71,15234,37949579.5,1.24,-0.84,-0.21,2.36
