日期,股票代码,开盘,收盘,最高,最低,成交量,成交额,振幅,涨跌幅,涨跌额,换手率
2023-02-23,002969,4.21,4.17,4.24,4.15,73178,32928525.31,2.14,-0.95,-0.04,1.38
2023-02-24,002969,4.18,4.13,4.21,4.1,57226,25550607.0,2.64,-0.96,-0.04,1.08
2023-02-27,002969,4.14,4.06,4.15,4.05,60808,26768144.0,2.42,-1.69,-0.07,1.15
2023-02-28,002969,4.06,4.08,4.09,4.01,47993,20988601.0,1.97,0.49,0.02,0.9
2023-03-01,002969,4.08,4.1,4.1,4.03,49024,21539800.0,1.72,0.49,0.02,0.92
2023-03-02,002969,4.1,4.04,4.11,4.03,62118,27222987.0,1.95,-1.46,-0.06,1.17
2023-03-03,002969,4.04,4.0,4.05,3.98,57081,24688054.0,1.73,-0.99,-0.04,1.08
2023-03-06,002969,4.01,3.96,4.02,3.93,61196,26164578.0,2.25,-1.0,-0.04,1.15
2023-03-07,002969,3.96,3.88,3.96,3.87,69010,29199206.0,2.27,-2.02,-0.08,1.3
2023-03-08,002969,3.86,3.91,3.92,3.85,41367,17430279.0,1.8,0.77,0.03,0.78
2023-03-09,002969,3.93,3.92,3.93,3.87,50582,21347013.0,1.53,0.26,0.01,0.95
2023-03-10,002969,3.89,3.86,3.91,3.84,53328,22339505.0,1.79,-1.53,-0.06,1.01
2023-03-13,002969,3.86,3.81,3.86,3.78,52178,21531188.0,2.07,-1.3,-0.05,0.98
2023-03-14,002969,3.84,3.77,3.85,3.72,55908,22916613.32,3.41,-1.05,-0.04,1.06
2023-03-15,002969,3.79,3.84,3.87,3.79,53319,22142859.0,2.12,1.86,0.07,1.01
2023-03-16,002969,3.82,3.77,3.85,3.75,47031,19322458.0,2.6,-1.82,-0.07,0.89
2023-03-17,002969,3.79,3.8,3.83,3.77,45843,18862279.0,1.59,0.8,0.03,0.87
2023-03-20,002969,3.79,3.78,3.82,3.76,50316,20667337.0,1.58,-0.53,-0.02,0.95
2023-03-21,002969,3.78,3.84,3.85,3.75,48809,20124596.0,2.65,1.59,0.06,0.92
2023-03-22,002969,3.86,3.92,3.92,3.83,77586,32701760.0,2.34,2.08,0.08,1.47
2023-03-23,002969,3.89,3.92,3.98,3.89,75743,32240722.0,2.3,0.0,0.0,1.43
2023-03-24,002969,3.93,3.89,3.93,3.88,48254,20345829.0,1.28,-0.77,-0.03,0.91
2023-03-27,002969,3.9,3.81,3.91,3.78,69529,28802209.0,3.34,-2.06,-0.08,1.32
2023-03-28,002969,3.81,3.79,3.83,3.78,55713,22961186.0,1.31,-0.52,-0.02,1.05
2023-03-29,002969,3.79,3.72,3.79,3.72,59197,24077187.0,1.85,-1.85,-0.07,1.12
2023-03-30,002969,3.74,3.68,3.74,3.65,56252,22535196.01,2.42,-1.08,-0.04,1.06
2023-03-31,002969,3.68,3.71,3.72,3.67,37256,14956928.0,1.36,0.82,0.03,0.7
2023-04-03,002969,3.72,3.68,3.72,3.67,64350,25776384.0,1.35,-0.81,-0.03,1.22
2023-04-04,002969,3.68,3.61,3.69,3.59,81469,32093367.04,2.72,-1.9,-0.07,1.54
2023-04-06,002969,3.59,3.55,3.6,3.55,60350,23450802.0,1.39,-1.66,-0.06,1.14
2023-04-07,002969,3.56,3.59,3.6,3.55,37734,14725903.8,1.41,1.13,0.04,0.71
2023-04-10,002969,3.59,3.48,3.6,3.45,118406,45281212.0,4.18,-3.06,-0.11,2.24
2023-04-11,002969,3.48,3.47,3.51,3.43,61565,23280269.0,2.3,-0.29,-0.01,1.16
2023-04-12,002969,3.49,3.54,3.55,3.46,60481,23191949.0,2.59,2.02,0.07,1.14
2023-04-13,002969,3.54,3.51,3.56,3.48,57177,21955763.5,2.26,-0.85,-0.03,1.08
2023-04-14,002969,3.52,3.51,3.54,3.47,60714,23235083.2,1.99,0.0,0.0,1.15
2023-04-17,002969,3.5,3.52,3.53,3.5,39711,15237026.0,0.85,0.28,0.01,0.75
2023-04-18,002969,3.53,3.47,3.53,3.46,54154,20598087.0,1.99,-1.42,-0.05,1.02
2023-04-19,002969,3.47,3.43,3.48,3.43,43918,16562650.0,1.44,-1.15,-0.04,0.83
2023-04-20,002969,3.44,3.41,3.44,3.36,47638,17694871.67,2.33,-0.58,-0.02,0.9
2023-04-21,002969,3.42,3.34,3.44,3.33,48500,17910747.0,3.23,-2.05,-0.07,0.92
2023-04-24,002969,3.36,3.36,3.4,3.27,60379,22053825.0,3.89,0.6,0.02,1.14
2023-04-25,002969,3.37,3.31,3.38,3.25,56930,20556695.1,3.87,-1.49,-0.05,1.08
2023-04-26,002969,3.31,3.37,3.4,3.29,48437,17801225.0,3.32,1.81,0.06,0.92
2023-04-27,002969,3.39,3.42,3.43,3.34,59903,22337951.0,2.67,1.48,0.05,1.13
2023-04-28,002969,3.51,3.61,3.64,3.51,211614,82453451.0,3.8,5.56,0.19,4.0
2023-05-04,002969,3.58,3.64,3.68,3.57,115029,45527243.0,3.05,0.83,0.03,2.18
2023-05-05,002969,3.64,3.65,3.69,3.6,76102,30119117.0,2.47,0.27,0.01,1.44
2023-05-08,002969,3.65,3.62,3.68,3.61,57807,22842558.0,1.92,-0.82,-0.03,1.09
2023-05-09,002969,3.61,3.57,3.63,3.56,51750,20290490.0,1.93,-1.38,-0.05,0.98
2023-05-10,002969,3.59,3.6,3.65,3.57,51839,20394147.0,2.24,0.84,0.03,0.98
2023-05-11,002969,3.61,3.67,3.68,3.59,60018,23851091.0,2.5,1.94,0.07,1.14
2023-05-12,002969,3.67,3.64,3.7,3.62,47023,18726993.0,2.18,-0.82,-0.03,0.89
2023-05-15,002969,3.66,3.65,3.66,3.59,49525,19530047.0,1.92,0.27,0.01,0.94
2023-05-16,002969,3.65,3.62,3.65,3.59,36398,14349917.0,1.64,-0.82,-0.03,0.69
2023-05-17,002969,3.64,3.69,3.69,3.59,45804,18232329.2,2.76,1.93,0.07,0.87
2023-05-18,002969,3.69,3.68,3.69,3.64,41761,16655079.34,1.36,-0.27,-0.01,0.79
2023-05-19,002969,3.67,3.7,3.71,3.62,46670,18639255.99,2.45,0.54,0.02,0.88
2023-05-22,002969,3.68,3.7,3.7,3.66,45851,18337178.95,1.08,0.0,0.0,0.87
2023-05-23,002969,3.72,3.7,3.77,3.65,75659,30576824.0,3.24,0.0,0.0,1.43
2023-05-24,002969,3.68,3.72,3.75,3.68,49377,19957638.35,1.89,0.54,0.02,0.93
2023-05-25,002969,3.71,3.68,3.72,3.62,59440,23691044.0,2.69,-1.08,-0.04,1.12
2023-05-26,002969,3.7,3.67,3.7,3.63,41852,16708703.0,1.9,-0.27,-0.01,0.79
2023-05-29,002969,3.69,3.64,3.73,3.64,54980,21938631.0,2.45,-0.82,-0.03,1.04
2023-05-30,002969,3.63,3.62,3.65,3.58,39556,15563394.0,1.92,-0.55,-0.02,0.75
2023-05-31,002969,3.62,3.64,3.66,3.58,45058,17751530.0,2.21,0.55,0.02,0.85
2023-06-01,002969,3.62,3.6,3.65,3.59,43522,17149862.44,1.65,-1.1,-0.04,0.82
2023-06-02,002969,3.6,3.61,3.64,3.59,36726,14437325.0,1.39,0.28,0.01,0.69
2023-06-05,002969,3.6,3.69,3.71,3.59,63156,25096913.0,3.32,2.22,0.08,1.2
2023-06-06,002969,3.66,3.59,3.7,3.59,45446,18017270.0,2.98,-2.71,-0.1,0.86
2023-06-07,002969,3.6,3.68,3.73,3.6,64753,25865194.0,3.62,2.51,0.09,1.23
2023-06-08,002969,3.69,3.67,3.71,3.64,51233,20328461.0,1.9,-0.27,-0.01,0.97
2023-06-09,002969,3.67,3.63,3.68,3.61,45342,17804546.0,1.91,-1.09,-0.04,0.86
2023-06-12,002969,3.59,3.69,3.72,3.51,90623,35533206.0,5.79,1.65,0.06,1.71
2023-06-13,002969,3.69,3.66,3.73,3.63,58256,23140496.0,2.71,-0.81,-0.03,1.1
2023-06-14,002969,3.66,3.66,3.67,3.63,43330,17138025.0,1.09,0.0,0.0,0.82
2023-06-15,002969,3.64,3.61,3.67,3.59,49187,19278624.0,2.19,-1.37,-0.05,0.93
2023-06-16,002969,3.63,3.57,3.63,3.57,45715,17816409.13,1.66,-1.11,-0.04,0.86
2023-06-19,002969,3.57,3.53,3.58,3.51,52740,20211028.06,1.96,-1.12,-0.04,1.0
2023-06-20,002969,3.53,3.5,3.54,3.47,53077,20179855.0,1.98,-0.85,-0.03,1.0
2023-06-21,002969,3.51,3.46,3.52,3.46,42511,16092623.0,1.71,-1.14,-0.04,0.8
2023-06-26,002969,3.47,3.41,3.49,3.4,61307,22888333.0,2.6,-1.45,-0.05,1.16
2023-06-27,002969,3.42,3.54,3.55,3.42,87356,33256834.0,3.81,3.81,0.13,1.65
2023-06-28,002969,3.55,3.54,3.55,3.47,49402,18856964.0,2.26,0.0,0.0,0.93
2023-06-29,002969,3.55,3.55,3.56,3.51,35568,13669553.0,1.41,0.28,0.01,0.67
2023-06-30,002969,3.55,3.61,3.63,3.55,41836,16325026.0,2.25,1.69,0.06,0.79
2023-07-03,002969,3.6,3.66,3.68,3.59,68037,26871451.2,2.49,1.39,0.05,1.29
2023-07-04,002969,3.65,3.7,3.72,3.64,69207,27592733.0,2.19,1.09,0.04,1.31
2023-07-05,002969,3.7,3.68,3.71,3.66,42416,16931731.0,1.35,-0.54,-0.02,0.8
2023-07-06,002969,3.67,3.69,3.71,3.66,40828,16260497.01,1.36,0.27,0.01,0.77
2023-07-07,002969,3.67,3.7,3.71,3.66,53150,21253067.95,1.36,0.27,0.01,1.01
2023-07-10,002969,3.7,3.71,3.74,3.67,42499,17000449.82,1.89,0.27,0.01,0.8
2023-07-11,002969,3.7,3.71,3.73,3.68,32354,12941728.0,1.35,0.0,0.0,0.61
2023-07-12,002969,3.72,3.7,3.73,3.69,41604,16642438.0,1.08,-0.27,-0.01,0.79
2023-07-13,002969,3.71,3.69,3.73,3.68,40607,16242872.11,1.35,-0.27,-0.01,0.77
2023-07-14,002969,3.68,3.7,3.73,3.67,65100,26032659.0,1.63,0.27,0.01,1.23
2023-07-17,002969,3.68,3.71,3.72,3.66,58050,23200967.0,1.62,0.27,0.01,1.1
2023-07-18,002969,3.72,3.78,3.78,3.68,72949,29494999.51,2.7,1.89,0.07,1.38
2023-07-19,002969,3.79,3.77,3.81,3.76,48760,19868659.0,1.32,-0.26,-0.01,0.92
2023-07-20,002969,3.77,3.77,3.8,3.75,53663,21894655.0,1.33,0.0,0.0,1.02
2023-07-21,002969,3.78,3.82,3.84,3.76,92582,38088244.4,2.12,1.33,0.05,1.75
2023-07-24,002969,3.84,3.84,3.85,3.79,57900,23876723.0,1.57,0.52,0.02,1.1
2023-07-25,002969,3.84,3.85,3.87,3.83,60729,25163674.0,1.04,0.26,0.01,1.15
2023-07-26,002969,3.85,3.85,3.87,3.83,49991,20714936.0,1.04,0.0,0.0,0.95
2023-07-27,002969,3.84,3.83,3.88,3.82,53412,22152228.0,1.56,-0.52,-0.02,1.01
2023-07-28,002969,3.84,3.87,3.87,3.79,65186,27025495.0,2.09,1.04,0.04,1.23
2023-07-31,002969,3.87,3.88,3.9,3.84,62193,25913434.0,1.55,0.26,0.01,1.18
2023-08-01,002969,3.87,3.87,3.9,3.86,50302,21011778.0,1.03,-0.26,-0.01,0.95
2023-08-02,002969,3.87,3.86,3.9,3.84,49512,20612080.0,1.55,-0.26,-0.01,0.94
2023-08-03,002969,3.86,3.83,3.87,3.8,72283,29874927.0,1.81,-0.78,-0.03,1.37
2023-08-04,002969,3.83,3.82,3.9,3.81,61010,25261021.0,2.35,-0.26,-0.01,1.15
2023-08-07,002969,3.82,3.79,3.84,3.77,47591,19477888.0,1.83,-0.79,-0.03,0.9
2023-08-08,002969,3.78,3.8,3.82,3.77,45015,18441719.0,1.32,0.26,0.01,0.85
2023-08-09,002969,3.8,3.75,3.81,3.74,51774,21039628.0,1.84,-1.32,-0.05,0.98
2023-08-10,002969,3.76,3.75,3.78,3.72,36259,14656521.0,1.6,0.0,0.0,0.69
2023-08-11,002969,3.75,3.72,3.77,3.71,57542,23256949.0,1.6,-0.8,-0.03,1.09
2023-08-14,002969,3.68,3.73,3.73,3.66,46164,18466260.0,1.88,0.27,0.01,0.87
2023-08-15,002969,3.71,3.73,3.75,3.7,56481,22751745.0,1.34,0.0,0.0,1.07
2023-08-16,002969,3.74,3.7,3.76,3.7,54593,21984106.0,1.61,-0.8,-0.03,1.03
2023-08-17,002969,3.72,3.77,3.77,3.65,76246,30539436.0,3.24,1.89,0.07,1.44
2023-08-18,002969,3.76,3.69,3.79,3.68,65008,26133917.0,2.92,-2.12,-0.08,1.23
2023-08-21,002969,3.69,3.66,3.72,3.65,55872,22238023.0,1.9,-0.81,-0.03,1.06
2023-08-22,002969,3.66,3.58,3.69,3.53,73901,28743763.0,4.37,-2.19,-0.08,1.4
2023-08-23,002969,3.59,3.52,3.59,3.51,47836,18378230.0,2.23,-1.68,-0.06,0.91
2023-08-24,002969,3.51,3.53,3.57,3.47,42020,16048331.0,2.84,0.28,0.01,0.8
2023-08-25,002969,3.52,3.53,3.61,3.49,53678,20705574.0,3.4,0.0,0.0,1.02
2023-08-28,002969,3.68,3.65,3.74,3.62,108798,43316331.0,3.4,3.4,0.12,2.06
2023-08-29,002969,3.63,3.66,3.68,3.61,85123,33601355.0,1.92,0.27,0.01,1.61
2023-08-30,002969,3.63,3.65,3.68,3.63,62767,24802516.0,1.37,-0.27,-0.01,1.19
2023-08-31,002969,3.65,3.71,3.84,3.61,166693,66992506.0,6.3,1.64,0.06,3.15
2023-09-01,002969,3.72,3.72,3.77,3.67,91631,36813936.0,2.7,0.27,0.01,1.73
2023-09-04,002969,3.72,3.79,3.79,3.71,88614,35985071.0,2.15,1.88,0.07,1.68
2023-09-05,002969,3.79,3.73,3.79,3.72,69810,28217091.16,1.85,-1.58,-0.06,1.32
2023-09-06,002969,3.73,3.71,3.74,3.7,45439,18261703.0,1.07,-0.54,-0.02,0.86
2023-09-07,002969,3.7,3.65,3.73,3.64,55303,22014814.0,2.43,-1.62,-0.06,1.05
2023-09-08,002969,3.63,3.63,3.65,3.61,48381,19008044.0,1.1,-0.55,-0.02,0.92
2023-09-11,002969,3.62,3.66,3.67,3.59,49498,19518450.0,2.2,0.83,0.03,0.94
2023-09-12,002969,3.65,3.66,3.69,3.63,54608,21617004.0,1.64,0.0,0.0,1.03
2023-09-13,002969,3.68,3.61,3.68,3.59,45167,17735636.0,2.46,-1.37,-0.05,0.85
2023-09-14,002969,3.61,3.57,3.62,3.54,47861,18534841.0,2.22,-1.11,-0.04,0.91
2023-09-15,002969,3.57,3.63,3.64,3.56,45347,17740770.0,2.24,1.68,0.06,0.86
2023-09-18,002969,3.62,3.7,3.73,3.59,78339,31169220.0,3.86,1.93,0.07,1.48
2023-09-19,002969,3.7,3.67,3.71,3.65,47453,18873603.0,1.62,-0.81,-0.03,0.9
2023-09-20,002969,3.66,3.62,3.67,3.6,52746,20740674.0,1.91,-1.36,-0.05,1.0
2023-09-21,002969,3.62,3.58,3.63,3.55,55212,21451489.0,2.21,-1.1,-0.04,1.04
2023-09-22,002969,3.56,3.66,3.66,3.56,59233,23254433.0,2.79,2.23,0.08,1.12
2023-09-25,002969,3.67,3.6,3.67,3.59,40747,15972319.0,2.19,-1.64,-0.06,0.77
2023-09-26,002969,3.59,3.58,3.62,3.55,53338,20682493.0,1.94,-0.56,-0.02,1.01
2023-09-27,002969,3.59,3.61,3.63,3.56,48544,18943241.0,1.96,0.84,0.03,0.92
2023-09-28,002969,3.63,3.64,3.68,3.61,56384,22299975.0,1.94,0.83,0.03,1.07
2023-10-09,002969,3.66,3.51,3.66,3.49,125430,48177373.0,4.67,-3.57,-0.13,2.37
2023-10-10,002969,3.52,3.44,3.54,3.42,121984,45921797.0,3.42,-1.99,-0.07,2.31
2023-10-11,002969,3.44,3.46,3.48,3.41,75109,28160684.0,2.03,0.58,0.02,1.42
2023-10-12,002969,3.47,3.5,3.51,3.44,74632,28220117.0,2.02,1.16,0.04,1.41
2023-10-13,002969,3.71,3.6,3.82,3.57,421065,167190098.0,7.14,2.86,0.1,7.97
2023-10-16,002969,3.62,3.75,3.95,3.62,474876,193724375.5,9.17,4.17,0.15,8.99
2023-10-17,002969,3.75,3.75,3.83,3.71,270268,110084556.68,3.2,0.0,0.0,5.11
2023-10-18,002969,3.76,3.73,3.83,3.71,206765,84062989.78,3.2,-0.53,-0.02,3.91
2023-10-19,002969,3.74,3.63,3.74,3.59,194198,76494728.2,4.02,-2.68,-0.1,3.67
2023-10-20,002969,3.62,3.61,3.65,3.58,115903,45284553.0,1.93,-0.55,-0.02,2.19
2023-10-23,002969,3.6,3.51,3.63,3.47,124589,47893911.0,4.43,-2.77,-0.1,2.36
2023-10-24,002969,3.52,3.67,3.68,3.5,172664,67677010.0,5.13,4.56,0.16,3.27
2023-10-25,002969,3.68,3.73,3.75,3.67,131829,52913115.0,2.18,1.63,0.06,2.49
2023-10-26,002969,3.7,3.72,3.74,3.67,112931,45182097.64,1.88,-0.27,-0.01,2.14
2023-10-27,002969,3.71,3.82,3.84,3.7,191625,78705470.95,3.76,2.69,0.1,3.63
2023-10-30,002969,3.82,3.89,3.92,3.8,236161,98769933.6,3.14,1.83,0.07,4.47
2023-10-31,002969,3.89,3.83,3.9,3.8,161575,66935344.72,2.57,-1.54,-0.06,3.06
2023-11-01,002969,3.83,3.82,3.86,3.81,102101,42179074.36,1.31,-0.26,-0.01,1.93
2023-11-02,002969,3.83,3.81,3.87,3.8,133547,55205576.64,1.83,-0.26,-0.01,2.53
2023-11-03,002969,3.81,3.78,3.84,3.77,100583,41259747.0,1.84,-0.79,-0.03,1.9
2023-11-06,002969,3.8,3.82,3.83,3.77,110721,45392237.0,1.59,1.06,0.04,2.1
2023-11-07,002969,3.83,3.85,3.87,3.81,126886,52597874.0,1.57,0.79,0.03,2.4
2023-11-08,002969,3.86,3.82,3.86,3.8,99268,40984618.0,1.56,-0.78,-0.03,1.88
2023-11-09,002969,3.8,3.8,3.82,3.76,83211,34056764.93,1.57,-0.52,-0.02,1.57
2023-11-10,002969,3.79,3.85,3.86,3.77,99429,41011116.88,2.37,1.32,0.05,1.88
2023-11-13,002969,3.86,3.89,3.93,3.83,106676,44588689.0,2.6,1.04,0.04,2.02
2023-11-14,002969,3.88,3.88,3.93,3.86,102816,42972619.0,1.8,-0.26,-0.01,1.95
2023-11-15,002969,3.88,3.86,3.9,3.83,74575,30994210.0,1.8,-0.52,-0.02,1.41
2023-11-16,002969,3.87,3.86,3.88,3.82,79137,32919590.65,1.55,0.0,0.0,1.5
2023-11-17,002969,3.85,3.9,3.92,3.83,101622,42528285.0,2.33,1.04,0.04,1.92
2023-11-20,002969,3.9,3.91,3.93,3.87,79876,33492051.75,1.54,0.26,0.01,1.51
2023-11-21,002969,3.9,3.89,3.93,3.87,81358,34215262.54,1.53,-0.51,-0.02,1.54
2023-11-22,002969,3.88,3.87,3.92,3.87,89677,37589354.0,1.29,-0.51,-0.02,1.7
2023-11-23,002969,3.85,3.91,3.92,3.85,86782,36400953.0,1.81,1.03,0.04,1.64
2023-11-24,002969,3.9,3.92,3.94,3.88,100705,42389641.0,1.53,0.26,0.01,1.91
2023-11-27,002969,3.92,3.91,3.92,3.85,117818,49246890.0,1.79,-0.26,-0.01,2.23
2023-11-28,002969,3.91,3.9,3.93,3.87,86021,36117763.15,1.53,-0.26,-0.01,1.63
2023-11-29,002969,3.9,3.87,3.92,3.86,77152,32238656.0,1.54,-0.77,-0.03,1.46
2023-11-30,002969,3.86,3.84,3.9,3.82,86133,35709562.0,2.07,-0.78,-0.03,1.63
2023-12-01,002969,3.85,3.88,3.89,3.83,79594,33165777.7,1.56,1.04,0.04,1.5
2023-12-04,002969,3.87,3.84,3.89,3.82,70140,29094383.0,1.8,-1.03,-0.04,1.33
2023-12-05,002969,3.85,3.81,3.87,3.8,72555,30010338.0,1.82,-0.78,-0.03,1.37
2023-12-06,002969,3.8,3.83,3.86,3.77,73027,30128564.2,2.36,0.52,0.02,1.38
2023-12-07,002969,3.83,3.8,3.85,3.78,61123,25097355.0,1.83,-0.78,-0.03,1.06
2023-12-08,002969,3.79,3.7,3.82,3.69,89537,36247890.0,3.42,-2.63,-0.1,1.56
2023-12-11,002969,3.7,3.73,3.76,3.67,93353,37509850.0,2.43,0.81,0.03,1.62
2023-12-12,002969,3.74,3.78,3.78,3.7,61457,24848726.14,2.14,1.34,0.05,1.07
2023-12-13,002969,3.78,3.75,3.79,3.73,56562,22977696.35,1.59,-0.79,-0.03,0.98
2023-12-14,002969,3.76,3.79,3.83,3.76,75928,31086119.0,1.87,1.07,0.04,1.32
2023-12-15,002969,3.78,3.77,3.8,3.74,65841,26757712.0,1.58,-0.53,-0.02,1.14
2023-12-18,002969,3.77,3.73,3.8,3.72,81869,33261323.0,2.12,-1.06,-0.04,1.42
2023-12-19,002969,3.73,3.72,3.76,3.68,59425,23835304.0,2.14,-0.27,-0.01,1.03
2023-12-20,002969,3.71,3.69,3.73,3.67,50288,20125637.0,1.61,-0.81,-0.03,0.87
2023-12-21,002969,3.67,3.79,3.8,3.62,105613,42480742.84,4.88,2.71,0.1,1.83
2023-12-22,002969,3.78,3.72,3.8,3.69,107083,43285096.0,2.9,-1.85,-0.07,1.86
2023-12-25,002969,3.69,3.66,3.71,3.45,107634,42388588.0,6.99,-1.61,-0.06,1.87
2023-12-26,002969,3.68,3.63,3.69,3.61,84802,33495861.0,2.19,-0.82,-0.03,1.47
2023-12-27,002969,3.62,3.67,3.68,3.6,63897,25190298.0,2.2,1.1,0.04,1.11
2023-12-28,002969,3.67,3.78,3.79,3.63,103459,41691040.62,4.36,3.0,0.11,1.8
2023-12-29,002969,3.78,3.82,3.84,3.74,104051,42533241.55,2.65,1.06,0.04,1.81
2024-01-02,002969,3.84,3.9,3.93,3.82,136087,57069799.0,2.88,2.09,0.08,2.36
2024-01-03,002969,3.9,3.9,3.93,3.86,92840,38899169.0,1.79,0.0,0.0,1.61
2024-01-04,002969,3.9,3.91,3.92,3.86,81083,33992147.0,1.54,0.26,0.01,1.41
2024-01-05,002969,3.92,3.88,3.95,3.87,102777,43217842.56,2.05,-0.77,-0.03,1.79
2024-01-08,002969,3.86,3.81,3.89,3.79,86033,35556532.0,2.58,-1.8,-0.07,1.5
2024-01-09,002969,3.8,3.87,3.88,3.79,88226,36578170.0,2.36,1.57,0.06,1.53
2024-01-10,002969,3.87,3.87,3.89,3.8,95365,39632174.12,2.33,0.0,0.0,1.66
2024-01-11,002969,3.86,3.86,3.88,3.82,103354,42930603.0,1.55,-0.26,-0.01,1.8
2024-01-12,002969,3.85,3.85,3.9,3.84,80630,33596626.26,1.55,-0.26,-0.01,1.4
2024-01-15,002969,3.86,3.9,3.93,3.83,127915,53557382.33,2.6,1.3,0.05,2.22
2024-01-16,002969,4.32,4.32,4.32,4.27,527394,243616115.95,1.28,10.77,0.42,9.17
2024-01-17,002969,4.19,3.92,4.19,3.92,1189353,517533569.32,6.25,-9.26,-0.4,20.67
2024-01-18,002969,3.92,4.0,4.11,3.92,842892,362424612.15,4.85,2.04,0.08,14.65
2024-01-19,002969,4.02,4.03,4.26,4.01,657803,288726514.96,6.25,0.75,0.03,11.43
2024-01-22,002969,4.08,3.94,4.15,3.85,542324,233568742.93,7.44,-2.23,-0.09,9.42
2024-01-23,002969,3.86,3.99,4.01,3.75,452435,188652850.0,6.6,1.27,0.05,7.86
2024-01-24,002969,3.98,4.07,4.12,3.92,513217,210520988.42,5.01,2.01,0.08,8.92
2024-01-25,002969,4.05,4.08,4.08,3.93,432444,176706050.0,3.69,0.25,0.01,7.52
2024-01-26,002969,4.04,4.12,4.18,4.02,448382,188152994.35,3.92,0.98,0.04,7.79
2024-01-29,002969,4.15,4.03,4.21,4.01,336134,139246809.41,4.85,-2.18,-0.09,5.84
2024-01-30,002969,3.98,3.9,4.08,3.86,304837,123428351.65,5.46,-3.23,-0.13,5.3
2024-01-31,002969,3.86,3.62,3.89,3.59,363334,137906570.0,7.69,-7.18,-0.28,6.31
2024-02-01,002969,3.6,3.5,3.6,3.42,282458,101160241.66,4.97,-3.31,-0.12,4.91
2024-02-02,002969,3.5,3.4,3.59,3.23,313933,110664530.0,10.29,-2.86,-0.1,5.46
2024-02-05,002969,3.34,3.05,3.34,3.05,361568,114521216.0,8.53,-10.29,-0.35,6.28
2024-02-06,002969,2.93,2.99,3.2,2.74,366938,109482235.29,15.08,-1.97,-0.06,6.38
2024-02-07,002969,3.01,2.82,3.03,2.79,370986,109365379.86,8.03,-5.69,-0.17,6.45
2024-02-08,002969,2.85,3.07,3.07,2.79,370185,111127316.72,9.93,8.87,0.25,6.43
2024-02-19,002969,3.13,3.18,3.21,3.07,295756,95189353.42,4.56,3.58,0.11,5.14
2024-02-20,002969,3.16,3.17,3.19,3.11,191476,61795054.98,2.52,-0.31,-0.01,3.33
2024-02-21,002969,3.15,3.24,3.34,3.13,250483,83191597.03,6.62,2.21,0.07,4.35
2024-02-22,002969,3.23,3.31,3.31,3.22,159311,53219180.6,2.78,2.16,0.07,2.77
2024-02-23,002969,3.3,3.38,3.39,3.28,167915,57413328.21,3.32,2.11,0.07,2.92
2024-02-26,002969,3.39,3.45,3.52,3.37,244118,85913283.0,4.44,2.07,0.07,4.24
2024-02-27,002969,3.44,3.53,3.54,3.41,161012,57266971.13,3.77,2.32,0.08,2.8
2024-02-28,002969,3.52,3.27,3.62,3.26,313602,110173024.0,10.2,-7.37,-0.26,5.45
2024-02-29,002969,3.24,3.35,3.38,3.21,199654,67601715.0,5.2,2.45,0.08,3.47
2024-03-01,002969,3.36,3.33,3.38,3.28,154863,52509366.0,2.99,-0.6,-0.02,2.69
2024-03-04,002969,3.32,3.3,3.34,3.22,158831,53287392.0,3.6,-0.9,-0.03,2.76
2024-03-05,002969,3.28,3.2,3.29,3.19,169105,55690421.0,3.03,-3.03,-0.1,2.94
2024-03-06,002969,3.19,3.24,3.27,3.18,165640,54602125.0,2.81,1.25,0.04,2.88
2024-03-07,002969,3.24,3.27,3.32,3.24,168567,56536140.0,2.47,0.93,0.03,2.93
2024-03-08,002969,3.28,3.26,3.3,3.22,115921,38559642.55,2.45,-0.31,-0.01,2.01
2024-03-11,002969,3.29,3.31,3.33,3.27,169974,57275546.04,1.84,1.53,0.05,2.95
2024-03-12,002969,3.31,3.38,3.38,3.3,166052,56763385.15,2.42,2.11,0.07,2.89
2024-03-13,002969,3.39,3.38,3.41,3.32,136906,46935794.3,2.66,0.0,0.0,2.38
2024-03-14,002969,3.41,3.49,3.68,3.4,352021,125836326.48,8.28,3.25,0.11,6.12
2024-03-15,002969,3.46,3.46,3.47,3.39,201557,70459923.0,2.29,-0.86,-0.03,3.5
2024-03-18,002969,3.5,3.5,3.54,3.45,195469,69537597.0,2.6,1.16,0.04,3.4
2024-03-19,002969,3.5,3.47,3.52,3.45,158308,56310306.0,2.0,-0.86,-0.03,2.75
2024-03-20,002969,3.46,3.51,3.52,3.46,149135,53130328.0,1.73,1.15,0.04,2.59
2024-03-21,002969,3.52,3.53,3.56,3.48,117120,42057396.0,2.28,0.57,0.02,2.04
2024-03-22,002969,3.52,3.5,3.53,3.43,153661,54636761.0,2.83,-0.85,-0.03,2.67
2024-03-25,002969,3.53,3.46,3.55,3.46,127850,45710100.0,2.57,-1.14,-0.04,2.22
2024-03-26,002969,3.45,3.47,3.48,3.39,108471,38131498.0,2.6,0.29,0.01,1.89
2024-03-27,002969,3.46,3.37,3.48,3.37,105322,36954522.6,3.17,-2.88,-0.1,1.83
2024-03-28,002969,3.34,3.44,3.48,3.34,130412,45654925.5,4.15,2.08,0.07,2.27
2024-03-29,002969,3.43,3.51,3.51,3.43,121327,42960030.5,2.33,2.03,0.07,2.11
2024-04-01,002969,3.52,3.56,3.57,3.52,115428,41770391.6,1.42,1.42,0.05,2.0
2024-04-02,002969,3.58,3.61,3.62,3.56,117715,43160777.48,1.69,1.4,0.05,2.04
2024-04-03,002969,3.61,3.63,3.64,3.56,100740,37024551.0,2.22,0.55,0.02,1.75
2024-04-08,002969,3.61,3.55,3.64,3.54,132731,48579503.0,2.75,-2.2,-0.08,2.3
2024-04-09,002969,3.56,3.64,3.64,3.55,119615,43969234.7,2.54,2.54,0.09,2.08
2024-04-10,002969,3.63,3.57,3.64,3.54,114011,41669665.14,2.75,-1.92,-0.07,1.98
2024-04-11,002969,3.56,3.58,3.63,3.53,103858,38053042.77,2.8,0.28,0.01,1.8
2024-04-12,002969,3.58,3.54,3.6,3.54,93648,34081193.4,1.68,-1.12,-0.04,1.63
2024-04-15,002969,3.77,3.62,3.77,3.51,555070,204788496.0,7.34,2.26,0.08,9.64
2024-04-16,002969,3.52,3.25,3.52,3.25,431461,146036791.0,7.46,-10.22,-0.37,7.49
2024-04-17,002969,3.26,3.38,3.46,3.26,458163,157722580.94,6.15,4.0,0.13,7.96
2024-04-18,002969,3.37,3.32,3.39,3.28,265525,90423965.0,3.25,-1.78,-0.06,4.61
2024-04-19,002969,3.29,3.31,3.37,3.27,178016,60270093.0,3.01,-0.3,-0.01,3.09
2024-04-22,002969,3.31,3.27,3.32,3.23,178174,59526604.0,2.72,-1.21,-0.04,3.09
2024-04-23,002969,3.28,3.33,3.35,3.27,163230,55280990.0,2.45,1.83,0.06,2.83
2024-04-24,002969,3.34,3.36,3.36,3.3,162182,55128965.0,1.8,0.9,0.03,2.82
2024-04-25,002969,3.3,3.37,3.37,3.27,187608,63848471.0,2.98,0.3,0.01,3.26
2024-04-26,002969,3.38,3.33,3.4,3.26,254120,85770101.2,4.15,-1.19,-0.04,4.41
2024-04-29,002969,3.28,3.39,3.39,3.28,268924,92195633.0,3.3,1.8,0.06,4.67
2024-04-30,002969,3.39,3.37,3.45,3.34,206381,71398654.0,3.24,-0.59,-0.02,3.58
2024-05-06,002969,3.41,3.51,3.51,3.41,267457,94579776.04,2.97,4.15,0.14,4.64
2024-05-07,002969,3.51,3.5,3.52,3.46,159620,56787876.08,1.71,-0.28,-0.01,2.77
2024-05-08,002969,3.49,3.45,3.49,3.44,132113,46705892.0,1.43,-1.43,-0.05,2.29
2024-05-09,002969,3.47,3.5,3.52,3.45,140134,49970365.0,2.03,1.45,0.05,2.43
2024-05-10,002969,3.51,3.45,3.51,3.43,123857,43766382.0,2.29,-1.43,-0.05,2.15
2024-05-13,002969,3.43,3.38,3.43,3.36,121610,42195120.0,2.03,-2.03,-0.07,2.11
2024-05-14,002969,3.39,3.49,3.51,3.39,163354,57664103.0,3.55,3.25,0.11,2.84
2024-05-15,002969,3.49,3.48,3.51,3.46,112113,39824506.0,1.43,-0.29,-0.01,1.95
2024-05-16,002969,3.49,3.5,3.53,3.46,133465,47586678.0,2.01,0.57,0.02,2.32
2024-05-17,002969,3.48,3.52,3.53,3.47,117102,41826840.0,1.71,0.57,0.02,2.03
2024-05-20,002969,3.52,3.49,3.54,3.48,116404,41614002.0,1.7,-0.85,-0.03,2.02
2024-05-21,002969,3.47,3.45,3.49,3.44,108278,38270202.0,1.43,-1.15,-0.04,1.88
2024-05-22,002969,3.46,3.45,3.49,3.44,96348,34013719.0,1.45,0.0,0.0,1.67
2024-05-23,002969,3.45,3.34,3.45,3.33,127174,43768725.33,3.48,-3.19,-0.11,2.21
2024-05-24,002969,3.33,3.31,3.37,3.31,90621,30836223.16,1.8,-0.9,-0.03,1.57
2024-05-27,002969,3.33,3.34,3.35,3.28,95201,32187986.0,2.11,0.91,0.03,1.65
2024-05-28,002969,3.36,3.29,3.36,3.29,83844,28174159.15,2.1,-1.5,-0.05,1.46
2024-05-29,002969,3.29,3.26,3.31,3.24,93515,30992698.0,2.13,-0.91,-0.03,1.62
2024-05-30,002969,3.25,3.21,3.26,3.2,107391,35105306.0,1.84,-1.53,-0.05,1.86
2024-05-31,002969,3.21,3.23,3.25,3.21,99092,32407581.0,1.25,0.62,0.02,1.72
2024-06-03,002969,3.23,3.16,3.24,3.12,124277,39942182.0,3.72,-2.17,-0.07,2.16
2024-06-04,002969,3.15,3.03,3.15,2.97,227981,70116138.0,5.7,-4.11,-0.13,3.96
2024-06-05,002969,3.02,2.96,3.03,2.96,132623,40142321.0,2.31,-2.31,-0.07,2.3
2024-06-06,002969,2.96,2.86,2.98,2.82,179684,52458558.0,5.41,-3.38,-0.1,3.12
2024-06-07,002969,2.88,2.96,2.99,2.88,173090,51588143.04,3.85,3.5,0.1,3.01
2024-06-11,002969,2.94,2.94,2.97,2.9,131091,38946392.24,2.36,-0.68,-0.02,2.28
2024-06-12,002969,2.93,2.96,2.98,2.92,111790,33467801.0,2.04,0.68,0.02,1.94
2024-06-13,002969,2.96,2.92,2.98,2.9,99811,29634005.0,2.7,-1.35,-0.04,1.73
2024-06-14,002969,2.92,2.96,2.97,2.87,108506,32210021.0,3.42,1.37,0.04,1.88
2024-06-17,002969,2.93,2.93,2.96,2.9,107177,31804052.03,2.03,-1.01,-0.03,1.86
2024-06-18,002969,2.93,2.94,2.96,2.92,89573,26689669.0,1.37,0.34,0.01,1.56
2024-06-19,002969,2.94,2.94,2.96,2.92,77200,22996772.9,1.36,0.0,0.0,1.34
2024-06-20,002969,2.94,2.85,2.94,2.84,97360,28419498.0,3.4,-3.06,-0.09,1.69
2024-06-21,002969,2.84,2.86,2.88,2.81,77016,22242473.7,2.46,0.35,0.01,1.34
2024-06-24,002969,2.84,2.71,2.86,2.69,168967,46910839.14,5.94,-5.24,-0.15,2.93
2024-06-25,002969,2.69,2.74,2.76,2.68,115903,32144573.79,2.95,1.11,0.03,2.01
2024-06-26,002969,2.74,2.83,2.83,2.71,106634,30064536.88,4.38,3.28,0.09,1.85
2024-06-27,002969,2.83,2.79,2.85,2.78,86047,24511499.52,2.47,-1.41,-0.04,1.49
2024-06-28,002969,2.8,2.81,2.84,2.77,82781,23667822.0,2.51,0.72,0.02,1.43
2024-07-01,002969,2.81,2.83,2.86,2.79,82776,23655558.84,2.49,0.71,0.02,1.43
2024-07-02,002969,2.84,2.87,2.89,2.82,95160,27688286.16,2.47,1.41,0.04,1.65
2024-07-03,002969,2.88,2.87,2.92,2.87,75536,22170474.32,1.74,0.0,0.0,1.31
2024-07-04,002969,2.88,2.8,2.89,2.8,92697,26607997.0,3.14,-2.44,-0.07,1.61
2024-07-05,002969,2.8,2.85,2.85,2.76,89860,25714775.15,3.21,1.79,0.05,1.56
2024-07-08,002969,2.84,2.77,2.85,2.75,71133,20161371.0,3.51,-2.81,-0.08,1.23
2024-07-09,002969,2.75,2.79,2.8,2.7,93179,26071272.17,3.61,0.72,0.02,1.61
2024-07-10,002969,2.78,2.74,2.8,2.74,59281,16626292.0,2.15,-1.79,-0.05,1.03
2024-07-11,002969,2.79,2.84,2.85,2.78,109103,31225129.0,2.55,3.65,0.1,1.89
2024-07-12,002969,2.88,2.89,2.95,2.86,216457,63734460.0,3.17,1.76,0.05,3.75
2024-07-15,002969,2.87,2.81,2.9,2.79,172342,49456776.0,3.81,-2.77,-0.08,2.99
2024-07-16,002969,2.78,2.77,2.81,2.76,101856,28682187.2,1.78,-1.42,-0.04,1.77
2024-07-17,002969,2.76,2.75,2.79,2.74,108798,30428517.0,1.81,-0.72,-0.02,1.89
2024-07-18,002969,2.72,2.75,2.76,2.67,104671,28785897.2,3.27,0.0,0.0,1.81
2024-07-19,002969,2.73,2.74,2.76,2.7,82738,22956340.0,2.18,-0.36,-0.01,1.43
2024-07-22,002969,2.75,2.74,2.76,2.71,68512,19049751.3,1.82,0.0,0.0,1.19
2024-07-23,002969,2.75,2.7,2.78,2.69,84676,23504977.7,3.28,-1.46,-0.04,1.47
2024-07-24,002969,2.68,2.69,2.73,2.65,122663,33392725.0,2.96,-0.37,-0.01,2.13
2024-07-25,002969,2.69,2.73,2.74,2.66,91997,25331942.0,2.97,1.49,0.04,1.59
2024-07-26,002969,2.71,2.75,2.75,2.71,90466,25085823.0,1.47,0.73,0.02,1.57
2024-07-29,002969,2.75,2.76,2.81,2.72,89491,25081164.0,3.27,0.36,0.01,1.55
2024-07-30,002969,2.77,2.82,2.83,2.74,127979,36220787.0,3.26,2.17,0.06,2.22
2024-07-31,002969,2.81,2.89,2.89,2.79,163486,47165546.0,3.55,2.48,0.07,2.83
2024-08-01,002969,2.88,2.87,2.9,2.85,108937,31745762.01,1.73,-0.69,-0.02,1.89
2024-08-02,002969,2.85,2.85,2.89,2.83,77194,22448826.0,2.09,-0.7,-0.02,1.34
2024-08-05,002969,2.83,2.82,2.89,2.81,76772,22156444.0,2.81,-1.05,-0.03,1.33
2024-08-06,002969,2.82,2.88,2.88,2.82,79803,23106187.0,2.13,2.13,0.06,1.38
2024-08-07,002969,2.88,2.87,2.89,2.86,42243,12298771.0,1.04,-0.35,-0.01,0.73
2024-08-08,002969,2.86,2.89,2.89,2.83,55458,16146678.0,2.09,0.7,0.02,0.96
2024-08-09,002969,2.89,2.86,2.9,2.85,51528,15029883.0,1.73,-1.04,-0.03,0.89
2024-08-12,002969,2.85,2.84,2.86,2.82,50319,14504253.64,1.4,-0.7,-0.02,0.87
2024-08-13,002969,2.84,2.86,2.86,2.81,49723,14312216.0,1.76,0.7,0.02,0.86
2024-08-14,002969,2.85,2.84,2.86,2.83,36853,10620376.0,1.05,-0.7,-0.02,0.64
2024-08-15,002969,2.84,2.84,2.86,2.8,68784,19779568.2,2.11,0.0,0.0,1.19
2024-08-16,002969,2.85,2.8,2.86,2.79,65523,18734956.0,2.46,-1.41,-0.04,1.14
2024-08-19,002969,2.79,2.81,2.82,2.78,47372,13461961.0,1.43,0.36,0.01,0.82
2024-08-20,002969,2.8,2.76,2.81,2.74,52834,14831512.0,2.49,-1.78,-0.05,0.92
2024-08-21,002969,2.74,2.73,2.77,2.73,40355,11248103.0,1.45,-1.09,-0.03,0.7
2024-08-22,002969,2.73,2.71,2.76,2.71,40890,11317788.0,1.83,-0.73,-0.02,0.71
2024-08-23,002969,2.7,2.68,2.72,2.66,56238,15294849.0,2.21,-1.11,-0.03,0.97
2024-08-26,002969,2.68,2.73,2.73,2.66,67313,18525457.0,2.61,1.87,0.05,1.17
2024-08-27,002969,2.73,2.71,2.75,2.7,60881,16800505.0,1.83,-0.73,-0.02,1.06
2024-08-28,002969,2.7,2.72,2.74,2.66,72209,19859056.56,2.95,0.37,0.01,1.25
2024-08-29,002969,2.71,2.77,2.81,2.7,106815,30015781.0,4.04,1.84,0.05,1.85
2024-08-30,002969,2.77,2.81,2.84,2.75,96510,27451776.0,3.25,1.44,0.04,1.67
2024-09-02,002969,2.82,2.75,2.82,2.75,89410,25236586.0,2.49,-2.14,-0.06,1.55
2024-09-03,002969,2.75,2.79,2.81,2.73,70264,19835190.0,2.91,1.45,0.04,1.22
2024-09-04,002969,2.77,2.75,2.79,2.74,58008,16231869.0,1.79,-1.43,-0.04,1.01
2024-09-05,002969,2.75,2.76,2.77,2.74,39773,11123353.0,1.09,0.36,0.01,0.69
2024-09-06,002969,2.76,2.7,2.78,2.69,55981,15418377.0,3.26,-2.17,-0.06,0.97
2024-09-09,002969,2.68,2.68,2.71,2.66,44802,12162371.0,1.85,-0.74,-0.02,0.78
2024-09-10,002969,2.68,2.69,2.7,2.65,46896,12688440.0,1.87,0.37,0.01,0.81
2024-09-11,002969,2.68,2.67,2.71,2.65,78827,21342651.0,2.23,-0.74,-0.02,1.37
2024-09-12,002969,2.67,2.66,2.69,2.66,46243,12510232.0,1.12,-0.37,-0.01,0.8
2024-09-13,002969,2.65,2.65,2.67,2.64,36749,9871040.16,1.13,-0.38,-0.01,0.64
2024-09-18,002969,2.65,2.59,2.66,2.55,67234,17635280.0,4.15,-2.26,-0.06,1.17
2024-09-19,002969,2.6,2.66,2.67,2.58,70607,18863080.2,3.47,2.7,0.07,1.22
2024-09-20,002969,2.66,2.64,2.66,2.63,35385,9471824.0,1.13,-0.75,-0.02,0.61
2024-09-23,002969,2.64,2.65,2.67,2.63,43350,11615528.0,1.52,0.38,0.01,0.75
2024-09-24,002969,2.65,2.76,2.77,2.65,138555,38001084.0,4.53,4.15,0.11,2.4
2024-09-25,002969,2.78,2.8,2.85,2.77,115664,32875007.0,2.9,1.45,0.04,2.0
2024-09-26,002969,2.81,2.88,2.88,2.78,124348,35538050.19,3.57,2.86,0.08,2.16
2024-09-27,002969,2.93,2.96,3.0,2.88,189276,56173192.0,4.17,2.78,0.08,3.28
2024-09-30,002969,3.05,3.2,3.23,2.98,352029,110515099.22,8.45,8.11,0.24,6.1
2024-10-08,002969,3.51,3.3,3.51,3.18,448626,150588138.33,10.31,3.13,0.1,7.78
2024-10-09,002969,3.22,2.99,3.22,2.98,285238,89128426.35,7.27,-9.39,-0.31,4.94
2024-10-10,002969,3.01,3.04,3.09,2.95,215795,66220036.9,4.68,1.67,0.05,3.74
2024-10-11,002969,3.05,2.98,3.06,2.97,178983,54461503.99,2.96,-1.97,-0.06,3.1
2024-10-14,002969,3.0,3.04,3.04,2.96,179582,54657979.64,2.68,2.01,0.06,3.11
2024-10-15,002969,3.04,2.99,3.06,2.99,143741,43933436.72,2.3,-1.64,-0.05,2.49
2024-10-16,002969,2.97,2.99,3.02,2.95,136458,41153643.63,2.34,0.0,0.0,2.37
2024-10-17,002969,3.01,2.93,3.03,2.93,117545,35366185.64,3.34,-2.01,-0.06,2.04
2024-10-18,002969,2.93,2.98,3.02,2.91,157869,47175169.68,3.75,1.71,0.05,2.74
2024-10-21,002969,3.01,2.99,3.03,2.97,128842,39007855.0,2.01,0.34,0.01,2.23
2024-10-22,002969,2.99,3.05,3.05,2.98,148219,45328661.0,2.34,2.01,0.06,2.57
2024-10-23,002969,3.05,3.05,3.08,3.03,110342,34065412.0,1.64,0.0,0.0,1.91
2024-10-24,002969,3.05,3.08,3.08,3.03,104062,32098644.92,1.64,0.98,0.03,1.8
2024-10-25,002969,3.07,3.13,3.13,3.07,153112,48202434.87,1.95,1.62,0.05,2.65
2024-10-28,002969,3.14,3.2,3.2,3.13,246919,78778364.42,2.24,2.24,0.07,4.28
2024-10-29,002969,3.24,3.09,3.26,3.08,203334,64315856.0,5.63,-3.44,-0.11,3.52
2024-10-30,002969,3.07,3.11,3.13,3.06,140856,44014606.25,2.27,0.65,0.02,2.44
2024-10-31,002969,3.16,3.16,3.2,3.13,191856,61446318.0,2.25,1.61,0.05,3.33
2024-11-01,002969,3.16,3.1,3.21,3.09,176867,56056459.0,3.8,-1.9,-0.06,3.07
2024-11-04,002969,3.11,3.14,3.15,3.08,118425,37252427.0,2.26,1.29,0.04,2.05
2024-11-05,002969,3.15,3.18,3.19,3.14,179086,57259258.58,1.59,1.27,0.04,3.1
2024-11-06,002969,3.17,3.22,3.24,3.16,203275,65658050.31,2.52,1.26,0.04,3.52
2024-11-07,002969,3.2,3.34,3.36,3.16,312295,103684471.04,6.21,3.73,0.12,5.41
2024-11-08,002969,3.38,3.33,3.4,3.31,247886,83491132.57,2.69,-0.3,-0.01,4.3
2024-11-11,002969,3.32,3.34,3.36,3.29,146266,49031064.73,2.1,0.3,0.01,2.54
2024-11-12,002969,3.36,3.3,3.38,3.28,206244,69457787.48,2.99,-1.2,-0.04,3.57
2024-11-13,002969,3.3,3.33,3.34,3.26,173815,57901198.57,2.42,0.91,0.03,3.01
2024-11-14,002969,3.34,3.24,3.34,3.23,156396,51634677.89,3.3,-2.7,-0.09,2.71
2024-11-15,002969,3.23,3.23,3.31,3.22,187731,61991212.0,2.78,-0.31,-0.01,3.25
2024-11-18,002969,3.26,3.2,3.29,3.17,182132,59556437.0,3.72,-0.93,-0.03,3.16
2024-11-19,002969,3.2,3.22,3.23,3.13,175231,56368858.49,3.13,0.63,0.02,3.04
2024-11-20,002969,3.22,3.3,3.3,3.2,167705,55140002.0,3.11,2.48,0.08,2.91
2024-11-21,002969,3.31,3.33,3.34,3.25,155729,51804591.0,2.73,0.91,0.03,2.7
2024-11-22,002969,3.33,3.23,3.35,3.22,160630,53430931.0,3.9,-3.0,-0.1,2.78
2024-11-25,002969,3.23,3.31,3.31,3.19,153105,50540993.61,3.72,2.48,0.08,2.65
2024-11-26,002969,3.31,3.3,3.34,3.28,131484,43972984.0,1.81,-0.3,-0.01,2.28
2024-11-27,002969,3.29,3.32,3.32,3.2,128448,42178874.0,3.64,0.61,0.02,2.23
2024-11-28,002969,3.31,3.36,3.39,3.3,222326,75347329.0,2.71,1.2,0.04,3.85
2024-11-29,002969,3.33,3.38,3.42,3.32,244431,83152077.0,2.98,0.6,0.02,4.24
2024-12-02,002969,3.39,3.44,3.47,3.38,240227,83035707.5,2.66,1.78,0.06,2.53
2024-12-03,002969,3.45,3.44,3.49,3.4,173695,60278843.3,2.62,0.0,0.0,1.83
2024-12-04,002969,3.43,3.35,3.44,3.32,160302,54674007.6,3.49,-2.62,-0.09,1.69
2024-12-05,002969,3.36,3.38,3.39,3.34,116454,39592008.0,1.49,0.9,0.03,1.23
2024-12-06,002969,3.39,3.48,3.51,3.37,234859,81793699.0,4.14,2.96,0.1,2.47
2024-12-09,002969,3.52,3.48,3.52,3.43,164925,57741261.5,2.59,0.0,0.0,1.74
2024-12-10,002969,3.55,3.43,3.58,3.42,182803,64206428.0,4.6,-1.44,-0.05,1.92
2024-12-11,002969,3.43,3.55,3.55,3.43,209818,74311153.2,3.5,3.5,0.12,2.21
2024-12-12,002969,3.56,3.65,3.66,3.51,267401,96770427.1,4.23,2.82,0.1,2.82
2024-12-13,002969,3.64,3.59,3.65,3.58,172738,62884508.0,1.92,-1.64,-0.06,1.82
2024-12-16,002969,3.59,3.59,3.66,3.56,155132,56367985.0,2.79,0.0,0.0,1.63
2024-12-17,002969,3.59,3.37,3.59,3.35,251289,87039559.83,6.69,-6.13,-0.22,2.65
2024-12-18,002969,3.38,3.36,3.42,3.3,175402,59602595.07,3.56,-0.3,-0.01,1.85
2024-12-19,002969,3.33,3.34,3.37,3.28,131283,43984950.0,2.68,-0.6,-0.02,1.38
2024-12-20,002969,3.33,3.35,3.4,3.33,106215,36087110.0,2.1,0.3,0.01,1.12
2024-12-23,002969,3.37,3.1,3.37,3.09,297874,95778832.5,8.36,-7.46,-0.25,3.14
2024-12-24,002969,3.13,3.15,3.16,3.09,156172,49277203.0,2.26,1.61,0.05,1.64
2024-12-25,002969,3.15,3.11,3.15,3.04,134245,41864406.0,3.49,-1.27,-0.04,1.41
2024-12-26,002969,3.1,3.14,3.17,3.09,118757,37641836.6,2.57,0.96,0.03,1.25
2024-12-27,002969,3.13,3.2,3.23,3.12,135665,43702168.0,3.5,1.91,0.06,1.43
2024-12-30,002969,3.18,3.14,3.19,3.11,133094,42121408.0,2.5,-1.88,-0.06,1.4
2024-12-31,002969,3.14,3.08,3.16,3.05,137019,43109504.0,3.5,-1.91,-0.06,1.44
2025-01-02,002969,3.08,3.05,3.16,3.02,160407,50147042.0,4.55,-0.97,-0.03,1.69
2025-01-03,002969,3.06,2.91,3.08,2.9,195389,58581214.0,5.9,-4.59,-0.14,2.06
2025-01-06,002969,2.91,2.89,2.95,2.8,155275,45149327.3,5.15,-0.69,-0.02,1.63
2025-01-07,002969,2.91,2.93,2.93,2.86,99102,28982481.0,2.42,1.38,0.04,1.04
2025-01-08,002969,2.92,2.91,2.94,2.84,122924,35940807.84,3.41,-0.68,-0.02,1.29
2025-01-09,002969,2.9,2.87,2.92,2.87,105066,30714499.2,1.72,-1.37,-0.04,1.11
2025-01-10,002969,2.89,2.79,2.89,2.79,127683,36576184.31,3.48,-2.79,-0.08,1.34
2025-01-13,002969,2.77,2.82,2.83,2.73,109947,31106107.0,3.58,1.08,0.03,1.16
2025-01-14,002969,3.11,3.11,3.11,3.11,51045,16028130.0,0.0,10.28,0.29,0.54
2025-01-15,002969,3.17,3.18,3.33,3.11,708439,228944533.75,7.07,2.25,0.07,7.46
2025-01-16,002969,3.18,3.18,3.24,3.13,481396,154756299.03,3.46,0.0,0.0,5.07
2025-01-17,002969,3.16,3.16,3.2,3.12,206004,65661296.6,2.52,-0.63,-0.02,2.17
2025-01-20,002969,3.18,3.24,3.28,3.17,282664,92323352.73,3.48,2.53,0.08,2.98
2025-01-21,002969,3.26,3.22,3.27,3.2,178654,58160649.52,2.16,-0.62,-0.02,1.88
2025-01-22,002969,3.2,3.17,3.22,3.16,168691,54202617.5,1.86,-1.55,-0.05,1.78
2025-01-23,002969,3.2,3.17,3.23,3.17,148654,48052447.0,1.89,0.0,0.0,1.57
2025-01-24,002969,3.17,3.17,3.19,3.14,136586,43634987.0,1.58,0.0,0.0,1.44
2025-01-27,002969,3.17,3.21,3.27,3.17,176644,57590099.51,3.15,1.26,0.04,1.86
2025-02-05,002969,3.24,3.21,3.25,3.19,115944,37622270.0,1.87,0.0,0.0,1.22
2025-02-06,002969,3.21,3.23,3.23,3.16,147786,47704194.0,2.18,0.62,0.02,1.56
2025-02-07,002969,3.22,3.24,3.27,3.2,189839,62099015.0,2.17,0.31,0.01,2.0
2025-02-10,002969,3.25,3.32,3.32,3.23,199966,66067898.92,2.78,2.47,0.08,2.11
2025-02-11,002969,3.32,3.34,3.35,3.28,147335,49294909.36,2.11,0.6,0.02,1.55
2025-02-12,002969,3.34,3.31,3.34,3.28,125772,41940928.0,1.8,-0.9,-0.03,1.32
2025-02-13,002969,3.3,3.26,3.32,3.26,102808,34105479.93,1.81,-1.51,-0.05,1.08
2025-02-14,002969,3.26,3.26,3.28,3.25,95763,31568713.0,0.92,0.0,0.0,1.01
2025-02-17,002969,3.3,3.35,3.49,3.3,269082,91372858.82,5.83,2.76,0.09,2.83
2025-02-18,002969,3.35,3.24,3.36,3.22,177401,58841812.0,4.18,-3.28,-0.11,1.87
2025-02-19,002969,3.24,3.32,3.35,3.23,179894,59997196.27,3.7,2.47,0.08,1.89
2025-02-20,002969,3.31,3.34,3.37,3.29,141762,47732602.0,2.41,0.6,0.02,1.49
2025-02-21,002969,3.35,3.29,3.37,3.27,130241,43421143.0,2.99,-1.5,-0.05,1.37
2025-02-24,002969,3.26,3.29,3.29,3.23,140133,46156614.7,1.82,0.0,0.0,1.48
2025-02-25,002969,3.27,3.29,3.39,3.23,232907,77580201.32,4.86,0.0,0.0,2.45
2025-02-26,002969,3.29,3.32,3.36,3.28,153376,51264763.42,2.43,0.91,0.03,1.61
2025-02-27,002969,3.31,3.38,3.38,3.3,222035,74815323.0,2.41,1.81,0.06,2.34
2025-02-28,002969,3.39,3.33,3.47,3.31,176931,60082188.4,4.73,-1.48,-0.05,1.86
2025-03-03,002969,3.34,3.31,3.38,3.28,156098,52516863.0,3.0,-0.6,-0.02,1.64
2025-03-04,002969,3.3,3.33,3.33,3.26,109721,36559778.0,2.11,0.6,0.02,1.16
2025-03-05,002969,3.33,3.26,3.33,3.23,135262,44530220.7,3.0,-2.1,-0.07,1.42
2025-03-06,002969,3.28,3.31,3.32,3.24,136758,45479366.89,2.45,1.53,0.05,1.44
2025-03-07,002969,3.31,3.25,3.31,3.24,103598,34173686.0,2.11,-1.81,-0.06,1.09
2025-03-10,002969,3.26,3.24,3.3,3.23,123718,40682671.9,2.15,-0.31,-0.01,1.3
2025-03-11,002969,3.23,3.28,3.28,3.2,134224,43890662.38,2.47,1.23,0.04,1.41
2025-03-12,002969,3.28,3.27,3.3,3.25,102138,33756867.0,1.52,-0.3,-0.01,1.08
2025-03-13,002969,3.27,3.29,3.3,3.23,132028,43495876.64,2.14,0.61,0.02,1.39
2025-03-14,002969,3.29,3.37,3.37,3.29,200996,67678072.87,2.43,2.43,0.08,2.12
2025-03-17,002969,3.38,3.38,3.41,3.37,129530,44209870.6,1.19,0.3,0.01,1.36
2025-03-18,002969,3.39,3.39,3.41,3.35,100534,34230593.46,1.78,0.3,0.01,1.06
2025-03-19,002969,3.38,3.4,3.41,3.38,97441,33349726.46,0.88,0.29,0.01,1.03
2025-03-20,002969,3.41,3.43,3.45,3.4,124068,42881881.0,1.47,0.88,0.03,1.31
2025-03-21,002969,3.42,3.4,3.45,3.36,133348,45839948.22,2.62,-0.87,-0.03,1.4
2025-03-24,002969,3.39,3.34,3.43,3.29,163448,55296577.0,4.12,-1.76,-0.06,1.72
2025-03-25,002969,3.34,3.36,3.38,3.3,134045,45216119.83,2.4,0.6,0.02,1.41
2025-03-26,002969,3.36,3.43,3.45,3.34,201431,69540613.0,3.27,2.08,0.07,2.12
2025-03-27,002969,3.43,3.42,3.45,3.36,139974,48155427.0,2.62,-0.29,-0.01,1.47
2025-03-28,002969,3.43,3.35,3.43,3.33,137031,46450788.0,2.92,-2.05,-0.07,1.44
2025-03-31,002969,3.33,3.28,3.35,3.24,118585,39309508.0,3.28,-2.09,-0.07,1.25
2025-04-01,002969,3.29,3.38,3.4,3.28,181215,61471691.0,3.66,3.05,0.1,1.91
2025-04-02,002969,3.38,3.42,3.46,3.35,162400,55977807.4,3.25,1.18,0.04,1.71
2025-04-03,002969,3.38,3.44,3.44,3.37,141438,48624187.05,2.05,0.58,0.02,1.49
2025-04-07,002969,3.29,3.09,3.32,3.09,232870,73889471.6,6.69,-10.17,-0.35,2.45
2025-04-08,002969,3.03,2.95,3.09,2.88,366551,109621741.38,6.8,-4.53,-0.14,3.86
2025-04-09,002969,2.91,2.99,3.02,2.77,299857,88243499.0,8.47,1.36,0.04,3.16
2025-04-10,002969,3.03,3.06,3.1,3.03,199638,61912455.04,2.34,2.34,0.07,2.1
2025-04-11,002969,3.04,3.07,3.1,3.01,145615,45233030.0,2.94,0.33,0.01,1.53
2025-04-14,002969,3.09,3.14,3.16,3.09,141621,44750078.0,2.28,2.28,0.07,1.49
2025-04-15,002969,3.14,3.18,3.2,3.11,143265,45706207.0,2.87,1.27,0.04,1.51
2025-04-16,002969,3.17,3.14,3.18,3.06,154218,48624839.0,3.77,-1.26,-0.04,1.62
2025-04-17,002969,3.12,3.21,3.24,3.1,160370,51764694.0,4.46,2.23,0.07,1.69
2025-04-18,002969,3.2,3.19,3.24,3.17,112104,36187030.0,2.18,-0.62,-0.02,1.18
2025-04-21,002969,3.19,3.22,3.23,3.17,100829,32669441.0,1.88,0.94,0.03,1.06
2025-04-22,002969,3.22,3.3,3.32,3.22,173989,57591986.0,3.11,2.48,0.08,1.83
2025-04-23,002969,3.28,3.36,3.55,3.28,408431,139473891.0,8.18,1.82,0.06,4.3
2025-04-24,002969,3.4,3.4,3.49,3.35,293759,100983172.9,4.17,1.19,0.04,3.09
2025-04-25,002969,3.32,3.26,3.37,3.25,331069,110290685.0,3.53,-4.12,-0.14,3.49
2025-04-28,002969,3.25,3.12,3.26,3.1,244632,77617174.6,4.91,-4.29,-0.14,2.58
2025-04-29,002969,3.12,3.18,3.21,3.09,160310,51306414.62,3.85,1.92,0.06,1.69
2025-04-30,002969,3.2,3.11,3.23,3.11,168263,53521793.0,3.77,-2.2,-0.07,1.77
2025-05-06,002969,3.16,3.16,3.19,3.13,142260,45366233.0,1.93,1.61,0.05,1.5
2025-05-07,002969,3.19,3.19,3.23,3.16,131688,42486402.0,2.22,0.95,0.03,1.39
2025-05-08,002969,3.18,3.25,3.26,3.15,160904,52494419.0,3.45,1.88,0.06,1.69
2025-05-09,002969,3.26,3.29,3.29,3.21,151240,49856845.0,2.46,1.23,0.04,1.59
2025-05-12,002969,3.29,3.29,3.3,3.23,154584,50822068.0,2.13,0.0,0.0,1.63
2025-05-13,002969,3.31,3.28,3.34,3.26,147207,48951262.0,2.43,-0.3,-0.01,1.55
2025-05-14,002969,3.27,3.26,3.29,3.23,139714,45863429.0,1.83,-0.61,-0.02,1.47
2025-05-15,002969,3.26,3.26,3.28,3.24,90503,29760543.0,1.23,0.0,0.0,0.95
2025-05-16,002969,3.25,3.25,3.28,3.23,106793,35074587.0,1.53,-0.31,-0.01,1.12
2025-05-19,002969,3.25,3.31,3.32,3.24,108996,36191172.45,2.46,1.85,0.06,1.15
2025-05-20,002969,3.31,3.35,3.35,3.29,118036,39675386.0,1.81,1.21,0.04,1.24
2025-05-21,002969,3.34,3.32,3.35,3.3,100678,33722925.0,1.49,-0.9,-0.03,1.06
2025-05-22,002969,3.32,3.27,3.36,3.25,153185,50880257.0,3.31,-1.51,-0.05,1.61
2025-05-23,002969,3.26,3.22,3.31,3.22,120720,39735709.0,2.75,-1.53,-0.05,1.27
2025-05-26,002969,3.22,3.26,3.27,3.2,96976,31751965.0,2.17,1.24,0.04,1.02
2025-05-27,002969,3.26,3.42,3.59,3.25,764056,266621876.12,10.43,4.91,0.16,8.04
2025-05-28,002969,3.43,3.4,3.46,3.33,450840,153396655.0,3.8,-0.58,-0.02,4.75
2025-05-29,002969,3.38,3.4,3.41,3.35,252397,86047529.0,1.76,0.0,0.0,2.66
2025-05-30,002969,3.38,3.32,3.42,3.31,252617,85038148.0,3.24,-2.35,-0.08,2.66
2025-06-03,002969,3.28,3.34,3.35,3.28,176610,59142746.0,2.11,0.6,0.02,1.86
2025-06-04,002969,3.34,3.68,3.68,3.32,491126,176423348.9,10.78,10.18,0.34,5.17
2025-06-05,002969,3.95,4.05,4.05,3.76,2060226,823791349.17,7.88,10.05,0.37,21.69
2025-06-06,002969,3.98,3.86,4.05,3.74,1640731,639849767.15,7.65,-4.69,-0.19,17.27
2025-06-09,002969,3.85,3.8,3.91,3.76,929108,355825832.58,3.89,-1.55,-0.06,9.78
2025-06-10,002969,3.8,3.7,3.83,3.64,830819,309636348.7,5.0,-2.63,-0.1,8.75
2025-06-11,002969,3.68,3.65,3.69,3.63,532046,195383205.0,1.62,-1.35,-0.05,5.6
2025-06-12,002969,3.66,3.65,3.68,3.6,431351,157965402.35,2.19,0.0,0.0,4.54
2025-06-13,002969,3.63,3.51,3.64,3.5,454243,161919695.0,3.84,-3.84,-0.14,4.78
2025-06-16,002969,3.52,3.56,3.56,3.49,240391,85630979.0,1.99,1.42,0.05,2.53
2025-06-17,002969,3.56,3.49,3.58,3.46,300330,105608617.0,3.37,-1.97,-0.07,3.16
2025-06-18,002969,3.48,3.53,3.67,3.44,595095,212788285.54,6.59,1.15,0.04,6.27
2025-06-19,002969,3.49,3.37,3.52,3.36,400621,137831052.59,4.53,-4.53,-0.16,4.22
2025-06-20,002969,3.38,3.39,3.42,3.36,203510,69418363.0,1.78,0.59,0.02,2.14
2025-06-23,002969,3.37,3.43,3.44,3.33,183682,63038232.0,3.24,1.18,0.04,1.93
2025-06-24,002969,3.44,3.54,3.55,3.43,327204,115124202.0,3.5,3.21,0.11,3.45
2025-06-25,002969,3.56,3.5,3.61,3.47,331483,117177643.0,3.95,-1.13,-0.04,3.49
2025-06-26,002969,3.48,3.47,3.51,3.46,207960,72866989.35,1.43,-0.86,-0.03,2.19
2025-06-27,002969,3.47,3.46,3.51,3.46,175007,61249420.0,1.44,-0.29,-0.01,1.84
2025-06-30,002969,3.46,3.49,3.5,3.44,189255,65989656.42,1.73,0.87,0.03,1.99
2025-07-01,002969,3.49,3.47,3.5,3.44,142764,49755693.2,1.72,-0.57,-0.02,1.5
2025-07-02,002969,3.47,3.49,3.49,3.44,167775,58642739.5,1.44,0.58,0.02,1.77
2025-07-03,002969,3.48,3.5,3.51,3.48,125487,44088980.0,0.86,0.29,0.01,1.32
2025-07-04,002969,3.5,3.46,3.52,3.45,178875,62612367.0,2.0,-1.14,-0.04,1.88
2025-07-07,002969,3.6,3.58,3.74,3.54,585400,211550436.83,5.78,3.47,0.12,6.16
2025-07-08,002969,3.62,3.77,3.94,3.62,900441,343343614.59,8.94,5.31,0.19,9.48
2025-07-09,002969,3.69,3.64,3.73,3.63,580539,214483944.81,2.65,-3.45,-0.13,6.11
2025-07-10,002969,3.64,3.66,3.73,3.59,408470,149988399.0,3.85,0.55,0.02,4.3
2025-07-11,002969,3.67,3.6,3.7,3.6,346128,126419987.72,2.73,-1.64,-0.06,3.64
2025-07-14,002969,3.51,3.56,3.57,3.48,338860,120544632.0,2.5,-1.11,-0.04,3.57
2025-07-15,002969,3.55,3.46,3.55,3.43,308782,107751892.0,3.37,-2.81,-0.1,3.25
2025-07-16,002969,3.47,3.52,3.55,3.46,236442,83644349.0,2.6,1.73,0.06,2.49
2025-07-17,002969,3.5,3.53,3.54,3.49,167993,59440869.0,1.42,0.28,0.01,1.77
2025-07-18,002969,3.54,3.52,3.55,3.5,133757,47364927.0,1.42,-0.28,-0.01,1.41
2025-07-21,002969,3.52,3.58,3.59,3.51,212925,76382095.0,2.27,1.7,0.06,2.24
2025-07-22,002969,3.58,3.59,3.59,3.53,197938,70931933.34,1.68,0.28,0.01,2.08
2025-07-23,002969,3.58,3.57,3.6,3.55,166200,59745038.0,1.39,-0.56,-0.02,1.75
2025-07-24,002969,3.58,3.59,3.59,3.56,148915,53614871.0,0.84,0.56,0.02,1.57
2025-07-25,002969,3.59,3.59,3.6,3.57,132244,47674425.0,0.84,0.0,0.0,1.39
2025-07-28,002969,3.58,3.58,3.59,3.55,122731,44059697.42,1.11,-0.28,-0.01,1.29
2025-07-29,002969,3.57,3.54,3.58,3.5,140901,50033150.86,2.23,-1.12,-0.04,1.48
2025-07-30,002969,3.53,3.56,3.57,3.52,123452,44040472.0,1.41,0.56,0.02,1.3
2025-07-31,002969,3.54,3.49,3.55,3.48,134914,47656063.0,1.97,-1.97,-0.07,1.42
2025-08-01,002969,3.5,3.53,3.53,3.49,87884,31076619.0,1.15,1.15,0.04,0.93
2025-08-04,002969,3.52,3.54,3.55,3.49,104059,36902190.0,1.7,0.28,0.01,1.1
2025-08-05,002969,3.54,3.6,3.61,3.53,159680,57485138.0,2.26,1.69,0.06,1.68
2025-08-06,002969,3.62,3.58,3.62,3.57,123577,44523741.0,1.39,-0.56,-0.02,1.3
2025-08-07,002969,3.58,3.58,3.6,3.56,105119,37802061.0,1.12,0.0,0.0,1.11
2025-08-08,002969,3.62,3.64,3.66,3.58,247424,90135087.0,2.23,1.68,0.06,2.61
2025-08-11,002969,3.66,3.67,3.68,3.62,184029,67684461.0,1.65,0.82,0.03,1.94
2025-08-12,002969,3.67,3.64,3.68,3.62,131433,48159527.68,1.63,-0.82,-0.03,1.38
2025-08-13,002969,3.65,3.63,3.66,3.6,156112,56907502.0,1.65,-0.27,-0.01,1.64
2025-08-14,002969,3.62,3.57,3.64,3.57,153802,55789277.0,1.93,-1.65,-0.06,1.62
2025-08-15,002969,3.57,3.61,3.62,3.56,119104,43111343.0,1.68,1.12,0.04,1.25
2025-08-18,002969,3.61,3.61,3.64,3.58,158420,57554218.0,1.66,0.0,0.0,1.67
2025-08-19,002969,3.61,3.64,3.65,3.59,145337,52967034.0,1.66,0.83,0.03,1.53
2025-08-20,002969,3.63,3.66,3.66,3.61,158701,58036531.0,1.37,0.55,0.02,1.67
2025-08-21,002969,3.66,3.65,3.67,3.63,156371,57454624.0,1.09,-0.27,-0.01,1.65
2025-08-22,002969,3.64,3.63,3.65,3.59,163843,59531391.0,1.64,-0.55,-0.02,1.73
2025-08-25,002969,3.64,3.64,3.66,3.62,152512,55741824.25,1.1,0.28,0.01,1.61
2025-08-26,002969,3.63,3.67,3.7,3.6,207998,76641260.0,2.75,0.82,0.03,2.19
2025-08-27,002969,3.68,3.55,3.68,3.54,212806,77242415.0,3.81,-3.27,-0.12,2.24
2025-08-28,002969,3.53,3.48,3.58,3.38,304000,106437246.45,5.63,-1.97,-0.07,3.2
2025-08-29,002969,3.47,3.48,3.51,3.46,167265,58565658.0,1.44,0.0,0.0,1.76
2025-09-01,002969,3.49,3.49,3.53,3.46,143463,50384335.5,2.01,0.29,0.01,1.51
2025-09-02,002969,3.49,3.5,3.5,3.43,170482,59430348.5,2.01,0.29,0.01,1.79
2025-09-03,002969,3.5,3.42,3.51,3.4,122439,42556684.02,3.14,-2.29,-0.08,1.29
2025-09-04,002969,3.41,3.45,3.49,3.41,181574,63083515.0,2.34,0.88,0.03,1.91
2025-09-05,002969,3.46,3.49,3.5,3.41,141289,49215608.32,2.61,1.16,0.04,1.49
2025-09-08,002969,3.49,3.54,3.54,3.49,125240,44276972.0,1.43,1.43,0.05,1.32
2025-09-09,002969,3.53,3.53,3.55,3.51,97548,34618110.0,1.13,-0.28,-0.01,1.03
2025-09-10,002969,3.55,3.56,3.57,3.52,115212,41090233.0,1.42,0.85,0.03,1.21
2025-09-11,002969,3.57,3.59,3.59,3.5,138908,49600114.0,2.53,0.84,0.03,1.46
2025-09-12,002969,3.6,3.57,3.6,3.56,137663,49576353.2,1.11,-0.56,-0.02,1.45
2025-09-15,002969,3.58,3.58,3.58,3.54,112975,40485642.0,1.12,0.28,0.01,1.19
2025-09-16,002969,3.59,3.63,3.63,3.57,135799,49202044.0,1.68,1.4,0.05,1.43
2025-09-17,002969,3.65,3.61,3.65,3.6,138527,50404527.0,1.38,-0.55,-0.02,1.46
2025-09-18,002969,3.62,3.54,3.62,3.49,177925,63721285.0,3.6,-1.94,-0.07,1.87
2025-09-19,002969,3.53,3.5,3.57,3.47,147487,51906970.0,2.82,-1.13,-0.04,1.55
2025-09-22,002969,3.5,3.45,3.51,3.42,118279,40963330.0,2.57,-1.43,-0.05,1.25
2025-09-23,002969,3.45,3.42,3.46,3.33,147471,50138085.0,3.77,-0.87,-0.03,1.55
2025-09-24,002969,3.41,3.46,3.46,3.36,92186,31855189.0,2.92,1.17,0.04,0.97
2025-09-25,002969,3.46,3.42,3.48,3.4,80388,27818137.0,2.31,-1.16,-0.04,0.85
2025-09-26,002969,3.41,3.49,3.51,3.4,140972,48981754.39,3.22,2.05,0.07,1.48
2025-09-29,002969,3.49,3.53,3.54,3.42,115913,40443562.0,3.44,1.15,0.04,1.22
2025-09-30,002969,3.53,3.48,3.54,3.48,86547,30350604.0,1.7,-1.42,-0.05,0.91
2025-10-09,002969,3.48,3.48,3.51,3.46,94653,32978980.0,1.44,0.0,0.0,1.0
2025-10-10,002969,3.48,3.57,3.57,3.46,170596,60439066.0,3.16,2.59,0.09,1.8
2025-10-13,002969,3.48,3.58,3.58,3.44,127678,45082452.0,3.92,0.28,0.01,1.34
2025-10-14,002969,3.58,3.6,3.63,3.58,176430,63645027.0,1.4,0.56,0.02,1.86
2025-10-15,002969,3.6,3.63,3.64,3.6,124765,45164809.0,1.11,0.83,0.03,1.31
2025-10-16,002969,3.63,3.61,3.67,3.59,117700,42696061.05,2.2,-0.55,-0.02,1.24
2025-10-17,002969,3.6,3.63,3.68,3.59,158483,57690010.0,2.49,0.55,0.02,1.67
2025-10-20,002969,3.64,3.65,3.67,3.62,141827,51695297.0,1.38,0.55,0.02,1.49
2025-10-21,002969,3.66,3.71,3.71,3.64,164663,60657027.0,1.92,1.64,0.06,1.73
2025-10-22,002969,3.71,3.68,3.74,3.67,199602,74004066.0,1.89,-0.81,-0.03,2.1
2025-10-23,002969,3.67,3.74,3.74,3.66,145688,54017991.0,2.17,1.63,0.06,1.53
2025-10-24,002969,3.75,3.69,3.77,3.68,170952,63473569.0,2.41,-1.34,-0.05,1.8
2025-10-27,002969,3.69,3.66,3.69,3.62,160761,58784240.0,1.9,-0.81,-0.03,1.69
2025-10-28,002969,3.68,3.69,3.72,3.66,126764,46779547.0,1.64,0.82,0.03,1.33
2025-10-29,002969,3.69,3.65,3.7,3.61,132570,48307708.0,2.44,-1.08,-0.04,1.4
2025-10-30,002969,3.65,3.62,3.69,3.61,135060,49146497.0,2.19,-0.82,-0.03,1.42
2025-10-31,002969,3.62,3.65,3.66,3.61,119810,43595982.0,1.38,0.83,0.03,1.26
2025-11-03,002969,3.65,3.69,3.69,3.64,126790,46531730.0,1.37,1.1,0.04,1.33
2025-11-04,002969,3.68,3.71,3.73,3.66,138473,51256882.0,1.9,0.54,0.02,1.46
2025-11-05,002969,3.68,3.78,3.79,3.67,170800,64090309.0,3.23,1.89,0.07,1.8
2025-11-06,002969,3.78,3.74,3.79,3.72,116828,43735247.74,1.85,-1.06,-0.04,1.23
2025-11-07,002969,3.74,3.77,3.79,3.72,128699,48434681.0,1.87,0.8,0.03,1.36
2025-11-10,002969,3.76,3.83,3.84,3.75,147229,56034523.0,2.39,1.59,0.06,1.55
2025-11-11,002969,3.82,3.88,3.88,3.81,144503,55708998.32,1.83,1.31,0.05,1.52
2025-11-12,002969,3.88,3.88,3.94,3.85,196736,76444318.85,2.32,0.0,0.0,2.07
2025-11-13,002969,3.9,3.94,3.98,3.86,201432,78822354.0,3.09,1.55,0.06,2.12
2025-11-14,002969,3.94,3.9,3.99,3.89,132911,52199270.0,2.54,-1.02,-0.04,1.4
2025-11-17,002969,3.9,3.91,3.93,3.85,129258,50486134.68,2.05,0.26,0.01,1.36
2025-11-18,002969,3.89,3.87,3.93,3.83,146162,56488383.0,2.56,-1.02,-0.04,1.54
2025-11-19,002969,3.85,3.81,3.89,3.8,192894,73936027.0,2.33,-1.55,-0.06,2.03
2025-11-20,002969,3.83,3.8,3.85,3.74,174617,66253689.0,2.89,-0.26,-0.01,1.84
2025-11-21,002969,3.79,3.58,3.83,3.58,217225,79499072.0,6.58,-5.79,-0.22,2.29
2025-11-24,002969,3.64,3.65,3.66,3.59,189912,68927162.0,1.96,1.96,0.07,2.0
2025-11-25,002969,3.66,3.71,3.76,3.63,161256,59796496.0,3.56,1.64,0.06,1.7
2025-11-26,002969,3.73,3.7,3.75,3.68,140484,52156373.0,1.89,-0.27,-0.01,1.48
2025-11-27,002969,3.68,3.76,3.79,3.68,143850,53914563.6,2.97,1.62,0.06,1.51
2025-11-28,002969,3.78,3.86,3.86,3.73,146264,55748823.0,3.46,2.66,0.1,1.54
2025-12-01,002969,3.86,3.86,3.91,3.85,153247,59437858.0,1.55,0.0,0.0,1.61
2025-12-02,002969,3.85,4.08,4.25,3.82,915393,376009667.97,11.14,5.7,0.22,9.64
2025-12-03,002969,4.14,4.06,4.18,4.0,739941,299717756.05,4.41,-0.49,-0.02,7.79
2025-12-04,002969,4.02,3.93,4.03,3.9,407000,160905701.31,3.2,-3.2,-0.13,4.29
2025-12-05,002969,3.95,4.32,4.32,3.91,419668,174455616.0,10.43,9.92,0.39,4.42
2025-12-08,002969,4.4,4.23,4.4,4.18,1094303,465403576.55,5.09,-2.08,-0.09,11.52
2025-12-09,002969,4.23,4.56,4.65,4.23,1219534,539344557.68,9.93,7.8,0.33,12.84
2025-12-17,002969,5.02,5.02,5.02,5.02,49021,24608501.84,0.0,10.09,0.46,0.52
2025-12-18,002969,5.52,5.52,5.52,5.52,15420,8511900.72,0.0,9.96,0.5,0.16
2025-12-19,002969,6.07,6.07,6.07,6.07,28755,17454285.0,0.0,9.96,0.55,0.3
2025-12-22,002969,6.68,6.68,6.68,6.68,15968,10666624.0,0.0,10.05,0.61,0.17
2025-12-23,002969,7.35,7.35,7.35,7.35,52922,38897736.15,0.0,10.03,0.67,0.56
2025-12-24,002969,8.09,8.09,8.09,8.09,29630,23970403.03,0.0,10.07,0.74,0.31
2025-12-25,002969,8.9,8.9,8.9,8.9,20636,18365692.9,0.0,10.01,0.81,0.22
2025-12-26,002969,9.79,9.79,9.79,9.79,25885,25341346.47,0.0,10.0,0.89,0.27
2025-12-29,002969,10.77,10.77,10.77,10.77,88838,95679010.65,0.0,10.01,0.98,0.94
2025-12-30,002969,11.85,11.85,11.85,11.85,82745,98053109.4,0.0,10.03,1.08,0.87
2025-12-31,002969,13.04,12.66,13.04,12.01,2436851,3153296934.73,8.69,6.84,0.81,24.97
2026-01-05,002969,12.73,13.7,13.9,12.06,1664314,2204832853.04,14.53,8.21,1.04,16.66
2026-01-06,002969,13.7,15.07,15.07,13.7,1142570,1686198407.59,10.0,10.0,1.37,11.44
2026-01-12,002969,16.58,16.58,16.58,16.58,43051,71379353.84,0.0,10.02,1.51,0.43
2026-01-13,002969,18.24,17.55,18.24,16.55,1436381,2566886885.51,10.19,5.85,0.97,14.38
2026-01-14,002969,18.85,19.31,19.31,18.0,578250,1104018998.13,7.46,10.03,1.76,5.79
2026-01-15,002969,19.19,17.38,20.5,17.38,1336470,2489608134.45,16.16,-9.99,-1.93,13.38
2026-01-16,002969,16.35,15.64,17.5,15.64,1033486,1663451008.93,10.7,-10.01,-1.74,10.17
2026-01-19,002969,16.54,17.2,17.2,16.54,432809,736452227.55,4.22,9.97,1.56,4.26
2026-01-20,002969,18.92,18.92,18.92,18.45,239125,451938617.52,2.73,10.0,1.72,2.35
2026-01-21,002969,20.8,19.41,20.8,18.9,1269412,2526354283.34,10.04,2.59,0.49,12.18
2026-01-22,002969,20.99,21.35,21.35,20.11,1138983,2384772890.5,6.39,9.99,1.94,10.92
2026-01-23,002969,21.03,23.17,23.48,20.81,926003,2094035350.51,12.51,8.52,1.82,8.65
2026-02-02,002969,20.85,23.18,25.4,20.85,1225874,2836011051.94,19.64,0.04,0.01,11.24
2026-02-03,002969,24.15,23.79,24.5,22.28,844568,1976487774.06,9.58,2.63,0.61,7.75
2026-02-04,002969,23.4,22.99,23.85,22.8,565382,1313325393.48,4.41,-3.36,-0.8,5.19
2026-02-05,002969,22.55,25.29,25.29,22.28,805449,1953219451.87,13.09,10.0,2.3,7.39
2026-02-06,002969,25.3,25.99,27.48,24.33,966347,2538993859.61,12.46,2.77,0.7,8.86
2026-02-09,002969,27.0,27.65,27.69,26.0,728666,1957736368.82,6.5,6.39,1.66,6.68
2026-02-10,002969,28.03,30.42,30.42,28.03,791654,2349745635.24,8.64,10.02,2.77,7.26
2026-02-11,002969,29.6,31.3,31.5,27.8,944792,2816378975.37,12.16,2.89,0.88,8.67
2026-02-12,002969,31.6,33.39,33.54,30.46,838431,2734025955.24,9.84,6.68,2.09,7.69
2026-02-13,002969,31.55,30.05,33.38,30.05,997541,3111794051.05,9.97,-10.0,-3.34,9.15
