日期,股票代码,开盘,收盘,最高,最低,成交量,成交额,振幅,涨跌幅,涨跌额,换手率
2023-02-23,300170,11.33,10.82,11.33,10.75,465182,514882895.0,5.15,-3.91,-0.44,5.62
2023-02-24,300170,10.87,10.91,11.06,10.76,350524,387497361.0,2.77,0.83,0.09,4.24
2023-02-27,300170,10.83,10.6,10.97,10.48,443558,479008826.0,4.49,-2.84,-0.31,5.36
2023-02-28,300170,10.7,10.99,11.11,10.68,489976,541154975.0,4.06,3.68,0.39,5.92
2023-03-01,300170,10.88,11.79,12.1,10.87,930571,1096595758.0,11.19,7.28,0.8,11.25
2023-03-02,300170,11.84,12.09,12.49,11.8,917438,1127012171.0,5.85,2.54,0.3,11.09
2023-03-03,300170,12.12,11.95,12.12,11.65,596673,716234223.0,3.89,-1.16,-0.14,7.21
2023-03-06,300170,12.07,12.05,12.21,11.87,528231,643732684.0,2.85,0.84,0.1,6.39
2023-03-07,300170,12.05,11.57,12.12,11.56,543117,645868795.0,4.65,-3.98,-0.48,6.57
2023-03-08,300170,11.65,11.79,12.0,11.57,394747,468523480.0,3.72,1.9,0.22,4.77
2023-03-09,300170,11.75,12.36,12.48,11.5,736563,897747977.0,8.31,4.83,0.57,8.91
2023-03-10,300170,12.2,11.97,12.63,11.95,752673,934736197.0,5.5,-3.16,-0.39,9.1
2023-03-13,300170,11.87,12.94,12.95,11.84,796822,1006787043.0,9.27,8.1,0.97,9.63
2023-03-14,300170,12.73,12.54,12.87,12.38,617129,786788150.0,3.79,-3.09,-0.4,7.46
2023-03-15,300170,12.66,12.18,12.82,12.12,513011,641366340.0,5.58,-2.87,-0.36,6.2
2023-03-16,300170,11.98,12.15,12.56,11.83,513635,633458927.0,5.99,-0.25,-0.03,6.21
2023-03-17,300170,12.37,13.1,13.59,12.25,1065016,1403156920.0,11.03,7.82,0.95,12.88
2023-03-20,300170,14.09,13.94,15.25,13.77,1568424,2273382619.0,11.3,6.41,0.84,18.96
2023-03-21,300170,14.06,14.46,14.92,13.77,998189,1449163589.0,8.25,3.73,0.52,12.07
2023-03-22,300170,14.24,14.87,15.17,14.15,1048597,1543624741.0,7.05,2.84,0.41,12.68
2023-03-23,300170,14.72,14.5,14.75,14.14,802317,1169745246.0,4.1,-2.49,-0.37,9.7
2023-03-24,300170,14.49,15.11,15.21,14.24,958485,1426706786.0,6.69,4.21,0.61,11.59
2023-03-27,300170,14.98,14.74,15.86,14.43,1037423,1576613215.0,9.46,-2.45,-0.37,12.54
2023-03-28,300170,14.27,14.03,14.52,13.97,692521,994052070.0,3.73,-4.82,-0.71,8.37
2023-03-29,300170,14.13,13.89,14.35,13.66,652793,923343634.0,4.92,-1.0,-0.14,7.89
2023-03-30,300170,13.87,13.55,13.89,13.38,585804,803917571.0,3.67,-2.45,-0.34,7.08
2023-03-31,300170,13.53,14.02,14.1,13.35,511848,711842263.0,5.54,3.47,0.47,6.14
2023-04-03,300170,14.0,14.21,14.24,13.44,814414,1143824992.0,5.71,1.36,0.19,9.77
2023-04-04,300170,14.02,13.84,14.12,13.65,655326,920674673.0,3.31,-2.6,-0.37,7.86
2023-04-06,300170,13.45,12.83,13.45,12.49,1034844,1339568475.0,6.94,-7.3,-1.01,12.41
2023-04-07,300170,12.79,13.4,13.46,12.67,694288,918152212.0,6.16,4.44,0.57,8.32
2023-04-10,300170,13.19,12.33,13.23,12.17,722230,922098542.0,7.91,-7.99,-1.07,8.66
2023-04-11,300170,12.27,12.41,12.72,12.2,463648,584294625.0,4.22,0.65,0.08,5.56
2023-04-12,300170,12.35,12.69,12.82,12.31,446795,569080158.0,4.11,2.26,0.28,5.36
2023-04-13,300170,12.52,12.32,12.8,12.27,492553,622455306.0,4.18,-2.92,-0.37,5.91
2023-04-14,300170,12.3,12.55,12.6,12.05,418836,523881835.0,4.46,1.87,0.23,5.02
2023-04-17,300170,12.87,12.28,13.02,12.17,507037,636276484.0,6.77,-2.15,-0.27,6.08
2023-04-18,300170,12.19,12.5,12.55,12.06,444307,555294748.0,3.99,1.79,0.22,5.33
2023-04-19,300170,12.36,12.39,12.69,12.3,509052,643019710.0,3.12,-0.88,-0.11,6.1
2023-04-20,300170,12.37,12.6,12.69,12.24,540815,682668585.0,3.63,1.69,0.21,6.48
2023-04-21,300170,12.89,11.62,13.01,11.62,1005771,1242952913.0,11.03,-7.78,-0.98,12.06
2023-04-24,300170,11.39,11.73,11.98,11.38,548771,654021150.0,5.16,0.95,0.11,5.92
2023-04-25,300170,11.27,10.8,11.35,10.57,866206,951928243.0,6.65,-7.93,-0.93,9.34
2023-04-26,300170,10.57,10.24,10.97,10.12,830267,874008419.0,7.87,-5.19,-0.56,8.95
2023-04-27,300170,10.25,10.12,10.5,10.01,468246,484273404.0,4.79,-1.17,-0.12,5.04
2023-04-28,300170,10.17,10.64,10.71,10.14,517270,549419936.0,5.63,5.14,0.52,5.57
2023-05-04,300170,10.53,10.21,10.73,10.01,459704,474498086.0,6.77,-4.04,-0.43,4.95
2023-05-05,300170,10.22,10.29,10.51,10.08,465447,483826341.0,4.21,0.78,0.08,5.01
2023-05-08,300170,10.34,10.49,10.63,10.12,477762,502643944.0,4.96,1.94,0.2,5.14
2023-05-09,300170,10.36,10.27,10.6,10.23,411297,432711362.0,3.53,-2.1,-0.22,4.43
2023-05-10,300170,10.17,10.22,10.4,10.12,309892,321361624.0,2.73,-0.49,-0.05,3.34
2023-05-11,300170,10.31,10.64,10.92,10.29,754936,815937886.0,6.16,4.11,0.42,8.13
2023-05-12,300170,10.43,10.66,11.16,10.43,714734,777916803.0,6.86,0.19,0.02,7.69
2023-05-15,300170,10.73,10.3,10.84,9.98,644535,669579044.0,8.07,-3.38,-0.36,6.94
2023-05-16,300170,10.29,9.87,10.31,9.85,470186,475716361.0,4.47,-4.17,-0.43,5.06
2023-05-17,300170,9.88,9.96,10.12,9.82,278693,282048091.0,3.04,0.91,0.09,3.0
2023-05-18,300170,9.99,10.16,10.26,9.91,324452,332862664.0,3.51,2.01,0.2,3.49
2023-05-19,300170,10.24,10.07,10.28,9.88,380977,387245907.0,3.94,-0.89,-0.09,4.1
2023-05-22,300170,10.04,9.85,10.07,9.71,326973,326391448.0,3.57,-2.18,-0.22,3.52
2023-05-23,300170,9.86,9.58,9.88,9.55,311436,305382059.0,3.35,-2.74,-0.27,3.35
2023-05-24,300170,9.55,9.58,9.69,9.39,248564,240591218.0,3.13,0.0,0.0,2.68
2023-05-25,300170,9.56,9.51,9.69,9.27,259426,248908999.0,4.38,-0.73,-0.07,2.79
2023-05-26,300170,9.47,9.67,9.72,9.46,243775,237288500.0,2.73,1.68,0.16,2.62
2023-05-29,300170,9.72,9.77,9.92,9.69,228404,225412482.0,2.38,1.03,0.1,2.46
2023-05-30,300170,9.76,9.98,10.0,9.5,351148,345930053.0,5.12,2.15,0.21,3.78
2023-05-31,300170,9.98,10.19,10.23,9.9,448869,456390152.0,3.31,2.1,0.21,4.83
2023-06-01,300170,10.23,10.52,10.67,10.07,728720,766569023.0,5.89,3.24,0.33,7.84
2023-06-02,300170,10.48,10.47,10.53,10.35,437907,460512066.0,1.71,-0.48,-0.05,4.71
2023-06-05,300170,10.55,10.61,10.76,10.49,438413,468441752.0,2.58,1.34,0.14,4.72
2023-06-06,300170,10.54,10.26,10.61,10.21,389099,407816769.0,3.77,-3.3,-0.35,4.19
2023-06-07,300170,10.3,10.39,10.5,10.21,242540,253999093.0,2.83,1.27,0.13,2.61
2023-06-08,300170,10.35,10.28,10.4,10.1,289095,298688196.0,2.89,-1.06,-0.11,3.11
2023-06-09,300170,10.25,10.46,10.48,10.18,334021,348075566.0,2.92,1.75,0.18,3.6
2023-06-12,300170,10.46,10.5,10.58,10.39,359425,379525748.0,1.82,0.38,0.04,3.87
2023-06-13,300170,10.48,10.75,10.8,10.33,559655,600709151.0,4.48,2.38,0.25,6.0
2023-06-14,300170,10.75,10.71,10.84,10.57,373178,401415454.0,2.51,-0.37,-0.04,4.0
2023-06-15,300170,10.7,10.4,10.72,10.38,447115,472234748.0,3.17,-2.89,-0.31,4.8
2023-06-16,300170,10.43,10.97,11.1,10.26,839302,915160637.0,8.08,5.48,0.57,9.0
2023-06-19,300170,10.97,11.36,11.53,10.93,972145,1102303760.0,5.47,3.56,0.39,10.43
2023-06-20,300170,11.45,12.28,12.75,11.45,1505670,1847593651.0,11.44,8.1,0.92,16.15
2023-06-21,300170,12.5,12.19,13.08,12.15,1432192,1810228043.0,7.57,-0.73,-0.09,15.37
2023-06-26,300170,11.45,10.91,12.03,10.83,1351306,1543119486.0,9.84,-10.5,-1.28,14.5
2023-06-27,300170,11.09,11.0,11.23,10.65,799262,879415440.0,5.32,0.82,0.09,8.57
2023-06-28,300170,10.82,9.97,10.84,9.36,1185467,1170027443.0,13.45,-9.36,-1.03,12.72
2023-06-29,300170,9.89,10.59,10.86,9.89,1204129,1258721930.0,9.73,6.22,0.62,12.92
2023-06-30,300170,10.45,11.47,11.75,10.43,1262093,1415284616.0,12.46,8.31,0.88,13.44
2023-07-03,300170,11.43,11.11,11.53,10.64,777338,863198136.0,7.76,-3.14,-0.36,8.28
2023-07-04,300170,11.24,11.03,11.25,10.78,512459,564394098.0,4.23,-0.72,-0.08,5.46
2023-07-05,300170,10.96,10.95,11.42,10.78,533646,597522684.0,5.8,-0.73,-0.08,5.68
2023-07-06,300170,10.96,10.84,11.18,10.78,414411,457362931.0,3.65,-1.0,-0.11,4.41
2023-07-07,300170,10.8,11.87,12.07,10.1,1466548,1656296133.0,18.17,9.5,1.03,15.62
2023-07-10,300170,11.76,11.31,11.81,11.16,901219,1030400869.0,5.48,-4.72,-0.56,9.6
2023-07-11,300170,11.25,10.85,11.25,10.78,638192,704739636.0,4.16,-4.07,-0.46,6.8
2023-07-12,300170,10.84,10.27,10.89,10.26,551621,585757388.0,5.81,-5.35,-0.58,5.88
2023-07-13,300170,10.28,10.38,10.56,10.09,553345,575490619.0,4.58,1.07,0.11,5.89
2023-07-14,300170,10.33,11.26,11.73,10.29,1348785,1520019292.0,13.87,8.48,0.88,14.37
2023-07-17,300170,11.22,11.5,11.86,11.14,946024,1100743346.0,6.39,2.13,0.24,10.08
2023-07-18,300170,11.54,11.38,11.98,11.29,829622,968557198.0,6.0,-1.04,-0.12,8.84
2023-07-19,300170,12.43,12.09,12.92,11.9,1698581,2107200987.0,8.96,6.24,0.71,18.07
2023-07-20,300170,12.14,11.25,12.26,11.23,1071353,1253607099.0,8.52,-6.95,-0.84,11.39
2023-07-21,300170,11.32,11.62,12.13,11.03,1253563,1481725348.0,9.78,3.29,0.37,13.33
2023-07-24,300170,11.56,11.5,11.96,11.29,797685,935237171.0,5.77,-1.03,-0.12,8.48
2023-07-25,300170,11.72,11.91,12.23,11.27,1159474,1380074551.0,8.35,3.57,0.41,12.33
2023-07-26,300170,11.77,11.1,11.85,10.96,1117860,1272858826.0,7.47,-6.8,-0.81,11.89
2023-07-27,300170,10.89,10.6,10.95,10.56,761043,822103764.0,3.51,-4.5,-0.5,8.09
2023-07-28,300170,10.53,10.75,10.9,10.33,628429,668756400.0,5.38,1.42,0.15,6.68
2023-07-31,300170,10.71,10.54,10.81,10.35,614553,651997630.0,4.28,-1.95,-0.21,6.54
2023-08-01,300170,10.43,10.45,10.6,10.23,496344,520014587.0,3.51,-0.85,-0.09,5.28
2023-08-02,300170,10.31,10.46,10.68,10.29,341624,360591022.0,3.73,0.1,0.01,3.63
2023-08-03,300170,10.34,10.22,10.52,10.21,381439,396702082.0,2.96,-2.29,-0.24,4.06
2023-08-04,300170,10.25,10.51,10.65,10.21,522973,552839685.0,4.31,2.84,0.29,5.56
2023-08-07,300170,10.48,10.58,10.7,10.45,343884,366591344.0,2.38,0.67,0.07,3.66
2023-08-08,300170,10.51,10.34,10.61,10.26,335093,351328830.0,3.31,-2.27,-0.24,3.56
2023-08-09,300170,10.29,10.06,10.44,10.02,354565,364186720.0,4.06,-2.71,-0.28,3.77
2023-08-10,300170,10.01,9.98,10.12,9.92,285439,287498967.0,1.99,-0.8,-0.08,3.04
2023-08-11,300170,10.02,9.82,10.04,9.81,239555,239087708.0,2.3,-1.6,-0.16,2.55
2023-08-14,300170,9.69,10.02,10.03,9.64,217530,216128550.0,3.97,2.04,0.2,2.31
2023-08-15,300170,10.01,9.81,10.02,9.7,205036,203105591.0,3.19,-2.1,-0.21,2.18
2023-08-16,300170,9.73,9.54,9.78,9.53,233038,226315028.0,2.55,-2.75,-0.27,2.48
2023-08-17,300170,9.49,9.65,9.67,9.39,176158,169961107.0,2.94,1.15,0.11,1.87
2023-08-18,300170,9.63,9.27,9.68,9.27,236638,225475535.0,4.25,-3.94,-0.38,2.52
2023-08-21,300170,9.29,9.16,9.42,9.15,187158,175139705.0,2.91,-1.19,-0.11,1.99
2023-08-22,300170,9.26,9.43,9.43,9.17,262638,246464755.0,2.84,2.95,0.27,2.79
2023-08-23,300170,9.41,9.35,9.58,9.26,263965,250423146.0,3.39,-0.85,-0.08,2.81
2023-08-24,300170,9.4,9.2,9.48,9.2,263267,247182827.0,2.99,-1.6,-0.15,2.8
2023-08-25,300170,9.11,8.7,9.11,8.64,379995,338589763.0,5.11,-5.43,-0.5,4.04
2023-08-28,300170,9.37,8.57,9.37,8.51,408537,365711222.0,9.89,-1.49,-0.13,4.35
2023-08-29,300170,8.33,8.8,8.87,8.29,381250,334135216.0,6.77,2.68,0.23,4.06
2023-08-30,300170,8.73,9.09,9.16,8.7,431380,390270798.0,5.23,3.3,0.29,4.59
2023-08-31,300170,9.13,8.99,9.17,8.95,309821,282726222.0,2.42,-1.1,-0.1,3.3
2023-09-01,300170,9.02,8.9,9.09,8.85,224511,202468063.0,2.67,-1.0,-0.09,2.39
2023-09-04,300170,8.92,9.08,9.08,8.85,268112,242511711.0,2.58,2.02,0.18,2.85
2023-09-05,300170,9.08,8.93,9.12,8.88,266240,241491406.0,2.64,-1.65,-0.15,2.83
2023-09-06,300170,8.88,9.03,9.06,8.73,287431,258090489.0,3.7,1.12,0.1,3.06
2023-09-07,300170,9.03,8.88,9.1,8.86,221901,200423619.0,2.66,-1.66,-0.15,2.36
2023-09-08,300170,8.82,9.04,9.16,8.7,340677,307476386.0,5.18,1.8,0.16,3.62
2023-09-11,300170,9.04,9.17,9.25,8.91,323762,296765983.0,3.76,1.44,0.13,3.44
2023-09-12,300170,9.1,9.13,9.26,9.05,225838,207534329.0,2.29,-0.44,-0.04,2.4
2023-09-13,300170,9.09,8.85,9.12,8.77,292800,262410597.0,3.83,-3.07,-0.28,3.11
2023-09-14,300170,8.8,8.82,8.89,8.72,204672,181356871.0,1.92,-0.34,-0.03,2.18
2023-09-15,300170,8.83,8.67,8.88,8.63,189185,166187284.0,2.83,-1.7,-0.15,2.01
2023-09-18,300170,8.63,8.73,8.9,8.57,203500,179598846.0,3.81,0.69,0.06,2.16
2023-09-19,300170,8.68,8.51,8.72,8.48,177933,153436085.0,2.75,-2.52,-0.22,1.89
2023-09-20,300170,8.52,8.49,8.61,8.45,110474,94998415.0,1.88,-0.24,-0.02,1.18
2023-09-21,300170,8.46,8.43,8.58,8.41,134342,114798263.0,2.0,-0.71,-0.06,1.43
2023-09-22,300170,8.4,8.83,8.86,8.37,314751,275952386.0,5.81,4.74,0.4,3.35
2023-09-25,300170,9.0,8.78,9.03,8.75,249008,222178997.0,3.17,-0.57,-0.05,2.65
2023-09-26,300170,8.8,8.9,8.98,8.74,277701,248922102.0,2.73,1.37,0.12,2.95
2023-09-27,300170,8.8,8.77,8.89,8.76,209600,186454564.0,1.46,-1.46,-0.13,2.23
2023-09-28,300170,8.92,8.94,8.99,8.84,206725,185553676.0,1.71,1.94,0.17,2.19
2023-10-09,300170,8.88,8.89,8.93,8.83,154712,138398465.0,1.12,-0.56,-0.05,1.64
2023-10-10,300170,8.92,9.03,9.08,8.89,293065,266182027.0,2.14,1.57,0.14,3.11
2023-10-11,300170,9.09,9.04,9.16,8.94,285220,260363273.0,2.44,0.11,0.01,3.03
2023-10-12,300170,9.04,8.98,9.08,8.96,212913,193165905.0,1.33,-0.66,-0.06,2.26
2023-10-13,300170,8.93,8.95,9.05,8.87,187509,169323880.0,2.0,-0.33,-0.03,1.99
2023-10-16,300170,8.92,8.83,8.94,8.75,201408,179405125.0,2.12,-1.34,-0.12,2.14
2023-10-17,300170,8.81,8.79,8.88,8.66,160576,141985013.0,2.49,-0.45,-0.04,1.7
2023-10-18,300170,8.75,8.61,8.75,8.47,183444,158628346.0,3.19,-2.05,-0.18,1.95
2023-10-19,300170,8.57,8.49,8.77,8.48,172344,150011012.0,3.37,-1.39,-0.12,1.83
2023-10-20,300170,8.45,8.15,8.55,8.13,232878,194625861.0,4.95,-4.0,-0.34,2.47
2023-10-23,300170,8.13,7.69,8.13,7.63,267766,211581475.0,6.13,-5.64,-0.46,2.84
2023-10-24,300170,7.77,7.82,7.94,7.66,178594,140677990.0,3.64,1.69,0.13,1.89
2023-10-25,300170,7.9,8.13,8.19,7.87,237053,193374379.0,4.09,3.96,0.31,2.52
2023-10-26,300170,8.05,8.18,8.2,8.01,171756,140778591.0,2.34,0.62,0.05,1.82
2023-10-27,300170,8.21,8.11,8.21,7.96,215249,175255505.0,3.06,-0.86,-0.07,2.28
2023-10-30,300170,8.05,8.37,8.43,8.04,232204,193602255.0,4.81,3.21,0.26,2.46
2023-10-31,300170,8.38,8.25,8.41,8.15,165308,137833599.0,3.11,-1.43,-0.12,1.75
2023-11-01,300170,8.26,8.13,8.33,8.12,140834,116388866.0,2.55,-1.45,-0.12,1.49
2023-11-02,300170,8.19,8.09,8.25,8.09,147525,121495553.0,1.97,-0.49,-0.04,1.57
2023-11-03,300170,8.12,8.43,8.68,8.1,380695,323057552.0,7.17,4.2,0.34,4.04
2023-11-06,300170,8.41,8.61,8.62,8.38,290159,249576442.0,2.85,2.14,0.18,3.08
2023-11-07,300170,8.61,8.69,8.73,8.55,225912,196901071.0,2.09,0.93,0.08,2.4
2023-11-08,300170,8.68,8.78,8.91,8.66,292494,259065284.0,2.88,1.04,0.09,3.1
2023-11-09,300170,8.76,8.73,8.87,8.66,203697,179631220.0,2.39,-0.57,-0.05,2.16
2023-11-10,300170,8.66,8.59,8.71,8.57,151439,131596642.0,1.6,-1.6,-0.14,1.61
2023-11-13,300170,8.64,8.89,8.96,8.63,287419,256297269.0,3.84,3.49,0.3,3.05
2023-11-14,300170,8.91,9.12,9.16,8.88,390193,357020602.0,3.15,2.59,0.23,4.14
2023-11-15,300170,9.23,9.39,9.78,9.23,722661,688739789.0,6.03,2.96,0.27,7.67
2023-11-16,300170,9.23,9.81,10.1,9.2,1250858,1225731308.0,9.58,4.47,0.42,13.27
2023-11-17,300170,9.76,9.62,9.93,9.48,697579,674891392.0,4.59,-1.94,-0.19,7.4
2023-11-20,300170,9.58,9.52,9.63,9.41,458450,438445426.0,2.29,-1.04,-0.1,4.86
2023-11-21,300170,9.56,9.38,9.61,9.35,325829,309591260.0,2.73,-1.47,-0.14,3.46
2023-11-22,300170,9.38,9.23,9.49,9.23,290442,273500257.0,2.77,-1.6,-0.15,3.08
2023-11-23,300170,9.23,9.41,9.56,9.02,405935,379157687.0,5.85,1.95,0.18,4.31
2023-11-24,300170,9.24,9.01,9.47,8.92,415157,381728894.0,5.84,-4.25,-0.4,4.4
2023-11-27,300170,9.0,9.02,9.1,8.94,209257,189944366.0,1.78,0.11,0.01,2.22
2023-11-28,300170,9.01,9.01,9.12,8.87,220126,199369044.0,2.77,-0.11,-0.01,2.34
2023-11-29,300170,8.99,8.76,8.99,8.71,303053,269304847.0,3.11,-2.77,-0.25,3.22
2023-11-30,300170,8.72,8.58,8.78,8.5,243371,211230871.0,3.2,-2.05,-0.18,2.58
2023-12-01,300170,8.59,8.96,8.97,8.52,304012,269688230.0,5.24,4.43,0.38,3.23
2023-12-04,300170,8.95,8.91,9.07,8.9,227382,205774764.0,1.9,-0.56,-0.05,2.41
2023-12-05,300170,8.88,8.59,8.88,8.58,204959,179374176.0,3.37,-3.59,-0.32,2.17
2023-12-06,300170,8.54,8.61,8.73,8.46,191159,165474102.0,3.14,0.23,0.02,2.03
2023-12-07,300170,8.56,8.79,8.89,8.54,260280,229623778.0,4.07,2.09,0.18,2.76
2023-12-08,300170,8.81,8.85,9.02,8.77,251010,225108648.0,2.84,0.68,0.06,2.66
2023-12-11,300170,8.8,8.99,9.01,8.7,244861,218648249.0,3.5,1.58,0.14,2.6
2023-12-12,300170,8.97,8.96,9.01,8.91,171344,154559432.0,1.11,-0.33,-0.03,1.82
2023-12-13,300170,8.94,8.84,9.01,8.84,164084,147510443.0,1.9,-1.34,-0.12,1.74
2023-12-14,300170,8.87,8.84,9.01,8.82,201333,180786706.0,2.15,0.0,0.0,2.13
2023-12-15,300170,8.84,8.71,8.9,8.68,174875,154375735.0,2.49,-1.47,-0.13,1.85
2023-12-18,300170,8.68,8.51,8.77,8.48,148584,128770179.0,3.33,-2.3,-0.2,1.58
2023-12-19,300170,8.48,8.59,8.63,8.45,120009,103412833.0,2.12,0.94,0.08,1.27
2023-12-20,300170,8.6,8.33,8.63,8.32,156489,133056083.0,3.61,-3.03,-0.26,1.66
2023-12-21,300170,8.28,8.32,8.46,8.23,177792,149416487.0,2.76,-0.12,-0.01,1.89
2023-12-22,300170,8.33,8.06,8.33,8.02,207543,170698109.0,3.73,-3.13,-0.26,2.2
2023-12-25,300170,8.06,7.99,8.15,7.98,93645,75879981.0,2.11,-0.87,-0.07,0.99
2023-12-26,300170,8.01,7.82,8.01,7.79,125160,99123297.0,2.75,-2.13,-0.17,1.33
2023-12-27,300170,7.83,7.87,7.92,7.81,130317,103393021.0,1.41,0.64,0.05,1.38
2023-12-28,300170,7.87,8.08,8.12,7.76,185547,149692208.0,4.57,2.67,0.21,1.97
2023-12-29,300170,8.1,8.24,8.27,8.08,139936,115823466.0,2.35,1.98,0.16,1.48
2024-01-02,300170,8.22,8.14,8.29,8.14,108168,89353016.0,1.82,-1.21,-0.1,1.15
2024-01-03,300170,8.13,8.11,8.19,8.0,130307,106313445.0,2.33,-0.37,-0.03,1.38
2024-01-04,300170,8.09,8.02,8.14,8.0,116829,94919116.0,1.73,-1.11,-0.09,1.24
2024-01-05,300170,8.07,7.9,8.07,7.85,107988,86797829.0,2.74,-1.5,-0.12,1.14
2024-01-08,300170,7.88,7.65,7.89,7.64,135141,105613202.0,3.16,-3.16,-0.25,1.43
2024-01-09,300170,7.67,7.58,7.74,7.53,134422,103605025.0,2.75,-0.92,-0.07,1.42
2024-01-10,300170,7.57,7.47,7.58,7.36,105544,79575657.0,2.9,-1.45,-0.11,1.12
2024-01-11,300170,7.44,7.75,7.79,7.44,148680,114979014.0,4.69,3.75,0.28,1.58
2024-01-12,300170,7.72,7.65,7.77,7.64,105814,82158037.0,1.68,-1.29,-0.1,1.12
2024-01-15,300170,7.65,7.58,7.67,7.53,71791,55018338.0,1.83,-0.92,-0.07,0.76
2024-01-16,300170,7.59,7.49,7.62,7.33,139858,104978295.0,3.83,-1.19,-0.09,1.48
2024-01-17,300170,7.48,7.28,7.49,7.28,93883,69979215.0,2.8,-2.8,-0.21,1.0
2024-01-18,300170,7.23,7.24,7.35,7.0,172160,124053815.0,4.81,-0.55,-0.04,1.82
2024-01-19,300170,7.25,7.06,7.26,7.06,113349,81641093.0,2.76,-2.49,-0.18,1.2
2024-01-22,300170,7.06,6.58,7.12,6.5,214342,147235032.0,8.78,-6.8,-0.48,2.27
2024-01-23,300170,6.58,6.67,6.73,6.51,187352,125826710.0,3.34,1.37,0.09,1.99
2024-01-24,300170,6.69,6.87,6.87,6.51,170840,115628415.0,5.4,3.0,0.2,1.81
2024-01-25,300170,6.85,7.1,7.11,6.78,163923,115714367.0,4.8,3.35,0.23,1.74
2024-01-26,300170,7.09,7.04,7.19,7.04,138235,99165819.0,2.11,-0.85,-0.06,1.47
2024-01-29,300170,7.06,6.8,7.13,6.78,144609,101031737.0,4.97,-3.41,-0.24,1.53
2024-01-30,300170,6.77,6.6,6.88,6.59,114193,77645717.0,4.26,-2.94,-0.2,1.21
2024-01-31,300170,6.35,5.89,6.36,5.87,378858,232422635.0,7.42,-10.76,-0.71,4.02
2024-02-01,300170,5.85,5.88,6.11,5.75,204831,122713515.0,6.11,-0.17,-0.01,2.17
2024-02-02,300170,5.94,5.6,6.08,5.36,253212,145873806.0,12.24,-4.76,-0.28,2.68
2024-02-05,300170,5.6,4.88,5.62,4.83,373351,192531914.0,14.11,-12.86,-0.72,3.96
2024-02-06,300170,4.83,5.27,5.41,4.67,339831,173137108.0,15.16,7.99,0.39,3.6
2024-02-07,300170,5.32,5.44,5.58,5.2,306440,168834957.0,7.21,3.23,0.17,3.25
2024-02-08,300170,5.51,6.1,6.18,5.51,372652,226651000.0,12.32,12.13,0.66,3.95
2024-02-19,300170,6.24,6.21,6.35,6.02,343757,215647113.0,5.41,1.8,0.11,3.64
2024-02-20,300170,6.2,6.19,6.2,6.04,235635,145843129.0,2.58,-0.32,-0.02,2.5
2024-02-21,300170,6.13,6.31,6.71,6.04,423126,274180554.0,10.82,1.94,0.12,4.48
2024-02-22,300170,6.26,6.49,6.52,6.23,325087,211007408.0,4.6,2.85,0.18,3.45
2024-02-23,300170,6.6,6.74,6.78,6.54,378999,255665903.0,3.7,3.85,0.25,4.02
2024-02-26,300170,6.72,6.79,6.94,6.61,323570,221518114.0,4.9,0.74,0.05,3.43
2024-02-27,300170,6.81,7.03,7.03,6.71,350880,243638269.0,4.71,3.53,0.24,3.72
2024-02-28,300170,7.04,6.48,7.13,6.44,450832,311049445.0,9.82,-7.82,-0.55,4.78
2024-02-29,300170,6.43,6.82,6.82,6.41,306235,206886696.0,6.33,5.25,0.34,3.25
2024-03-01,300170,6.82,7.04,7.06,6.82,346268,243858593.0,3.52,3.23,0.22,3.67
2024-03-04,300170,7.03,6.98,7.08,6.79,287090,200974382.0,4.12,-0.85,-0.06,3.04
2024-03-05,300170,6.93,6.84,6.96,6.8,249045,172928803.0,2.29,-2.01,-0.14,2.64
2024-03-06,300170,6.79,6.81,6.89,6.7,192726,132517519.0,2.78,-0.44,-0.03,2.04
2024-03-07,300170,6.85,6.63,6.89,6.61,212398,144825007.0,4.11,-2.64,-0.18,2.25
2024-03-08,300170,6.63,6.74,6.77,6.57,167063,112798022.0,3.02,1.66,0.11,1.77
2024-03-11,300170,6.64,6.83,6.83,6.63,188159,128195901.0,2.97,1.34,0.09,1.99
2024-03-12,300170,6.88,6.87,6.93,6.78,220787,152930051.0,2.2,0.59,0.04,2.34
2024-03-13,300170,6.92,6.98,7.07,6.87,290725,204622089.0,2.91,1.6,0.11,3.08
2024-03-14,300170,6.96,6.88,6.96,6.75,257131,178241636.0,3.01,-1.43,-0.1,2.73
2024-03-15,300170,6.84,6.89,6.89,6.74,200743,138228191.0,2.18,0.15,0.01,2.13
2024-03-18,300170,6.92,6.99,6.99,6.85,238762,167387933.0,2.03,1.45,0.1,2.53
2024-03-19,300170,7.01,6.99,7.08,6.95,261140,185137113.0,1.86,0.0,0.0,2.77
2024-03-20,300170,6.97,7.21,7.22,6.96,376367,270410324.0,3.72,3.15,0.22,3.99
2024-03-21,300170,7.22,7.22,7.37,7.13,390160,285946199.0,3.33,0.14,0.01,4.14
2024-03-22,300170,7.69,7.92,8.01,7.46,1296155,1009805895.0,7.62,9.7,0.7,13.74
2024-03-25,300170,7.67,7.25,7.73,7.21,838579,633432080.0,6.57,-8.46,-0.67,8.89
2024-03-26,300170,7.26,6.97,7.36,6.84,552042,392902037.0,7.17,-3.86,-0.28,5.85
2024-03-27,300170,6.9,6.44,6.92,6.43,462940,310324343.0,7.03,-7.6,-0.53,4.91
2024-03-28,300170,6.4,6.72,6.81,6.4,388293,262202362.0,6.37,4.35,0.28,4.12
2024-03-29,300170,6.71,6.63,6.74,6.49,315994,210681566.0,3.72,-1.34,-0.09,3.35
2024-04-01,300170,6.66,6.83,6.87,6.64,275305,189086989.0,3.47,3.02,0.2,2.92
2024-04-02,300170,6.81,6.64,6.82,6.57,275502,185227159.0,3.66,-2.78,-0.19,2.92
2024-04-03,300170,6.6,6.46,6.62,6.4,241107,157806672.0,3.31,-2.71,-0.18,2.55
2024-04-08,300170,6.43,6.24,6.45,6.24,179571,114662614.0,3.25,-3.41,-0.22,1.9
2024-04-09,300170,6.25,6.3,6.33,6.17,219005,138443711.0,2.56,0.96,0.06,2.32
2024-04-10,300170,6.32,6.11,6.33,6.03,218477,135509353.0,4.76,-3.02,-0.19,2.31
2024-04-11,300170,6.01,6.12,6.22,6.01,195713,121455742.0,3.44,0.16,0.01,2.07
2024-04-12,300170,6.11,6.02,6.18,6.01,147175,90595706.0,2.78,-1.63,-0.1,1.56
2024-04-15,300170,5.99,5.76,6.05,5.65,291113,171294354.0,6.64,-4.32,-0.26,3.08
2024-04-16,300170,5.74,5.31,5.75,5.29,288548,159653593.0,7.99,-7.81,-0.45,3.06
2024-04-17,300170,5.44,5.74,5.76,5.44,261827,150149870.0,6.03,8.1,0.43,2.77
2024-04-18,300170,5.71,5.64,5.78,5.58,190036,109399754.0,3.48,-1.74,-0.1,2.01
2024-04-19,300170,5.64,5.53,5.67,5.5,137382,77387520.0,3.01,-1.95,-0.11,1.46
2024-04-22,300170,5.46,5.53,5.62,5.36,142291,79315371.0,4.7,0.0,0.0,1.51
2024-04-23,300170,5.53,5.64,5.68,5.53,158861,90513680.0,2.71,1.99,0.11,1.68
2024-04-24,300170,5.92,6.14,6.18,5.85,475441,291080968.0,5.85,8.87,0.5,5.04
2024-04-25,300170,6.07,6.2,6.28,6.03,313786,195793225.0,4.07,0.98,0.06,3.32
2024-04-26,300170,6.16,6.35,6.4,6.13,319733,203913415.0,4.35,2.42,0.15,3.39
2024-04-29,300170,6.38,6.59,6.6,6.37,286801,189268911.0,3.62,3.78,0.24,3.04
2024-04-30,300170,6.6,6.56,6.64,6.46,223010,147578898.0,2.73,-0.46,-0.03,2.36
2024-05-06,300170,6.67,6.59,6.72,6.56,240813,161357654.0,2.44,0.46,0.03,2.55
2024-05-07,300170,6.61,6.6,6.65,6.53,169349,112829877.0,1.82,0.15,0.01,1.79
2024-05-08,300170,6.58,6.44,6.58,6.43,185460,121445601.0,2.27,-2.42,-0.16,1.96
2024-05-09,300170,6.43,6.51,6.54,6.41,166873,109656410.0,2.02,1.09,0.07,1.77
2024-05-10,300170,6.5,6.38,6.57,6.33,172780,111855143.0,3.69,-2.0,-0.13,1.83
2024-05-13,300170,6.33,6.26,6.34,6.15,155224,98069446.0,2.98,-1.88,-0.12,1.64
2024-05-14,300170,6.29,6.38,6.46,6.29,147330,94908420.0,2.72,1.92,0.12,1.56
2024-05-15,300170,6.35,6.35,6.43,6.27,112656,72520269.0,2.51,-0.47,-0.03,1.19
2024-05-16,300170,6.36,6.39,6.5,6.36,167073,108792915.0,2.2,0.63,0.04,1.77
2024-05-17,300170,6.39,6.54,6.54,6.31,173755,113413626.0,3.6,2.35,0.15,1.84
2024-05-20,300170,6.53,6.6,6.63,6.46,178475,118497365.0,2.6,0.92,0.06,1.89
2024-05-21,300170,6.61,6.56,6.65,6.55,144192,95923188.0,1.52,-0.61,-0.04,1.53
2024-05-22,300170,6.55,6.59,6.62,6.51,135157,89924050.0,1.68,0.46,0.03,1.43
2024-05-23,300170,6.63,6.43,6.63,6.42,160471,105349158.0,3.19,-2.43,-0.16,1.7
2024-05-24,300170,6.46,6.32,6.49,6.31,143038,92374604.0,2.8,-1.71,-0.11,1.52
2024-05-27,300170,6.33,6.35,6.37,6.13,163109,102829903.0,3.8,0.47,0.03,1.73
2024-05-28,300170,6.36,6.26,6.43,6.23,122842,78610408.0,3.15,-1.42,-0.09,1.3
2024-05-29,300170,6.31,6.26,6.38,6.23,107561,68541615.0,2.4,0.0,0.0,1.14
2024-05-30,300170,6.23,6.27,6.33,6.14,118155,74634268.0,3.04,0.16,0.01,1.25
2024-05-31,300170,6.31,6.44,6.47,6.3,159140,102955374.0,2.71,2.71,0.17,1.69
2024-06-03,300170,6.41,6.27,6.44,6.22,156484,99810690.0,3.42,-2.64,-0.17,1.66
2024-06-04,300170,6.23,6.18,6.28,6.09,157366,97776214.0,3.03,-1.44,-0.09,1.67
2024-06-05,300170,6.17,6.21,6.29,6.14,129582,81621929.0,2.43,0.49,0.03,1.37
2024-06-06,300170,6.16,5.82,6.25,5.76,255761,153329895.0,7.89,-6.28,-0.39,2.71
2024-06-07,300170,5.89,5.93,6.04,5.84,126605,75866299.0,3.44,1.89,0.11,1.34
2024-06-11,300170,5.91,5.99,6.03,5.8,138277,82950873.0,3.88,1.01,0.06,1.46
2024-06-12,300170,6.0,6.11,6.17,5.96,163412,100775656.0,3.51,2.0,0.12,1.73
2024-06-13,300170,6.12,6.13,6.2,6.06,122880,76143730.0,2.29,0.33,0.02,1.3
2024-06-14,300170,6.13,6.22,6.23,6.04,141299,87813515.0,3.1,1.47,0.09,1.5
2024-06-17,300170,6.21,6.2,6.28,6.17,104283,65509836.0,1.77,-0.32,-0.02,1.1
2024-06-18,300170,6.19,6.44,6.44,6.19,160405,103140646.0,4.03,3.87,0.24,1.7
2024-06-19,300170,6.44,6.43,6.51,6.4,150865,98156009.0,1.71,-0.16,-0.01,1.6
2024-06-20,300170,6.4,6.21,6.47,6.2,147103,93749112.0,4.2,-3.42,-0.22,1.56
2024-06-21,300170,6.2,6.15,6.23,6.09,111064,69124463.0,2.25,-0.97,-0.06,1.18
2024-06-24,300170,6.11,5.9,6.13,5.89,158069,95552716.0,3.9,-4.07,-0.25,1.67
2024-06-25,300170,5.94,5.81,5.99,5.76,158585,93870084.0,3.9,-1.53,-0.09,1.68
2024-06-26,300170,5.81,6.22,6.24,5.76,228734,139038234.0,8.26,7.06,0.41,2.42
2024-06-27,300170,6.23,6.12,6.27,6.1,202346,126419499.0,2.73,-1.61,-0.1,2.14
2024-06-28,300170,6.11,6.08,6.26,6.04,161860,100783318.0,3.59,-0.65,-0.04,1.71
2024-07-01,300170,6.1,6.01,6.14,5.84,179598,108101529.0,4.93,-1.15,-0.07,1.9
2024-07-02,300170,6.01,6.21,6.31,6.0,265678,166549411.0,5.16,3.33,0.2,2.8
2024-07-03,300170,6.33,6.11,6.4,6.1,305333,190985617.0,4.83,-1.61,-0.1,3.22
2024-07-04,300170,6.02,5.87,6.16,5.86,230428,139170960.0,4.91,-3.93,-0.24,2.43
2024-07-05,300170,5.85,6.09,6.12,5.76,294244,179069144.0,6.13,3.75,0.22,3.11
2024-07-08,300170,6.05,5.81,6.09,5.77,265523,157481742.0,5.25,-4.6,-0.28,2.8
2024-07-09,300170,5.81,5.96,5.99,5.67,245575,144749766.0,5.51,2.58,0.15,2.59
2024-07-10,300170,5.93,5.97,6.07,5.88,194977,118087901.0,3.19,0.17,0.01,2.06
2024-07-11,300170,6.04,6.21,6.22,6.04,241771,150283746.0,3.02,4.02,0.24,2.55
2024-07-12,300170,6.16,6.14,6.21,6.12,157035,97656799.0,1.45,-1.13,-0.07,1.66
2024-07-15,300170,6.1,5.97,6.12,5.95,145838,88509632.0,2.77,-2.77,-0.17,1.54
2024-07-16,300170,5.94,6.04,6.06,5.91,124781,75476279.0,2.51,1.17,0.07,1.32
2024-07-17,300170,6.02,5.94,6.09,5.92,133446,80817587.0,2.81,-1.66,-0.1,1.41
2024-07-18,300170,5.89,5.87,5.92,5.7,191293,111857244.0,3.7,-1.18,-0.07,2.02
2024-07-19,300170,5.84,5.9,5.97,5.8,146869,87517948.0,2.9,0.51,0.03,1.55
2024-07-22,300170,5.93,5.97,6.02,5.9,161495,97353046.0,2.03,1.19,0.07,1.7
2024-07-23,300170,5.96,5.84,5.99,5.84,119886,71657801.0,2.51,-2.18,-0.13,1.27
2024-07-24,300170,5.83,5.7,5.88,5.68,139208,81073146.0,3.42,-2.4,-0.14,1.47
2024-07-25,300170,5.64,5.76,5.84,5.62,134757,78115607.0,3.86,1.05,0.06,1.42
2024-07-26,300170,5.78,5.86,5.9,5.75,120601,71244020.0,2.6,1.74,0.1,1.27
2024-07-29,300170,5.86,5.91,5.96,5.79,135008,80337706.0,2.9,0.85,0.05,1.42
2024-07-30,300170,5.89,5.94,5.98,5.85,100760,60374911.0,2.2,0.51,0.03,1.06
2024-07-31,300170,5.93,6.2,6.2,5.93,221270,136783606.0,4.55,4.38,0.26,2.34
2024-08-01,300170,6.18,6.23,6.31,6.17,190042,119774483.0,2.26,0.48,0.03,2.01
2024-08-02,300170,6.18,6.07,6.26,6.06,129375,80468853.0,3.21,-2.57,-0.16,1.37
2024-08-05,300170,6.0,5.84,6.11,5.84,176325,106355020.0,4.45,-3.79,-0.23,1.86
2024-08-06,300170,5.92,5.9,5.98,5.83,153292,91221518.0,2.57,1.03,0.06,1.62
2024-08-07,300170,5.88,5.89,5.97,5.87,114520,68394222.0,1.69,-0.17,-0.01,1.21
2024-08-08,300170,5.88,5.88,5.92,5.78,124038,73265442.0,2.38,-0.17,-0.01,1.31
2024-08-09,300170,5.92,5.82,5.96,5.82,101630,60309961.0,2.38,-1.02,-0.06,1.07
2024-08-12,300170,5.77,5.74,5.85,5.72,116510,67737042.0,2.23,-1.37,-0.08,1.23
2024-08-13,300170,5.72,5.79,5.81,5.7,107847,62598515.0,1.92,0.87,0.05,1.14
2024-08-14,300170,5.79,5.79,5.85,5.74,96286,56447840.0,1.9,0.0,0.0,1.02
2024-08-15,300170,5.78,5.94,6.0,5.75,216931,129723680.0,4.32,2.59,0.15,2.29
2024-08-16,300170,5.95,6.03,6.12,5.94,217801,132384245.0,3.03,1.52,0.09,2.3
2024-08-19,300170,6.03,6.09,6.14,6.03,182156,112128090.0,1.82,1.0,0.06,1.92
2024-08-20,300170,6.08,6.01,6.11,6.0,148339,90493374.0,1.81,-1.31,-0.08,1.57
2024-08-21,300170,5.99,6.07,6.19,5.99,185475,114347773.0,3.33,1.0,0.06,1.96
2024-08-22,300170,6.03,5.92,6.17,5.9,180864,109959430.0,4.45,-2.47,-0.15,1.91
2024-08-23,300170,5.92,6.07,6.11,5.89,190167,115634138.0,3.72,2.53,0.15,2.01
2024-08-26,300170,6.06,6.07,6.11,5.96,160589,98132013.0,2.47,0.0,0.0,1.69
2024-08-27,300170,6.03,5.92,6.14,5.91,191448,116126656.0,3.79,-2.47,-0.15,2.02
2024-08-28,300170,6.04,6.15,6.27,5.99,474484,293735320.0,4.73,3.89,0.23,5.01
2024-08-29,300170,6.12,6.39,6.39,6.07,479372,304641454.0,5.2,3.9,0.24,5.06
2024-08-30,300170,6.34,6.46,6.59,6.32,558829,365112454.0,4.23,1.1,0.07,5.9
2024-09-02,300170,6.47,6.36,6.54,6.34,359438,233314364.0,3.1,-1.55,-0.1,3.79
2024-09-03,300170,6.36,6.45,6.46,6.33,268018,173307153.0,2.04,1.42,0.09,2.83
2024-09-04,300170,6.37,6.34,6.43,6.3,220889,141821777.0,2.02,-1.71,-0.11,2.33
2024-09-05,300170,6.37,6.42,6.52,6.35,222413,144523485.0,2.68,1.26,0.08,2.35
2024-09-06,300170,6.44,6.33,6.5,6.31,194200,125388912.0,2.96,-1.4,-0.09,2.05
2024-09-09,300170,6.29,6.27,6.36,6.21,150032,95158226.0,2.37,-0.95,-0.06,1.58
2024-09-10,300170,6.27,6.44,6.49,6.14,244950,156157105.0,5.58,2.71,0.17,2.58
2024-09-11,300170,6.39,6.46,6.59,6.38,355999,232109316.0,3.26,0.31,0.02,3.76
2024-09-12,300170,6.45,6.48,6.57,6.41,342128,224079786.0,2.48,0.31,0.02,3.61
2024-09-13,300170,6.44,6.33,6.48,6.32,203893,131256392.0,2.47,-2.31,-0.15,2.15
2024-09-18,300170,6.34,6.25,6.39,6.13,166611,104701228.0,4.11,-1.26,-0.08,1.76
2024-09-19,300170,6.3,6.51,6.54,6.25,270362,175416001.0,4.64,4.16,0.26,2.85
2024-09-20,300170,6.5,6.63,6.68,6.46,375190,248890182.0,3.38,1.84,0.12,3.96
2024-09-23,300170,6.61,6.68,6.75,6.56,325012,218193052.0,2.87,0.75,0.05,3.43
2024-09-24,300170,6.66,6.77,6.78,6.52,472590,317749407.0,3.89,1.35,0.09,4.99
2024-09-25,300170,6.76,6.73,6.95,6.72,472375,325183969.0,3.4,-0.59,-0.04,4.98
2024-09-26,300170,6.7,6.99,7.0,6.68,497330,344021947.0,4.75,3.86,0.26,5.25
2024-09-27,300170,7.03,7.42,7.46,6.98,630615,458990692.0,6.87,6.15,0.43,6.65
2024-09-30,300170,7.76,8.84,8.85,7.72,1128106,943278420.0,15.23,19.14,1.42,11.9
2024-10-08,300170,10.6,10.26,10.6,9.4,1522660,1532920969.0,13.57,16.06,1.42,16.07
2024-10-09,300170,9.7,8.74,9.75,8.68,1158805,1081544266.0,10.43,-14.81,-1.52,12.23
2024-10-10,300170,9.07,8.68,9.2,8.55,717341,638201286.0,7.44,-0.69,-0.06,7.57
2024-10-11,300170,8.58,8.12,8.71,7.95,659001,546696507.0,8.76,-6.45,-0.56,6.95
2024-10-14,300170,8.13,8.55,8.55,7.89,585266,485020603.0,8.13,5.3,0.43,6.18
2024-10-15,300170,8.44,8.49,8.84,8.32,652000,566610348.0,6.08,-0.7,-0.06,6.88
2024-10-16,300170,8.33,8.59,8.75,8.24,441425,379296352.0,6.01,1.18,0.1,4.66
2024-10-17,300170,8.7,8.66,8.9,8.65,580499,512493386.0,2.91,0.81,0.07,6.13
2024-10-18,300170,8.62,9.05,9.26,8.5,731922,653888819.0,8.78,4.5,0.39,7.72
2024-10-21,300170,9.05,9.23,9.31,8.95,761064,699476400.0,3.98,1.99,0.18,8.03
2024-10-22,300170,9.15,8.9,9.16,8.8,636024,572550810.0,3.9,-3.58,-0.33,6.71
2024-10-23,300170,8.96,8.86,9.12,8.82,538553,485680454.0,3.37,-0.45,-0.04,5.68
2024-10-24,300170,8.82,8.76,8.86,8.61,384790,337398372.0,2.82,-1.13,-0.1,4.06
2024-10-25,300170,9.1,9.16,9.29,8.99,744397,683308503.0,3.42,4.57,0.4,7.86
2024-10-28,300170,9.1,9.31,9.32,9.06,594093,551723240.0,2.84,1.64,0.15,6.27
2024-10-29,300170,9.33,9.31,9.65,9.2,823103,778073126.0,4.83,0.0,0.0,8.69
2024-10-30,300170,9.25,9.5,9.54,9.14,715812,674850147.0,4.3,2.04,0.19,7.55
2024-10-31,300170,9.52,9.43,9.62,9.3,714676,679291193.0,3.37,-0.74,-0.07,7.54
2024-11-01,300170,9.48,8.85,9.58,8.84,733434,672924096.0,7.85,-6.15,-0.58,7.74
2024-11-04,300170,8.96,9.21,9.26,8.95,422460,388861921.0,3.5,4.07,0.36,4.46
2024-11-05,300170,9.22,9.57,9.68,9.16,655775,626832931.0,5.65,3.91,0.36,6.92
2024-11-06,300170,9.55,9.47,9.69,9.38,626556,600402559.0,3.24,-1.04,-0.1,6.61
2024-11-07,300170,9.35,9.63,9.63,9.32,534270,510626451.0,3.27,1.69,0.16,5.64
2024-11-08,300170,9.93,9.65,10.19,9.6,815045,810807298.0,6.13,0.21,0.02,8.6
2024-11-11,300170,9.56,10.09,10.11,9.56,748453,746819624.0,5.7,4.56,0.44,7.9
2024-11-12,300170,10.04,9.9,10.14,9.74,693797,692394318.0,3.96,-1.88,-0.19,7.32
2024-11-13,300170,9.88,10.37,10.39,9.8,1028032,1050514471.0,5.96,4.75,0.47,10.85
2024-11-14,300170,10.28,9.97,10.32,9.91,746126,755003613.0,3.95,-3.86,-0.4,7.87
2024-11-15,300170,9.94,9.76,10.59,9.74,1112565,1145737657.0,8.53,-2.11,-0.21,11.74
2024-11-18,300170,9.85,8.86,9.93,8.8,913861,835222368.0,11.58,-9.22,-0.9,9.64
2024-11-19,300170,8.91,9.11,9.13,8.75,479989,430751438.0,4.29,2.82,0.25,5.07
2024-11-20,300170,9.07,9.65,9.81,9.04,726621,695239217.0,8.45,5.93,0.54,7.67
2024-11-21,300170,9.59,9.62,9.65,9.41,482155,462579159.0,2.49,-0.31,-0.03,5.09
2024-11-22,300170,9.56,9.21,9.95,9.18,609836,590304899.0,8.0,-4.26,-0.41,6.44
2024-11-25,300170,9.31,9.28,9.48,8.97,448094,412204475.0,5.54,0.76,0.07,4.73
2024-11-26,300170,9.21,9.03,9.4,9.02,376162,346930036.0,4.09,-2.69,-0.25,3.97
2024-11-27,300170,9.02,9.44,9.44,8.71,496774,453816898.0,8.08,4.54,0.41,5.24
2024-11-28,300170,9.45,9.35,9.64,9.32,399492,378983143.0,3.39,-0.95,-0.09,4.22
2024-11-29,300170,9.33,9.64,9.77,9.25,607925,584278870.0,5.56,3.1,0.29,6.42
2024-12-02,300170,9.62,9.83,9.98,9.55,570478,562329398.0,4.46,1.97,0.19,6.02
2024-12-03,300170,9.83,9.87,9.98,9.65,468253,462098675.0,3.36,0.41,0.04,4.94
2024-12-04,300170,9.83,9.65,9.99,9.57,435506,427694901.0,4.26,-2.23,-0.22,4.6
2024-12-05,300170,9.6,10.14,10.3,9.58,917557,932821921.0,7.46,5.08,0.49,9.68
2024-12-06,300170,10.14,10.18,10.33,9.98,704726,716558056.0,3.45,0.39,0.04,7.44
2024-12-09,300170,10.33,10.18,10.39,10.04,621706,638572592.0,3.44,0.0,0.0,6.56
2024-12-10,300170,10.5,10.91,11.15,10.24,1310904,1410202002.0,8.94,7.17,0.73,13.83
2024-12-11,300170,10.73,11.37,11.43,10.5,1550009,1703469337.0,8.52,4.22,0.46,16.36
2024-12-12,300170,11.85,11.77,12.28,11.19,1930869,2275068223.0,9.59,3.52,0.4,20.38
2024-12-13,300170,11.86,13.13,13.93,11.86,2613929,3413403179.0,17.59,11.55,1.36,27.58
2024-12-16,300170,13.25,12.93,13.25,12.25,1943681,2477468050.0,7.62,-1.52,-0.2,20.51
2024-12-17,300170,13.25,12.49,13.55,12.03,1626435,2052308440.0,11.76,-3.4,-0.44,17.16
2024-12-18,300170,12.35,13.96,14.79,11.75,2667494,3582876191.0,24.34,11.77,1.47,28.15
2024-12-19,300170,13.95,15.35,16.56,13.9,2736091,4075694304.0,19.05,9.96,1.39,28.87
2024-12-20,300170,14.55,15.66,16.25,14.16,2108385,3217523342.0,13.62,2.02,0.31,22.25
2024-12-23,300170,15.35,14.1,15.54,14.03,1770033,2600078750.0,9.64,-9.96,-1.56,18.68
2024-12-24,300170,14.05,13.9,14.4,13.46,1461705,2036921135.0,6.67,-1.42,-0.2,15.43
2024-12-25,300170,13.81,13.29,14.01,12.91,1239942,1658748008.0,7.91,-4.39,-0.61,13.09
2024-12-26,300170,13.59,13.7,14.09,13.28,1295339,1780960799.0,6.09,3.09,0.41,13.67
2024-12-27,300170,13.75,13.78,14.85,13.69,1587176,2260745170.0,8.47,0.58,0.08,16.75
2024-12-30,300170,13.78,13.46,14.06,13.19,989498,1352858588.0,6.31,-2.32,-0.32,10.44
2024-12-31,300170,13.63,12.35,13.71,12.29,1299715,1670388376.0,10.55,-8.25,-1.11,13.72
2025-01-02,300170,12.26,12.28,12.68,11.91,929062,1151342811.0,6.23,-0.57,-0.07,9.8
2025-01-03,300170,12.35,11.27,12.49,11.18,994730,1161932666.0,10.67,-8.22,-1.01,10.5
2025-01-06,300170,11.26,11.1,11.52,10.88,702807,788434262.0,5.68,-1.51,-0.17,7.42
2025-01-07,300170,11.09,11.33,11.48,10.99,860995,972594697.0,4.41,2.07,0.23,9.09
2025-01-08,300170,11.46,11.42,11.55,10.73,1022170,1150662209.0,7.24,0.79,0.09,10.79
2025-01-09,300170,11.31,12.06,12.26,11.23,1522445,1811515969.0,9.02,5.6,0.64,16.07
2025-01-10,300170,11.91,11.25,12.02,11.23,922367,1078223381.0,6.55,-6.72,-0.81,9.73
2025-01-13,300170,11.06,11.79,12.03,10.85,997217,1162547633.0,10.49,4.8,0.54,10.52
2025-01-14,300170,11.85,12.41,12.51,11.78,1163358,1432717447.0,6.19,5.26,0.62,12.28
2025-01-15,300170,12.4,12.45,12.71,12.03,1051006,1307979953.0,5.48,0.32,0.04,11.09
2025-01-16,300170,12.78,12.42,13.02,12.35,1333502,1698490497.0,5.38,-0.24,-0.03,14.07
2025-01-17,300170,12.27,12.09,12.35,11.76,980133,1183989236.0,4.75,-2.66,-0.33,10.34
2025-01-20,300170,12.37,12.44,12.69,12.09,790924,988929772.0,4.96,2.89,0.35,8.35
2025-01-21,300170,12.76,14.0,14.03,12.75,1650562,2198620768.0,10.29,12.54,1.56,17.42
2025-01-22,300170,13.46,13.8,13.98,13.4,1136633,1564187147.0,4.14,-1.43,-0.2,11.99
2025-01-23,300170,14.2,16.25,16.57,14.19,3141586,5060966298.0,17.25,17.75,2.45,33.15
2025-01-24,300170,17.15,19.51,19.51,17.01,2293706,4205670043.0,15.38,20.06,3.26,24.21
2025-01-27,300170,21.47,19.54,22.15,19.16,3770244,7699547017.0,15.33,0.15,0.03,39.79
2025-02-05,300170,20.3,19.73,20.65,18.46,3324186,6504405401.0,11.21,0.97,0.19,35.08
2025-02-06,300170,18.75,21.08,21.18,18.18,3220688,6365742395.0,15.21,6.84,1.35,33.99
2025-02-07,300170,20.5,20.22,22.05,20.01,3040907,6307546791.0,9.68,-4.08,-0.86,32.09
2025-02-10,300170,20.94,21.55,21.94,20.45,2734919,5792695520.0,7.37,6.58,1.33,28.86
2025-02-11,300170,20.62,20.97,23.25,19.78,3120611,6659664461.0,16.1,-2.69,-0.58,32.93
2025-02-12,300170,20.72,25.17,25.17,20.72,3640431,8447060635.0,21.22,20.03,4.2,38.42
2025-02-13,300170,23.05,23.03,24.31,22.16,3218018,7456963501.0,8.54,-8.5,-2.14,33.96
2025-02-14,300170,22.25,22.76,23.52,21.72,2388286,5422164744.0,7.82,-1.17,-0.27,25.2
2025-02-17,300170,22.53,21.16,22.85,20.95,2188803,4788383573.0,8.35,-7.03,-1.6,23.1
2025-02-18,300170,20.85,21.05,21.66,20.33,1754153,3703924017.0,6.29,-0.52,-0.11,18.51
2025-02-19,300170,20.83,21.44,21.6,20.39,1767174,3740960538.0,5.75,1.85,0.39,18.65
2025-02-20,300170,21.13,21.49,21.95,20.67,1776340,3791658273.0,5.97,0.23,0.05,18.75
2025-02-21,300170,21.42,22.33,22.83,20.7,2371237,5151422114.0,9.91,3.91,0.84,25.02
2025-02-24,300170,21.78,20.86,21.92,20.75,1535995,3286557892.0,5.24,-6.58,-1.47,16.21
2025-02-25,300170,19.75,19.26,20.02,19.16,1670070,3274143038.0,4.12,-7.67,-1.6,17.62
2025-02-26,300170,19.34,19.41,19.63,18.97,1052812,2036599258.0,3.43,0.78,0.15,11.11
2025-02-27,300170,19.2,18.83,19.6,18.45,1118481,2119395208.0,5.92,-2.99,-0.58,11.8
2025-02-28,300170,18.59,17.91,18.9,17.8,899931,1657704212.0,5.84,-4.89,-0.92,9.5
2025-03-03,300170,18.96,18.74,19.85,18.4,1693709,3249733299.0,8.1,4.63,0.83,17.87
2025-03-04,300170,18.13,18.57,19.04,18.13,1129742,2106287327.0,4.86,-0.91,-0.17,11.92
2025-03-05,300170,18.6,18.88,18.93,18.14,1026868,1914301321.0,4.25,1.67,0.31,10.84
2025-03-06,300170,21.45,22.67,22.67,21.07,2822097,6232688730.0,8.47,20.07,3.79,29.78
2025-03-07,300170,24.93,23.1,26.58,22.66,5032455,12472887892.0,17.29,1.9,0.43,53.11
2025-03-10,300170,22.97,21.17,23.4,20.98,2457006,5337058762.0,10.48,-8.35,-1.93,25.93
2025-03-11,300170,20.97,20.85,21.4,20.56,1575161,3311636929.0,3.97,-1.51,-0.32,16.62
2025-03-12,300170,21.45,20.96,21.75,20.86,1768263,3760557303.0,4.27,0.53,0.11,18.66
2025-03-13,300170,20.91,21.94,21.94,20.3,1988916,4217376290.0,7.82,4.68,0.98,20.99
2025-03-14,300170,21.34,21.46,21.77,20.8,1470897,3134912048.0,4.42,-2.19,-0.48,15.52
2025-03-17,300170,21.11,20.77,21.2,20.56,1023120,2135803187.0,2.98,-3.22,-0.69,10.8
2025-03-18,300170,20.7,20.3,21.14,20.29,1027331,2126274036.0,4.09,-2.26,-0.47,10.84
2025-03-19,300170,20.06,19.97,20.45,19.76,810713,1632473826.0,3.4,-1.63,-0.33,8.56
2025-03-20,300170,19.85,20.24,20.74,19.85,977264,1993905375.0,4.46,1.35,0.27,10.31
2025-03-21,300170,19.95,19.64,21.06,19.55,948554,1918418317.0,7.46,-2.96,-0.6,10.01
2025-03-24,300170,19.55,18.92,19.63,18.36,919535,1740877143.0,6.47,-3.67,-0.72,9.7
2025-03-25,300170,18.93,18.32,19.3,18.23,713628,1341171366.0,5.66,-3.17,-0.6,7.53
2025-03-26,300170,18.28,19.25,19.32,18.25,971561,1829962002.0,5.84,5.08,0.93,10.25
2025-03-27,300170,19.0,18.84,19.25,18.53,649292,1229390317.0,3.74,-2.13,-0.41,6.85
2025-03-28,300170,18.7,18.65,19.0,18.55,460179,864295047.0,2.39,-1.01,-0.19,4.86
2025-03-31,300170,18.36,19.43,19.67,17.8,1169155,2204662462.0,10.03,4.18,0.78,12.34
2025-04-01,300170,19.22,19.07,19.42,18.95,679818,1303401477.0,2.42,-1.85,-0.36,7.17
2025-04-02,300170,19.08,18.79,19.27,18.67,523110,992763340.0,3.15,-1.47,-0.28,5.52
2025-04-03,300170,18.42,18.36,19.0,18.27,497706,924737973.0,3.89,-2.29,-0.43,5.25
2025-04-07,300170,16.55,14.68,16.9,14.68,977026,1523556222.0,12.09,-20.04,-3.68,10.31
2025-04-08,300170,14.84,15.25,15.72,14.7,977078,1492813005.0,6.95,3.88,0.57,10.31
2025-04-09,300170,15.0,15.86,16.07,14.09,914473,1407662299.0,12.98,4.0,0.61,9.65
2025-04-10,300170,16.39,16.27,17.0,16.25,857434,1428302830.0,4.73,2.59,0.41,9.05
2025-04-11,300170,16.08,16.51,16.82,16.08,652442,1078821113.0,4.55,1.48,0.24,6.89
2025-04-14,300170,16.83,16.67,17.1,16.62,618688,1044967150.0,2.91,0.97,0.16,6.53
2025-04-15,300170,16.75,16.84,17.53,16.65,930761,1593806184.0,5.28,1.02,0.17,9.82
2025-04-16,300170,16.66,16.52,17.04,16.17,592423,984135598.0,5.17,-1.9,-0.32,6.25
2025-04-17,300170,16.44,16.99,17.43,16.37,960229,1636207109.0,6.42,2.85,0.47,10.13
2025-04-18,300170,16.85,16.6,17.07,16.45,645325,1077597981.0,3.65,-2.3,-0.39,6.81
2025-04-21,300170,16.65,19.06,19.4,16.56,1706975,3098304012.0,17.11,14.82,2.46,18.01
2025-04-22,300170,18.34,18.22,18.44,17.66,1614750,2914132355.0,4.09,-4.41,-0.84,17.04
2025-04-23,300170,18.41,18.21,18.51,17.95,1098112,2007483796.0,3.07,-0.05,-0.01,11.59
2025-04-24,300170,18.35,17.73,18.55,17.64,898115,1628213402.0,5.0,-2.64,-0.48,9.48
2025-04-25,300170,17.88,18.15,18.73,17.67,968194,1761476403.0,5.98,2.37,0.42,10.22
2025-04-28,300170,18.43,18.4,19.05,18.3,1001855,1875280902.0,4.13,1.38,0.25,10.57
2025-04-29,300170,18.36,19.35,19.63,18.16,1421453,2715539110.0,7.99,5.16,0.95,15.0
2025-04-30,300170,19.15,19.4,20.31,19.0,1606194,3167837730.0,6.77,0.26,0.05,16.95
2025-05-06,300170,19.43,20.02,20.3,19.28,1290311,2554259358.0,5.26,3.2,0.62,13.62
2025-05-07,300170,20.3,19.68,20.37,19.31,1044202,2068549564.0,5.29,-1.7,-0.34,11.02
2025-05-08,300170,19.55,19.76,20.34,19.42,769425,1529269397.0,4.67,0.41,0.08,8.12
2025-05-09,300170,19.56,18.77,19.63,18.65,792726,1512659591.0,4.96,-5.01,-0.99,8.37
2025-05-12,300170,18.94,18.98,19.07,18.77,460005,872793790.0,1.6,1.12,0.21,4.85
2025-05-13,300170,19.36,19.07,19.94,19.0,863955,1690519173.0,4.95,0.47,0.09,9.12
2025-05-14,300170,18.86,18.99,19.2,18.7,637548,1209093413.0,2.62,-0.42,-0.08,6.73
2025-05-15,300170,18.95,18.01,18.95,17.97,652764,1195591038.0,5.16,-5.16,-0.98,6.89
2025-05-16,300170,17.77,17.95,18.21,17.7,395396,715107749.0,2.83,-0.33,-0.06,4.17
2025-05-19,300170,17.95,17.99,18.11,17.58,370807,663166568.0,2.95,0.22,0.04,3.91
2025-05-20,300170,18.0,18.07,18.18,17.76,332229,599491873.0,2.33,0.44,0.08,3.51
2025-05-21,300170,17.95,17.81,18.04,17.77,302499,541546678.0,1.49,-1.44,-0.26,3.19
2025-05-22,300170,17.69,17.81,18.15,17.45,492005,880568474.0,3.93,0.0,0.0,5.19
2025-05-23,300170,17.82,17.26,17.87,17.23,437843,768668391.0,3.59,-3.09,-0.55,4.62
2025-05-26,300170,17.17,17.78,17.88,17.12,475793,836211357.0,4.4,3.01,0.52,5.02
2025-05-27,300170,17.64,17.27,17.69,17.27,311950,542531048.0,2.36,-2.87,-0.51,3.29
2025-05-28,300170,17.3,17.05,17.44,16.98,259848,445388620.0,2.66,-1.27,-0.22,2.74
2025-05-29,300170,17.05,17.51,17.67,17.03,417939,728365450.0,3.75,2.7,0.46,4.41
2025-05-30,300170,17.33,17.11,17.5,17.05,290809,499953236.0,2.57,-2.28,-0.4,3.07
2025-06-03,300170,16.99,17.04,17.35,16.96,251968,431168566.0,2.28,-0.41,-0.07,2.66
2025-06-04,300170,17.05,17.24,17.39,16.94,303531,523254317.0,2.64,1.17,0.2,3.2
2025-06-05,300170,17.3,17.89,18.42,17.21,683747,1217906853.0,7.02,3.77,0.65,7.22
2025-06-06,300170,17.81,17.91,18.08,17.6,447824,799340443.0,2.68,0.11,0.02,4.73
2025-06-09,300170,18.2,18.62,18.95,18.0,800021,1481748462.0,5.3,3.96,0.71,8.44
2025-06-10,300170,18.7,18.35,18.93,18.03,683740,1257359432.0,4.83,-1.45,-0.27,7.22
2025-06-11,300170,18.35,17.9,18.49,17.86,545994,990559302.0,3.43,-2.45,-0.45,5.76
2025-06-12,300170,17.72,17.77,17.98,17.62,367172,652918379.0,2.01,-0.73,-0.13,3.87
2025-06-13,300170,17.6,16.86,17.65,16.86,583134,999153849.0,4.45,-5.12,-0.91,6.15
2025-06-16,300170,16.54,17.02,17.17,16.51,357595,606899653.0,3.91,0.95,0.16,3.77
2025-06-17,300170,16.98,16.8,17.06,16.71,324005,545744060.0,2.06,-1.29,-0.22,3.42
2025-06-18,300170,16.75,16.6,16.79,16.42,335688,556120937.0,2.2,-1.19,-0.2,3.54
2025-06-19,300170,16.56,16.11,16.85,16.04,431667,706961696.0,4.88,-2.95,-0.49,4.56
2025-06-20,300170,16.01,15.61,16.15,15.59,387270,610472514.0,3.48,-3.1,-0.5,4.09
2025-06-23,300170,15.4,15.85,15.95,15.3,342956,538480072.0,4.16,1.54,0.24,3.62
2025-06-24,300170,15.86,16.33,16.37,15.83,379492,615782137.0,3.41,3.03,0.48,4.0
2025-06-25,300170,16.33,16.76,16.8,16.25,512191,849161214.0,3.37,2.63,0.43,5.41
2025-06-26,300170,16.57,17.02,17.83,16.53,918367,1582221555.0,7.76,1.55,0.26,9.52
2025-06-27,300170,16.79,16.9,17.25,16.73,498560,845837659.0,3.06,-0.71,-0.12,5.17
2025-06-30,300170,17.0,17.21,17.5,16.9,515813,887068568.0,3.55,1.83,0.31,5.3
2025-07-01,300170,17.13,16.88,17.35,16.78,390999,662420227.0,3.31,-1.92,-0.33,4.02
2025-07-02,300170,16.81,16.38,16.82,16.26,337586,556521496.0,3.32,-2.96,-0.5,3.47
2025-07-03,300170,16.45,16.4,16.59,16.3,203554,334190104.0,1.77,0.12,0.02,2.09
2025-07-04,300170,16.4,16.31,16.55,16.19,304193,498361632.0,2.2,-0.55,-0.09,3.13
2025-07-07,300170,16.18,16.23,16.38,16.16,190017,308737449.0,1.35,-0.49,-0.08,1.95
2025-07-08,300170,16.18,16.46,16.48,16.11,259979,425509716.0,2.28,1.42,0.23,2.67
2025-07-09,300170,16.49,16.41,16.66,16.34,305662,504047306.0,1.94,-0.3,-0.05,3.14
2025-07-10,300170,16.39,16.46,16.93,16.21,393574,649956668.0,4.39,0.3,0.05,4.04
2025-07-11,300170,16.4,16.84,17.05,16.28,705203,1184065459.0,4.68,2.31,0.38,7.25
2025-07-14,300170,16.84,16.82,16.96,16.6,342423,572923414.0,2.14,-0.12,-0.02,3.52
2025-07-15,300170,16.8,18.33,18.82,16.68,1733454,3078022124.0,12.72,8.98,1.51,17.81
2025-07-16,300170,18.11,18.2,18.5,17.91,1170364,2129298265.0,3.22,-0.71,-0.13,12.03
2025-07-17,300170,18.01,18.29,18.56,17.81,896730,1639616680.0,4.12,0.49,0.09,9.21
2025-07-18,300170,19.09,18.6,19.53,18.55,1372699,2599766602.0,5.36,1.69,0.31,14.11
2025-07-21,300170,18.51,18.85,19.29,18.51,996710,1887358336.0,4.19,1.34,0.25,10.24
2025-07-22,300170,18.67,18.54,18.77,18.37,690931,1278674678.0,2.12,-1.64,-0.31,7.1
2025-07-23,300170,18.34,19.04,19.22,18.17,969027,1822089238.0,5.66,2.7,0.5,9.96
2025-07-24,300170,18.9,19.0,19.21,18.72,689202,1304023613.0,2.57,-0.21,-0.04,7.08
2025-07-25,300170,19.23,19.71,19.88,19.1,1369065,2682427786.0,4.11,3.74,0.71,14.07
2025-07-28,300170,19.52,19.15,19.53,18.8,853568,1623518426.0,3.7,-2.84,-0.56,8.77
2025-07-29,300170,18.9,18.91,19.18,18.61,600361,1132918335.0,2.98,-1.25,-0.24,6.17
2025-07-30,300170,18.93,18.55,19.1,18.41,649327,1211797979.0,3.65,-1.9,-0.36,6.67
2025-07-31,300170,18.94,18.88,19.85,18.79,1229084,2361128881.0,5.71,1.78,0.33,12.62
2025-08-01,300170,19.25,19.96,20.47,18.62,1623938,3165207248.0,9.8,5.72,1.08,16.67
2025-08-04,300170,19.6,20.4,20.68,19.59,1493348,3002281912.0,5.46,2.2,0.44,15.33
2025-08-05,300170,20.13,19.97,20.4,19.71,914864,1822125172.0,3.38,-2.11,-0.43,9.39
2025-08-06,300170,19.82,19.94,20.15,19.6,749578,1490839249.0,2.75,-0.15,-0.03,7.7
2025-08-07,300170,20.05,19.55,20.39,19.5,791974,1569615149.0,4.46,-1.96,-0.39,8.13
2025-08-08,300170,19.3,18.18,19.3,18.17,1104478,2040562790.0,5.78,-7.01,-1.37,11.34
2025-08-11,300170,18.2,18.54,18.64,18.18,529744,978306528.0,2.53,1.98,0.36,5.44
2025-08-12,300170,18.5,18.6,18.64,18.35,492155,911355360.0,1.56,0.32,0.06,5.05
2025-08-13,300170,18.59,18.82,19.19,18.45,643173,1212895691.0,3.98,1.18,0.22,6.6
2025-08-14,300170,18.82,18.26,18.87,18.25,590832,1094829544.0,3.29,-2.98,-0.56,6.07
2025-08-15,300170,18.16,18.58,18.63,18.1,462363,852157722.0,2.9,1.75,0.32,4.75
2025-08-18,300170,18.66,19.22,19.28,18.6,797809,1521126860.0,3.66,3.44,0.64,8.19
2025-08-19,300170,19.29,19.53,20.25,19.0,1217409,2405326142.0,6.5,1.61,0.31,12.5
2025-08-20,300170,19.37,19.48,19.49,19.05,609496,1176166762.0,2.25,-0.26,-0.05,6.26
2025-08-21,300170,19.58,19.3,19.79,19.05,593142,1151022874.0,3.8,-0.92,-0.18,6.09
2025-08-22,300170,19.38,19.97,20.08,19.3,970382,1915268083.0,4.04,3.47,0.67,9.96
2025-08-25,300170,20.25,20.69,21.5,20.04,1482051,3063836120.0,7.31,3.61,0.72,15.21
2025-08-26,300170,20.4,20.45,20.99,20.28,912251,1883138052.0,3.43,-1.16,-0.24,9.36
2025-08-27,300170,21.37,19.8,21.6,19.78,1354297,2799059072.0,8.9,-3.18,-0.65,13.9
2025-08-28,300170,20.2,20.32,20.48,19.47,1000834,2006215875.0,5.1,2.63,0.52,10.27
2025-08-29,300170,20.29,19.9,20.32,19.64,717691,1428311235.0,3.35,-2.07,-0.42,7.37
2025-09-01,300170,19.91,19.51,20.23,19.32,642153,1263564183.0,4.57,-1.96,-0.39,6.59
2025-09-02,300170,19.34,18.36,19.4,18.22,835710,1553419094.0,6.05,-5.89,-1.15,8.58
2025-09-03,300170,18.44,17.68,18.47,17.6,550263,991540571.0,4.74,-3.7,-0.68,5.65
2025-09-04,300170,17.68,17.2,17.89,16.79,571571,996003290.0,6.22,-2.71,-0.48,5.87
2025-09-05,300170,17.23,17.55,17.56,17.02,420670,729010742.0,3.14,2.03,0.35,4.32
2025-09-08,300170,17.63,17.84,17.94,17.46,431660,764722231.0,2.74,1.65,0.29,4.43
2025-09-09,300170,17.79,17.33,17.8,17.26,368820,644590115.0,3.03,-2.86,-0.51,3.79
2025-09-10,300170,17.67,17.32,17.83,17.3,312144,546010986.0,3.06,-0.06,-0.01,3.2
2025-09-11,300170,18.3,18.2,18.59,17.88,923318,1676646847.0,4.1,5.08,0.88,9.48
2025-09-12,300170,18.19,18.21,18.68,18.01,780272,1435795837.0,3.68,0.05,0.01,8.01
2025-09-15,300170,18.01,17.67,18.04,17.67,492805,875543350.0,2.03,-2.97,-0.54,5.06
2025-09-16,300170,17.78,18.66,18.72,17.65,805813,1473425698.0,6.06,5.6,0.99,8.22
2025-09-17,300170,18.57,18.51,18.67,18.3,522204,965278852.0,1.98,-0.8,-0.15,5.33
2025-09-18,300170,18.44,18.19,18.96,17.95,693052,1283069849.0,5.46,-1.73,-0.32,7.07
2025-09-19,300170,18.25,18.0,18.48,17.95,438953,797168385.0,2.91,-1.04,-0.19,4.48
2025-09-22,300170,17.92,17.97,18.09,17.7,356318,637600826.0,2.17,-0.17,-0.03,3.64
2025-09-23,300170,18.2,17.58,18.3,17.13,471174,826896856.0,6.51,-2.17,-0.39,4.81
2025-09-24,300170,17.43,18.2,18.2,17.34,519096,930797079.0,4.89,3.53,0.62,5.3
2025-09-25,300170,18.13,18.84,19.19,18.08,885308,1666775920.0,6.1,3.52,0.64,9.04
2025-09-26,300170,18.55,17.92,18.58,17.92,570276,1040641073.0,3.5,-4.88,-0.92,5.82
2025-09-29,300170,17.92,18.09,18.19,17.7,386593,694484242.0,2.73,0.95,0.17,3.95
2025-09-30,300170,18.37,18.8,18.92,18.26,714708,1332169729.0,3.65,3.92,0.71,7.35
2025-10-09,300170,18.68,19.34,19.74,18.43,950053,1818093940.0,6.97,2.87,0.54,9.78
2025-10-10,300170,19.02,18.28,19.02,18.18,661186,1223636431.0,4.34,-5.48,-1.06,6.8
2025-10-13,300170,17.3,17.84,18.29,17.29,456075,812473397.0,5.47,-2.41,-0.44,4.69
2025-10-14,300170,17.96,17.2,18.05,17.18,502496,880767092.0,4.88,-3.59,-0.64,5.17
2025-10-15,300170,17.3,17.32,17.39,16.92,281364,484031883.0,2.73,0.7,0.12,2.89
2025-10-16,300170,17.19,17.18,17.45,16.94,326485,558352055.0,2.94,-0.81,-0.14,3.36
2025-10-17,300170,17.01,16.4,17.13,16.39,341162,570232082.0,4.31,-4.54,-0.78,3.51
2025-10-20,300170,16.62,16.47,16.7,16.41,201232,333195514.0,1.77,0.43,0.07,2.07
2025-10-21,300170,16.59,16.56,16.62,16.43,192389,318362315.0,1.15,0.55,0.09,1.98
2025-10-22,300170,16.47,16.46,16.64,16.39,161562,266993207.0,1.51,-0.6,-0.1,1.66
2025-10-23,300170,16.47,16.45,16.49,16.01,243328,393816721.0,2.92,-0.06,-0.01,2.5
2025-10-24,300170,16.52,16.68,16.75,16.52,237561,395068907.0,1.4,1.4,0.23,2.44
2025-10-27,300170,17.05,17.19,17.37,16.92,436483,750258359.0,2.7,3.06,0.51,4.49
2025-10-28,300170,17.2,17.45,17.98,17.06,542971,955773545.0,5.35,1.51,0.26,5.59
2025-10-29,300170,17.27,17.44,17.45,17.17,304307,525559366.0,1.6,-0.06,-0.01,3.12
2025-10-30,300170,17.36,17.2,17.64,17.2,324925,565483940.0,2.52,-1.38,-0.24,3.33
2025-10-31,300170,17.21,18.1,18.25,17.18,800341,1435076477.0,6.22,5.23,0.9,8.21
2025-11-03,300170,18.16,18.36,18.63,18.01,698179,1281877594.0,3.43,1.44,0.26,7.16
2025-11-04,300170,18.07,18.27,18.33,17.91,423502,769663952.0,2.29,-0.49,-0.09,4.34
2025-11-05,300170,17.87,17.94,18.1,17.61,402253,718358576.0,2.68,-1.81,-0.33,4.13
2025-11-06,300170,17.94,17.96,17.99,17.5,373773,663763344.0,2.73,0.11,0.02,3.83
2025-11-07,300170,17.7,17.4,17.78,17.35,348251,609654829.0,2.39,-3.12,-0.56,3.57
2025-11-10,300170,17.6,17.34,17.82,17.15,299999,523048796.0,3.85,-0.34,-0.06,3.08
2025-11-11,300170,17.32,16.96,17.42,16.93,298664,510678920.0,2.83,-2.19,-0.38,3.06
2025-11-12,300170,16.9,16.71,16.99,16.5,282345,471485542.0,2.89,-1.47,-0.25,2.9
2025-11-13,300170,16.76,17.11,17.2,16.63,277294,469558586.0,3.41,2.39,0.4,2.84
2025-11-14,300170,16.9,16.5,16.92,16.5,290082,484711419.0,2.45,-3.57,-0.61,2.97
2025-11-17,300170,16.55,17.22,17.68,16.51,544593,932740972.0,7.09,4.36,0.72,5.59
2025-11-18,300170,17.08,17.63,17.91,16.99,695058,1218371892.0,5.34,2.38,0.41,7.13
2025-11-19,300170,17.46,17.37,17.66,17.21,375357,653729592.0,2.55,-1.47,-0.26,3.85
2025-11-20,300170,17.59,17.06,17.59,17.01,304472,522924455.0,3.34,-1.78,-0.31,3.12
2025-11-21,300170,16.82,16.63,17.23,16.49,372621,625796995.0,4.34,-2.52,-0.43,3.82
2025-11-24,300170,16.81,18.05,18.3,16.47,1003871,1767487105.0,11.0,8.54,1.42,10.3
2025-11-25,300170,18.04,18.58,19.3,17.9,1378965,2577551532.0,7.76,2.94,0.53,14.14
2025-11-26,300170,18.37,18.43,18.99,18.32,777913,1445862366.0,3.61,-0.81,-0.15,7.98
2025-11-27,300170,18.35,18.96,19.28,18.07,1371890,2568876003.0,6.57,2.88,0.53,14.07
2025-11-28,300170,19.0,18.96,19.48,18.58,1182326,2244371739.0,4.75,0.0,0.0,12.13
2025-12-01,300170,18.9,19.8,20.2,18.7,1745499,3423846456.0,7.91,4.43,0.84,17.9
2025-12-02,300170,19.71,18.99,19.74,18.92,1181322,2271037925.0,4.14,-4.09,-0.81,12.12
2025-12-03,300170,18.8,18.29,19.08,18.24,852838,1581898478.0,4.42,-3.69,-0.7,8.75
2025-12-04,300170,18.08,17.96,18.4,17.73,612616,1099513054.0,3.66,-1.8,-0.33,6.28
2025-12-05,300170,17.97,17.81,17.99,17.52,500117,890042913.0,2.62,-0.84,-0.15,5.12
2025-12-08,300170,17.8,18.96,19.25,17.65,1158365,2137565964.0,8.98,6.46,1.15,11.86
2025-12-09,300170,18.7,18.29,18.81,18.21,683527,1264950873.0,3.16,-3.53,-0.67,7.0
2025-12-10,300170,18.12,18.19,18.29,17.85,418329,754675811.0,2.41,-0.55,-0.1,4.28
2025-12-11,300170,18.11,18.56,19.16,17.88,1103301,2057023689.0,7.04,2.03,0.37,11.29
2025-12-12,300170,18.5,18.5,18.7,18.0,709961,1307616649.0,3.77,-0.32,-0.06,7.27
2025-12-15,300170,18.29,17.77,18.3,17.66,573676,1026613442.0,3.46,-3.95,-0.73,5.87
2025-12-16,300170,17.7,16.95,17.7,16.85,581533,993863943.0,4.78,-4.61,-0.82,5.95
2025-12-17,300170,16.87,17.95,18.2,16.65,840123,1462579751.0,9.14,5.9,1.0,8.6
2025-12-18,300170,17.66,17.53,18.06,17.51,618695,1097780051.0,3.06,-2.34,-0.42,6.33
2025-12-19,300170,17.59,17.11,17.69,17.08,511977,886547628.0,3.48,-2.4,-0.42,5.24
2025-12-22,300170,17.19,17.08,17.31,16.99,457619,783301547.0,1.87,-0.18,-0.03,4.68
2025-12-23,300170,17.07,16.98,17.15,16.84,346743,588151176.0,1.81,-0.59,-0.1,3.55
2025-12-24,300170,16.93,17.16,17.19,16.83,380913,650181928.0,2.12,1.06,0.18,3.9
2025-12-25,300170,17.16,17.17,17.28,17.05,354264,607710155.0,1.34,0.06,0.01,3.63
2025-12-26,300170,17.12,17.23,17.44,17.08,441468,761812402.0,2.1,0.35,0.06,4.52
2025-12-29,300170,17.25,17.09,17.4,17.05,443846,763440812.0,2.03,-0.81,-0.14,4.54
2025-12-30,300170,17.92,17.64,18.2,17.6,1027697,1841535690.0,3.51,3.22,0.55,10.52
2025-12-31,300170,17.86,18.92,19.61,17.68,1773237,3345775470.0,10.94,7.26,1.28,18.15
2026-01-05,300170,19.22,20.44,20.55,19.03,2138367,4275728606.0,8.03,8.03,1.52,21.88
2026-01-06,300170,20.2,20.6,20.98,19.96,1558665,3167561189.0,4.99,0.78,0.16,15.95
2026-01-07,300170,20.39,20.0,20.86,19.9,1021322,2070461898.0,4.66,-2.91,-0.6,10.45
2026-01-08,300170,20.82,22.67,24.0,20.25,3000822,6683433802.0,18.75,13.35,2.67,30.71
2026-01-09,300170,22.86,24.49,24.64,22.5,2727977,6432107330.0,9.44,8.03,1.82,27.92
2026-01-12,300170,25.39,29.39,29.39,24.87,2702370,7387782576.0,18.46,20.01,4.9,27.66
2026-01-13,300170,31.74,29.55,33.7,29.35,3322115,10220620629.0,14.8,0.54,0.16,34.0
2026-01-14,300170,29.0,30.23,33.56,29.0,3097650,9628399208.0,15.43,2.3,0.68,31.7
2026-01-15,300170,29.5,30.65,31.49,28.9,2374134,7179727210.0,8.57,1.39,0.42,24.3
2026-01-16,300170,28.01,26.92,30.15,26.91,2397810,6750406173.0,10.57,-12.17,-3.73,24.54
2026-01-19,300170,26.92,26.91,27.6,26.58,1344135,3637197495.0,3.79,-0.04,-0.01,13.76
2026-01-20,300170,27.71,26.31,28.26,25.9,1432077,3841719088.0,8.77,-2.23,-0.6,14.66
2026-01-21,300170,25.92,26.43,27.41,25.73,1112037,2953614523.0,6.39,0.46,0.12,11.38
2026-01-22,300170,26.26,26.15,27.06,25.9,993481,2626640850.0,4.39,-1.06,-0.28,10.17
2026-01-23,300170,26.42,27.07,27.51,26.06,1478006,3983818944.0,5.54,3.52,0.92,15.13
2026-01-26,300170,27.5,26.18,27.95,25.74,1310543,3468929211.0,8.16,-3.29,-0.89,13.41
2026-01-27,300170,26.17,26.56,26.76,25.28,1140458,2961469937.0,5.65,1.45,0.38,11.67
2026-01-28,300170,26.6,26.55,28.06,26.35,1628850,4430174604.0,6.44,-0.04,-0.01,16.67
2026-01-29,300170,26.09,27.37,29.08,25.87,2211138,6162031742.0,12.09,3.09,0.82,22.63
2026-01-30,300170,27.36,26.49,27.77,26.3,1337873,3578275668.0,5.37,-3.22,-0.88,13.69
2026-02-02,300170,26.75,25.7,27.21,25.69,1179970,3120897935.0,5.74,-2.98,-0.79,12.08
2026-02-03,300170,26.15,27.41,27.6,25.96,1484392,3991241766.0,6.38,6.65,1.71,15.19
2026-02-04,300170,26.85,25.38,27.15,24.85,1532230,3928534085.0,8.39,-7.41,-2.03,15.68
2026-02-05,300170,24.5,24.68,25.19,24.4,841307,2085347237.0,3.11,-2.76,-0.7,8.61
2026-02-06,300170,24.29,24.06,24.56,23.5,811021,1954838289.0,4.29,-2.51,-0.62,8.3
2026-02-09,300170,24.69,24.93,25.24,23.93,859214,2120749347.0,5.44,3.62,0.87,8.79
2026-02-10,300170,25.2,25.22,25.43,24.27,1035747,2587425180.0,4.65,1.16,0.29,10.6
2026-02-11,300170,25.0,24.78,25.56,24.75,594127,1484823133.0,3.21,-1.74,-0.44,6.08
2026-02-12,300170,24.81,25.48,25.79,24.5,1019315,2569211545.0,5.21,2.82,0.7,10.43
2026-02-13,300170,25.07,24.58,25.93,24.58,871357,2187262503.34,5.3,-3.53,-0.9,8.92
