日期,股票代码,开盘,收盘,最高,最低,成交量,成交额,振幅,涨跌幅,涨跌额,换手率
2023-02-23,300644,17.19,18.64,19.15,17.19,154847,293883383.0,11.36,8.0,1.38,18.22
2023-02-24,300644,17.86,16.9,17.92,16.78,107361,191268672.0,6.12,-9.33,-1.74,12.63
2023-02-27,300644,16.9,15.91,16.96,15.89,70459,119164740.0,6.33,-5.86,-0.99,8.29
2023-02-28,300644,15.88,16.03,16.17,15.85,39350,65493375.0,2.01,0.75,0.12,4.63
2023-03-01,300644,16.03,16.36,16.53,16.03,44127,74914396.0,3.12,2.06,0.33,5.19
2023-03-02,300644,16.32,16.21,16.55,16.15,28003,47392439.0,2.44,-0.92,-0.15,3.29
2023-03-03,300644,16.21,16.29,16.37,15.92,26640,44741108.0,2.78,0.49,0.08,3.13
2023-03-06,300644,16.27,16.37,16.67,16.26,32020,54742941.0,2.52,0.49,0.08,3.77
2023-03-07,300644,16.27,16.02,16.45,15.98,18571,31122998.0,2.87,-2.14,-0.35,2.18
2023-03-08,300644,15.96,16.26,16.26,15.91,14276,23938206.0,2.18,1.5,0.24,1.68
2023-03-09,300644,16.26,16.23,16.32,16.09,13259,22346886.0,1.41,-0.18,-0.03,1.56
2023-03-10,300644,16.22,16.07,16.32,16.01,17975,30107403.0,1.91,-0.99,-0.16,2.11
2023-03-13,300644,15.97,16.02,16.11,15.71,16335,27032903.0,2.49,-0.31,-0.05,1.92
2023-03-14,300644,16.01,15.72,16.05,15.44,20005,32653633.0,3.81,-1.87,-0.3,2.35
2023-03-15,300644,15.85,16.23,16.41,15.57,20939,35107540.0,5.34,3.24,0.51,2.46
2023-03-16,300644,16.26,15.84,16.26,15.76,12019,19943043.0,3.08,-2.4,-0.39,1.41
2023-03-17,300644,16.01,15.95,16.05,15.78,10031,16603221.0,1.7,0.69,0.11,1.18
2023-03-20,300644,16.11,15.72,16.11,15.54,14923,24436627.0,3.57,-1.44,-0.23,1.76
2023-03-21,300644,15.76,16.16,16.19,15.76,14566,24268795.0,2.74,2.8,0.44,1.71
2023-03-22,300644,16.21,16.23,16.45,16.08,14071,23797689.0,2.29,0.43,0.07,1.66
2023-03-23,300644,16.16,16.27,16.41,16.12,13704,23170669.0,1.79,0.25,0.04,1.61
2023-03-24,300644,16.44,16.68,16.96,16.22,30886,53559788.0,4.55,2.52,0.41,3.63
2023-03-27,300644,16.68,16.94,16.94,16.52,20277,35356280.0,2.52,1.56,0.26,2.39
2023-03-28,300644,16.66,16.34,16.83,16.3,19461,33320435.0,3.13,-3.54,-0.6,2.29
2023-03-29,300644,16.3,16.28,16.5,16.22,12739,21628541.0,1.71,-0.37,-0.06,1.5
2023-03-30,300644,16.46,16.25,16.46,15.97,14220,23877574.0,3.01,-0.18,-0.03,1.67
2023-03-31,300644,16.32,16.56,16.62,16.17,17418,29753788.0,2.77,1.91,0.31,2.05
2023-04-03,300644,16.51,16.73,17.11,16.32,26523,46138548.0,4.77,1.03,0.17,3.12
2023-04-04,300644,16.74,16.31,16.78,16.25,19611,33511880.0,3.17,-2.51,-0.42,2.31
2023-04-06,300644,16.34,16.11,16.34,16.06,11993,20161848.0,1.72,-1.23,-0.2,1.41
2023-04-07,300644,16.23,16.2,16.23,15.96,9654,16129967.0,1.68,0.56,0.09,1.14
2023-04-10,300644,16.24,15.92,16.29,15.82,18146,30040184.0,2.9,-1.73,-0.28,2.13
2023-04-11,300644,16.01,16.01,16.16,15.76,11015,18281191.0,2.51,0.57,0.09,1.3
2023-04-12,300644,16.06,16.38,16.41,15.96,15823,26626818.0,2.81,2.31,0.37,1.86
2023-04-13,300644,16.42,16.34,16.54,16.21,13115,22329135.0,2.01,-0.24,-0.04,1.54
2023-04-14,300644,16.5,16.53,16.97,16.31,26466,45849551.0,4.04,1.16,0.19,3.11
2023-04-17,300644,16.62,17.22,17.31,16.58,35370,62695048.0,4.42,4.17,0.69,4.16
2023-04-18,300644,17.04,16.44,17.04,16.38,25738,44274227.0,3.83,-4.53,-0.78,3.03
2023-04-19,300644,16.5,16.63,16.75,16.39,12582,21697922.0,2.19,1.16,0.19,1.48
2023-04-20,300644,16.54,16.34,16.66,16.11,12074,20483616.0,3.31,-1.74,-0.29,1.42
2023-04-21,300644,16.45,15.55,16.45,15.38,20067,32859123.0,6.55,-4.83,-0.79,2.36
2023-04-24,300644,15.63,16.0,16.11,15.56,21845,36205738.0,3.54,2.89,0.45,2.57
2023-04-25,300644,15.95,15.38,16.06,15.08,19857,31844801.0,6.13,-3.88,-0.62,2.33
2023-04-26,300644,15.05,14.36,15.05,14.06,42174,63171767.0,6.44,-6.63,-1.02,4.96
2023-04-27,300644,14.36,14.42,14.73,14.12,25809,38975244.0,4.25,0.42,0.06,3.03
2023-04-28,300644,14.48,14.95,14.98,14.39,21074,32554635.0,4.09,3.68,0.53,2.48
2023-05-04,300644,14.8,15.12,15.35,14.8,23756,37319129.0,3.68,1.14,0.17,2.79
2023-05-05,300644,15.12,14.99,15.16,14.89,12251,19180400.0,1.79,-0.86,-0.13,1.44
2023-05-08,300644,14.97,14.87,15.2,14.84,14439,22492170.0,2.4,-0.8,-0.12,1.7
2023-05-09,300644,14.88,14.53,15.01,14.47,12933,19676662.0,3.63,-2.29,-0.34,1.52
2023-05-10,300644,14.43,14.68,14.78,14.41,17009,25973980.0,2.55,1.03,0.15,2.0
2023-05-11,300644,14.65,14.78,14.84,14.64,9873,15186806.0,1.36,0.68,0.1,1.16
2023-05-12,300644,14.78,14.6,14.91,14.6,5861,9005279.0,2.1,-1.22,-0.18,0.69
2023-05-15,300644,14.59,14.84,14.9,14.59,10679,16496969.0,2.12,1.64,0.24,1.26
2023-05-16,300644,14.92,14.83,14.99,14.71,10789,16715342.0,1.89,-0.07,-0.01,1.27
2023-05-17,300644,14.95,15.43,15.44,14.79,18969,30093116.0,4.38,4.05,0.6,2.23
2023-05-18,300644,15.52,15.83,15.95,15.43,19342,31672533.0,3.37,2.59,0.4,2.27
2023-05-19,300644,15.79,16.25,16.32,15.67,24242,40486988.0,4.11,2.65,0.42,2.85
2023-05-22,300644,16.17,16.35,16.41,16.01,17854,30190705.0,2.46,0.62,0.1,2.1
2023-05-23,300644,16.37,16.42,16.71,16.29,17039,29264587.0,2.57,0.43,0.07,2.0
2023-05-24,300644,16.42,16.58,16.68,16.24,12832,21985614.0,2.68,0.97,0.16,1.51
2023-05-25,300644,16.53,16.58,16.69,16.3,12135,20816181.0,2.35,0.0,0.0,1.43
2023-05-26,300644,16.69,16.68,16.82,16.44,12646,21836000.0,2.29,0.6,0.1,1.49
2023-05-29,300644,16.72,16.45,16.73,16.41,9997,17164266.0,1.92,-1.38,-0.23,1.18
2023-05-30,300644,16.45,16.25,16.52,16.18,13229,22443687.0,2.07,-1.22,-0.2,1.56
2023-05-31,300644,16.28,16.09,16.35,16.07,8220,13810661.0,1.72,-0.98,-0.16,0.97
2023-06-01,300644,16.09,16.21,16.39,15.91,14369,24182330.0,2.98,0.75,0.12,1.69
2023-06-02,300644,16.26,16.47,16.53,16.14,10408,17756047.0,2.41,1.6,0.26,1.22
2023-06-05,300644,16.49,16.46,16.62,16.36,8424,14410526.0,1.58,-0.06,-0.01,0.99
2023-06-06,300644,16.55,16.35,17.1,16.26,22520,38635193.0,5.1,-0.67,-0.11,2.65
2023-06-07,300644,16.15,16.2,16.51,16.12,17118,28900317.0,2.39,-0.92,-0.15,2.01
2023-06-08,300644,16.2,16.06,16.32,15.98,11060,18561283.0,2.1,-0.86,-0.14,1.3
2023-06-09,300644,16.07,16.03,16.26,15.98,8472,14155845.0,1.74,-0.19,-0.03,1.0
2023-06-12,300644,16.03,16.35,16.46,15.79,14767,24782090.0,4.18,2.0,0.32,1.74
2023-06-13,300644,16.44,16.77,16.9,16.33,22881,39543941.0,3.49,2.57,0.42,2.69
2023-06-14,300644,16.67,16.71,16.86,16.56,13766,23813390.0,1.79,-0.36,-0.06,1.62
2023-06-15,300644,16.59,16.65,16.87,16.54,12157,21080069.0,1.97,-0.36,-0.06,1.43
2023-06-16,300644,16.71,16.55,16.83,16.52,8812,15203167.0,1.86,-0.6,-0.1,1.04
2023-06-19,300644,16.66,16.36,16.69,16.32,12879,21974482.0,2.24,-1.15,-0.19,1.51
2023-06-20,300644,16.36,16.34,16.45,16.21,7687,13022630.0,1.47,-0.12,-0.02,0.9
2023-06-21,300644,16.36,16.33,16.51,16.13,16594,28179429.0,2.33,-0.06,-0.01,1.95
2023-06-26,300644,16.06,16.05,16.29,15.93,12574,21015194.0,2.2,-1.71,-0.28,1.48
2023-06-27,300644,16.05,17.05,17.08,15.96,32875,57162054.0,6.98,6.23,1.0,3.86
2023-06-28,300644,17.03,17.11,17.18,16.66,23583,41528779.0,3.05,0.35,0.06,2.77
2023-06-29,300644,17.11,17.58,17.88,17.11,34902,63764854.0,4.5,2.75,0.47,4.1
2023-06-30,300644,17.49,17.94,18.11,17.49,27076,50338759.0,3.53,2.05,0.36,3.18
2023-07-03,300644,17.94,17.8,18.28,17.61,24104,44465392.0,3.73,-0.78,-0.14,2.83
2023-07-04,300644,17.67,18.08,18.39,17.67,23868,44829400.0,4.04,1.57,0.28,2.8
2023-07-05,300644,18.04,18.02,18.26,17.88,13189,24693650.0,2.1,-0.33,-0.06,1.55
2023-07-06,300644,18.02,18.11,18.31,17.85,13394,25089142.0,2.55,0.5,0.09,1.57
2023-07-07,300644,18.09,18.04,18.22,17.87,10056,18624342.0,1.93,-0.39,-0.07,1.18
2023-07-10,300644,18.11,17.94,18.14,17.89,8645,15975948.0,1.39,-0.55,-0.1,1.02
2023-07-11,300644,17.97,17.99,18.01,17.83,8975,16517967.0,1.0,0.28,0.05,1.05
2023-07-12,300644,18.02,18.08,18.56,17.96,20996,39350443.0,3.34,0.5,0.09,2.47
2023-07-13,300644,18.01,17.9,18.31,17.8,14923,27561934.0,2.82,-1.0,-0.18,1.75
2023-07-14,300644,17.99,18.04,18.2,17.71,13045,24138830.0,2.74,0.78,0.14,1.53
2023-07-17,300644,18.1,17.88,18.1,17.69,9365,17200955.0,2.27,-0.89,-0.16,1.1
2023-07-18,300644,17.87,17.93,18.06,17.65,10794,19825686.0,2.29,0.28,0.05,1.26
2023-07-19,300644,17.94,17.98,18.09,17.8,9836,18125628.0,1.62,0.28,0.05,1.15
2023-07-20,300644,18.03,17.88,18.15,17.84,12402,22913017.0,1.72,-0.56,-0.1,1.45
2023-07-21,300644,17.9,17.58,17.98,17.51,16277,29546345.0,2.63,-1.68,-0.3,1.9
2023-07-24,300644,18.21,18.09,18.29,17.84,47129,87429858.0,2.56,2.9,0.51,5.51
2023-07-25,300644,18.2,18.53,18.53,17.93,72124,135083793.0,3.32,2.43,0.44,8.44
2023-07-26,300644,17.1,17.07,17.19,16.76,80204,140550003.0,2.32,-7.88,-1.46,9.38
2023-07-27,300644,17.0,17.06,17.38,16.86,36514,64383544.0,3.05,-0.06,-0.01,4.27
2023-07-28,300644,16.95,17.04,17.25,16.77,21798,38161854.0,2.81,-0.12,-0.02,2.55
2023-07-31,300644,17.06,17.02,17.21,16.95,15152,26568072.0,1.53,-0.12,-0.02,1.77
2023-08-01,300644,17.04,17.09,17.15,16.96,15317,26917018.0,1.12,0.41,0.07,1.79
2023-08-02,300644,17.11,17.09,17.11,16.86,13371,23361514.0,1.46,0.0,0.0,1.56
2023-08-03,300644,17.06,16.63,17.1,16.61,16619,28775844.0,2.87,-2.69,-0.46,1.94
2023-08-04,300644,16.75,16.5,16.9,16.45,14114,24105198.0,2.71,-0.78,-0.13,1.65
2023-08-07,300644,16.59,16.41,16.59,16.26,11034,18579305.0,2.0,-0.55,-0.09,1.29
2023-08-08,300644,16.48,16.68,16.7,16.36,9096,15500756.0,2.07,1.65,0.27,1.06
2023-08-09,300644,16.49,16.17,16.49,16.12,12743,21275553.0,2.22,-3.06,-0.51,1.49
2023-08-10,300644,16.26,16.21,16.35,16.1,8028,13406693.0,1.55,0.25,0.04,0.96
2023-08-11,300644,16.3,16.0,16.37,15.99,8302,13831139.0,2.34,-1.3,-0.21,0.99
2023-08-14,300644,16.18,16.17,16.18,15.91,8023,13269550.0,1.69,1.06,0.17,0.96
2023-08-15,300644,16.17,16.27,16.36,16.04,9019,15103915.0,1.98,0.62,0.1,1.07
2023-08-16,300644,16.36,16.15,16.36,16.06,8933,14859380.0,1.84,-0.74,-0.12,1.06
2023-08-17,300644,16.11,16.54,16.61,15.99,14843,24941065.0,3.84,2.41,0.39,1.77
2023-08-18,300644,16.57,16.66,16.95,16.43,19507,33680137.0,3.14,0.73,0.12,2.32
2023-08-21,300644,16.71,16.38,16.84,16.37,17349,29633562.0,2.82,-1.68,-0.28,2.07
2023-08-22,300644,16.53,16.03,16.59,15.76,17857,29569927.0,5.07,-2.14,-0.35,2.13
2023-08-23,300644,16.09,15.77,16.1,15.62,13870,22610778.0,2.99,-1.62,-0.26,1.65
2023-08-24,300644,15.8,15.94,16.01,15.49,12326,20058900.0,3.3,1.08,0.17,1.47
2023-08-25,300644,16.39,16.57,17.88,16.13,98572,171596394.0,10.98,3.95,0.63,11.74
2023-08-28,300644,17.06,16.42,17.49,16.31,66617,115191456.0,7.12,-0.91,-0.15,7.94
2023-08-29,300644,16.56,17.35,17.36,16.41,35963,63102593.0,5.79,5.66,0.93,4.28
2023-08-30,300644,17.31,17.73,17.85,17.13,39094,71099825.0,4.15,2.19,0.38,4.66
2023-08-31,300644,17.62,17.56,17.74,17.47,23433,42299972.0,1.52,-0.96,-0.17,2.79
2023-09-01,300644,17.73,17.54,17.73,17.33,21451,38530832.0,2.28,-0.11,-0.02,2.56
2023-09-04,300644,17.73,17.77,17.81,17.54,24082,43811589.0,1.54,1.31,0.23,2.87
2023-09-05,300644,17.87,17.8,17.94,17.66,18218,33272244.0,1.58,0.17,0.03,2.17
2023-09-06,300644,17.8,17.94,17.99,17.7,17125,31522182.0,1.63,0.79,0.14,2.04
2023-09-07,300644,17.91,17.7,17.99,17.64,14544,26637863.0,1.95,-1.34,-0.24,1.73
2023-09-08,300644,17.65,17.63,17.87,17.52,10173,18532566.0,1.98,-0.4,-0.07,1.21
2023-09-11,300644,17.64,17.54,17.9,17.52,14168,25714899.0,2.16,-0.51,-0.09,1.69
2023-09-12,300644,17.54,17.57,17.7,17.42,12130,21863433.0,1.6,0.17,0.03,1.45
2023-09-13,300644,17.57,17.45,17.69,17.33,10240,18382664.0,2.05,-0.68,-0.12,1.22
2023-09-14,300644,17.54,17.3,17.67,17.2,10070,17968295.0,2.69,-0.86,-0.15,1.2
2023-09-15,300644,17.36,17.31,17.63,17.21,11990,21423252.0,2.43,0.06,0.01,1.43
2023-09-18,300644,17.31,17.55,17.79,17.06,15955,28710479.0,4.22,1.39,0.24,1.9
2023-09-19,300644,17.6,17.29,17.6,17.17,11912,21183111.0,2.45,-1.48,-0.26,1.42
2023-09-20,300644,17.26,17.23,17.45,17.2,11461,20382243.0,1.45,-0.35,-0.06,1.37
2023-09-21,300644,17.27,17.19,17.47,17.12,10535,18691852.0,2.03,-0.23,-0.04,1.25
2023-09-22,300644,17.1,17.52,17.54,17.07,11793,21069911.0,2.73,1.92,0.33,1.4
2023-09-25,300644,17.52,17.58,17.69,17.39,10005,18021399.0,1.71,0.34,0.06,1.19
2023-09-26,300644,17.54,17.47,17.61,17.21,13885,24864065.0,2.28,-0.63,-0.11,1.65
2023-09-27,300644,17.56,17.54,17.78,17.31,15101,27341994.0,2.69,0.4,0.07,1.8
2023-09-28,300644,17.57,17.74,17.81,17.5,11963,21771137.0,1.77,1.14,0.2,1.43
2023-10-09,300644,17.79,17.77,17.96,17.65,17854,32623162.0,1.75,0.17,0.03,2.13
2023-10-10,300644,17.84,17.48,17.84,17.43,14784,26641828.0,2.31,-1.63,-0.29,1.76
2023-10-11,300644,17.42,17.48,17.56,17.2,12749,22797936.0,2.06,0.0,0.0,1.52
2023-10-12,300644,17.53,17.61,17.66,17.27,11864,21343203.0,2.23,0.74,0.13,1.41
2023-10-13,300644,17.61,17.18,17.66,17.03,17627,31168941.0,3.58,-2.44,-0.43,2.1
2023-10-16,300644,17.18,17.12,17.28,16.88,15238,26741530.0,2.33,-0.35,-0.06,1.82
2023-10-17,300644,17.12,17.21,17.36,16.86,9776,17285775.0,2.92,0.53,0.09,1.16
2023-10-18,300644,17.24,16.94,17.24,16.93,14804,25931350.0,1.8,-1.57,-0.27,1.76
2023-10-19,300644,17.0,17.0,17.54,16.7,20663,36466109.0,4.96,0.35,0.06,2.46
2023-10-20,300644,17.2,16.83,17.24,16.82,15669,27358232.0,2.47,-1.0,-0.17,1.87
2023-10-23,300644,16.83,16.62,17.06,16.55,16403,28231971.0,3.03,-1.25,-0.21,1.95
2023-10-24,300644,16.66,17.4,17.46,16.56,23936,42519670.0,5.42,4.69,0.78,2.85
2023-10-25,300644,17.71,17.43,17.79,17.34,21194,38008489.0,2.59,0.17,0.03,2.52
2023-10-26,300644,17.39,17.43,17.68,17.15,15606,27759189.0,3.04,0.0,0.0,1.86
2023-10-27,300644,17.29,17.54,17.61,17.26,17002,30556041.0,2.01,0.63,0.11,2.03
2023-10-30,300644,17.5,17.7,17.79,17.4,20070,36355596.0,2.22,0.91,0.16,2.39
2023-10-31,300644,17.74,17.8,18.0,17.61,17074,31246203.0,2.2,0.56,0.1,2.03
2023-11-01,300644,17.75,17.95,18.09,17.64,21543,39805298.0,2.53,0.84,0.15,2.57
2023-11-02,300644,18.08,17.88,18.09,17.81,15360,28272079.0,1.56,-0.39,-0.07,1.83
2023-11-03,300644,17.8,17.87,18.06,17.76,13729,25297187.0,1.68,-0.06,-0.01,1.64
2023-11-06,300644,18.01,18.0,18.02,17.81,14043,25889648.0,1.18,0.73,0.13,1.67
2023-11-07,300644,18.11,18.16,18.22,17.91,16808,31236449.0,1.72,0.89,0.16,2.0
2023-11-08,300644,18.16,18.06,18.17,17.95,12834,23775722.0,1.21,-0.55,-0.1,1.53
2023-11-09,300644,18.06,18.06,18.2,17.91,12027,22296557.0,1.61,0.0,0.0,1.43
2023-11-10,300644,18.11,18.26,18.35,17.82,19322,36149307.0,2.93,1.11,0.2,2.3
2023-11-13,300644,18.32,18.49,18.51,18.01,17834,33522426.0,2.74,1.26,0.23,2.12
2023-11-14,300644,18.56,18.24,18.65,18.17,14512,27236146.0,2.6,-1.35,-0.25,1.73
2023-11-15,300644,18.36,18.4,18.46,18.18,13035,24577608.0,1.54,0.88,0.16,1.55
2023-11-16,300644,18.39,18.43,18.75,18.33,16519,31403960.0,2.28,0.16,0.03,1.97
2023-11-17,300644,18.42,18.67,18.68,18.29,13939,26525369.0,2.12,1.3,0.24,1.66
2023-11-20,300644,18.75,18.84,18.95,18.45,21821,41879397.0,2.68,0.91,0.17,2.6
2023-11-21,300644,18.84,18.55,18.84,18.41,15854,30240433.0,2.28,-1.54,-0.29,1.89
2023-11-22,300644,18.47,18.38,18.61,18.33,12994,24599913.0,1.51,-0.92,-0.17,1.55
2023-11-23,300644,18.41,18.54,18.63,18.35,9969,18966981.0,1.52,0.87,0.16,1.19
2023-11-24,300644,18.55,18.5,18.76,18.36,12098,23017579.0,2.16,-0.22,-0.04,1.44
2023-11-27,300644,18.5,18.53,18.66,18.33,10459,19854175.0,1.78,0.16,0.03,1.25
2023-11-28,300644,18.6,19.86,21.56,18.44,101063,207118560.0,16.84,7.18,1.33,12.04
2023-11-29,300644,19.51,19.26,19.91,19.07,85062,168240646.0,4.23,-3.02,-0.6,10.13
2023-11-30,300644,19.38,18.78,19.47,18.67,72522,140973660.0,4.15,-2.49,-0.48,8.64
2023-12-01,300644,19.07,19.58,19.63,18.95,92445,183262769.0,3.62,4.26,0.8,11.01
2023-12-04,300644,19.41,20.13,20.26,19.07,91537,185594153.0,6.08,2.81,0.55,10.9
2023-12-05,300644,19.8,20.58,21.19,19.32,121949,252372773.0,9.29,2.24,0.45,14.53
2023-12-06,300644,20.29,20.01,20.73,19.91,74236,153643591.0,3.98,-2.77,-0.57,8.84
2023-12-07,300644,20.06,19.81,20.86,19.43,80362,164600308.0,7.15,-1.0,-0.2,9.57
2023-12-08,300644,19.52,18.91,19.64,18.83,68070,134189769.0,4.09,-4.54,-0.9,8.11
2023-12-11,300644,18.59,19.07,19.14,18.31,40533,78211889.0,4.39,0.85,0.16,4.83
2023-12-12,300644,18.91,19.6,20.11,18.81,50570,100346371.0,6.82,2.78,0.53,6.02
2023-12-13,300644,19.52,19.57,19.97,19.32,50367,101594832.0,3.32,-0.15,-0.03,6.0
2023-12-14,300644,19.35,19.41,19.77,19.26,29113,57970472.0,2.61,-0.82,-0.16,3.47
2023-12-15,300644,19.35,19.13,19.46,18.97,21515,42220389.0,2.52,-1.44,-0.28,2.56
2023-12-18,300644,18.97,19.7,20.45,18.97,59306,120386670.0,7.74,2.98,0.57,7.06
2023-12-19,300644,19.52,20.61,21.06,19.31,88259,183816439.0,8.88,4.62,0.91,10.51
2023-12-20,300644,20.49,20.62,21.91,20.41,95463,205330892.0,7.28,0.05,0.01,11.37
2023-12-21,300644,20.48,20.26,20.85,19.71,67267,138980453.0,5.53,-1.75,-0.36,8.01
2023-12-22,300644,20.37,19.94,20.81,19.68,52588,108789703.0,5.58,-1.58,-0.32,6.26
2023-12-25,300644,19.91,19.84,20.0,19.4,33843,68475687.0,3.01,-0.5,-0.1,4.03
2023-12-26,300644,19.78,19.23,19.94,19.12,39006,77514175.0,4.13,-3.07,-0.61,4.65
2023-12-27,300644,19.37,19.36,19.59,18.79,24963,49238207.0,4.16,0.68,0.13,2.97
2023-12-28,300644,19.29,19.65,19.82,19.01,29030,58085452.0,4.18,1.5,0.29,3.46
2023-12-29,300644,19.68,20.26,20.31,19.53,30471,62734121.0,3.97,3.1,0.61,3.57
2024-01-02,300644,20.24,20.57,20.89,20.24,39784,83856020.0,3.21,1.53,0.31,4.66
2024-01-03,300644,20.51,20.24,20.72,20.03,25538,53216650.0,3.35,-1.6,-0.33,2.99
2024-01-04,300644,20.16,20.2,20.5,19.93,24976,51789428.0,2.82,-0.2,-0.04,2.93
2024-01-05,300644,20.39,19.75,20.46,19.64,29285,59671167.0,4.06,-2.23,-0.45,3.43
2024-01-08,300644,19.91,19.45,20.01,19.39,20206,40749306.0,3.14,-1.52,-0.3,2.37
2024-01-09,300644,19.45,19.59,19.97,19.41,20921,42252191.0,2.88,0.72,0.14,2.45
2024-01-10,300644,19.6,19.17,19.61,19.11,19424,38500464.0,2.55,-2.14,-0.42,2.28
2024-01-11,300644,19.27,19.6,19.79,19.06,19055,38043941.0,3.81,2.24,0.43,2.23
2024-01-12,300644,19.61,19.29,19.9,19.19,17222,34332936.0,3.62,-1.58,-0.31,2.02
2024-01-15,300644,19.11,19.0,19.33,18.97,13008,25486179.0,1.87,-1.5,-0.29,1.52
2024-01-16,300644,19.07,18.87,19.18,18.52,13518,26036287.0,3.47,-0.68,-0.13,1.58
2024-01-17,300644,19.17,18.35,19.17,18.33,12857,24637634.0,4.45,-2.76,-0.52,1.51
2024-01-18,300644,18.4,18.09,18.47,17.64,24470,45159548.0,4.52,-1.42,-0.26,2.87
2024-01-19,300644,18.1,17.69,18.25,17.65,12093,22211093.0,3.32,-2.21,-0.4,1.42
2024-01-22,300644,17.68,16.35,17.79,16.23,27581,48104851.0,8.82,-7.57,-1.34,3.23
2024-01-23,300644,16.2,16.13,16.35,15.63,25476,41961774.0,4.4,-1.35,-0.22,2.98
2024-01-24,300644,16.22,16.35,16.69,15.69,20418,34037617.0,6.2,1.36,0.22,2.39
2024-01-25,300644,16.5,16.74,16.83,16.18,18870,32145489.0,3.98,2.39,0.39,2.21
2024-01-26,300644,16.81,17.2,17.52,16.71,26061,46236059.0,4.84,2.75,0.46,3.05
2024-01-29,300644,17.14,16.31,17.23,16.24,21809,37234385.0,5.76,-5.17,-0.89,2.56
2024-01-30,300644,16.36,15.74,16.43,15.67,16248,26810542.0,4.66,-3.49,-0.57,1.9
2024-01-31,300644,15.74,14.72,15.83,14.66,22767,35645607.0,7.43,-6.48,-1.02,2.67
2024-02-01,300644,14.54,14.49,14.71,13.92,23254,34523228.0,5.37,-1.56,-0.23,2.72
2024-02-02,300644,14.29,13.42,14.83,12.79,39132,55035936.0,14.08,-7.38,-1.07,4.58
2024-02-05,300644,13.36,11.59,13.36,11.22,46087,56879968.0,15.95,-13.64,-1.83,5.4
2024-02-06,300644,11.12,11.43,12.06,10.33,57996,66645648.0,14.93,-1.38,-0.16,6.79
2024-02-07,300644,11.5,10.47,11.81,10.17,64337,71417805.0,14.35,-8.4,-0.96,7.54
2024-02-08,300644,10.59,11.81,11.81,8.49,69950,77606398.0,31.71,12.8,1.34,8.2
2024-02-19,300644,11.82,12.31,12.6,11.55,48213,60916682.0,8.89,4.23,0.5,5.65
2024-02-20,300644,12.25,12.42,12.6,11.87,29504,37964224.0,5.93,0.89,0.11,3.46
2024-02-21,300644,12.21,12.81,13.2,12.21,36003,48056485.0,7.97,3.14,0.39,4.22
2024-02-22,300644,12.79,13.21,13.25,12.72,27827,37615497.0,4.14,3.12,0.4,3.26
2024-02-23,300644,13.4,13.78,13.86,13.11,28860,40432642.0,5.68,4.31,0.57,3.38
2024-02-26,300644,13.83,14.55,14.93,13.83,43278,64634957.0,7.98,5.59,0.77,5.07
2024-02-27,300644,14.55,15.19,15.51,14.32,49159,76083532.0,8.18,4.4,0.64,5.76
2024-02-28,300644,15.03,13.48,15.25,13.46,57096,85482460.0,11.78,-11.26,-1.71,6.69
2024-02-29,300644,13.22,14.05,14.09,13.02,42971,61279569.0,7.94,4.23,0.57,5.03
2024-03-01,300644,14.06,14.16,14.44,13.96,28042,41066764.0,3.42,0.78,0.11,3.29
2024-03-04,300644,14.06,13.94,14.3,13.53,23599,33812299.0,5.44,-1.55,-0.22,2.76
2024-03-05,300644,13.8,13.5,13.96,13.39,23038,32411513.0,4.09,-3.16,-0.44,2.7
2024-03-06,300644,13.44,13.87,14.03,13.39,21282,30299066.0,4.74,2.74,0.37,2.49
2024-03-07,300644,13.96,14.03,14.34,13.82,28926,42245232.0,3.75,1.15,0.16,3.39
2024-03-08,300644,14.0,14.03,14.16,13.74,18509,26718791.0,2.99,0.0,0.0,2.17
2024-03-11,300644,14.03,14.35,14.39,14.0,23486,34606927.0,2.78,2.28,0.32,2.75
2024-03-12,300644,14.41,15.1,15.4,14.28,40770,62524036.0,7.8,5.23,0.75,4.78
2024-03-13,300644,15.26,14.83,15.31,14.61,33929,52188064.0,4.64,-1.79,-0.27,3.98
2024-03-14,300644,14.67,14.59,14.95,14.32,23070,35053071.0,4.25,-1.62,-0.24,2.7
2024-03-15,300644,14.59,15.01,15.08,14.51,27728,42738825.0,3.91,2.88,0.42,3.25
2024-03-18,300644,15.09,15.59,15.78,15.03,34601,55299969.0,5.0,3.86,0.58,4.05
2024-03-19,300644,15.61,15.64,15.94,15.44,30827,49760894.0,3.21,0.32,0.05,3.61
2024-03-20,300644,15.62,15.76,16.07,15.59,25233,41064492.0,3.07,0.77,0.12,2.96
2024-03-21,300644,15.77,16.1,16.2,15.56,33366,54632925.0,4.06,2.16,0.34,3.91
2024-03-22,300644,16.02,15.86,16.69,15.57,46595,77207576.0,6.96,-1.49,-0.24,5.46
2024-03-25,300644,15.69,15.21,15.82,15.01,36888,58996969.0,5.11,-4.1,-0.65,4.32
2024-03-26,300644,15.14,15.5,15.59,15.04,28154,44587391.0,3.62,1.91,0.29,3.3
2024-03-27,300644,15.41,14.9,15.49,14.89,20320,31921902.0,3.87,-3.87,-0.6,2.38
2024-03-28,300644,14.89,15.7,15.83,14.85,30239,48365067.0,6.58,5.37,0.8,3.54
2024-03-29,300644,16.16,16.27,16.61,15.81,45739,76665622.0,5.1,3.63,0.57,5.35
2024-04-01,300644,16.18,17.04,17.35,16.12,51073,87916781.0,7.56,4.73,0.77,5.98
2024-04-02,300644,16.9,17.34,17.67,16.74,48467,85856776.0,5.46,1.76,0.3,5.67
2024-04-03,300644,17.05,16.85,17.27,16.51,39489,68169622.0,4.38,-2.83,-0.49,4.62
2024-04-08,300644,16.85,16.14,16.85,16.13,24573,41476364.0,4.27,-4.21,-0.71,2.88
2024-04-09,300644,16.13,16.61,16.73,16.13,18694,31756184.0,3.72,2.91,0.47,2.19
2024-04-10,300644,16.62,16.1,16.69,15.83,18576,30802794.0,5.18,-3.07,-0.51,2.17
2024-04-11,300644,16.06,16.09,16.43,15.83,16721,27891437.0,3.73,-0.06,-0.01,1.96
2024-04-12,300644,16.2,16.11,16.91,15.99,28432,48030448.0,5.72,0.12,0.02,3.33
2024-04-15,300644,15.86,14.83,16.12,14.49,40062,62160534.0,10.12,-7.95,-1.28,4.69
2024-04-16,300644,14.67,12.79,14.68,12.74,46054,63288173.0,13.08,-13.76,-2.04,5.39
2024-04-17,300644,12.82,14.65,14.66,12.82,40112,58432739.0,14.39,14.54,1.86,4.7
2024-04-18,300644,14.61,14.5,14.85,14.03,26538,39950632.0,5.6,-1.02,-0.15,3.11
2024-04-19,300644,14.47,14.55,14.96,14.22,22262,33421539.0,5.1,0.34,0.05,2.61
2024-04-22,300644,15.71,15.44,16.38,14.69,54550,86763521.0,11.62,6.12,0.89,6.39
2024-04-23,300644,15.44,15.83,16.39,15.44,44514,73161336.0,6.15,2.53,0.39,5.21
2024-04-24,300644,15.51,17.51,17.76,15.49,76416,132251549.0,14.34,10.61,1.68,8.95
2024-04-25,300644,19.5,21.11,21.11,19.48,187403,401210924.0,9.31,20.56,3.6,21.94
2024-04-26,300644,22.59,20.01,23.11,19.81,306687,670172472.0,15.63,-5.21,-1.1,35.9
2024-04-29,300644,19.17,19.15,19.75,18.51,190150,372281554.0,6.2,-4.3,-0.86,22.26
2024-04-30,300644,18.78,18.01,18.97,17.89,144355,270313239.0,5.64,-5.95,-1.14,16.9
2024-05-06,300644,18.19,19.24,19.41,18.05,164441,315783421.0,7.55,6.83,1.23,19.25
2024-05-07,300644,19.24,20.06,20.49,19.18,193050,392990674.0,6.81,4.26,0.82,22.6
2024-05-08,300644,19.47,19.04,19.96,19.0,123173,244351052.0,4.79,-5.08,-1.02,14.42
2024-05-09,300644,18.56,18.89,19.47,18.56,91335,178266377.0,4.78,-0.79,-0.15,10.69
2024-05-10,300644,18.79,18.5,19.01,18.23,75287,143259105.0,4.13,-2.06,-0.39,8.81
2024-05-13,300644,18.26,17.93,18.63,17.71,57685,106696512.0,4.97,-3.08,-0.57,6.75
2024-05-14,300644,17.81,18.66,18.95,17.81,89350,168928400.0,6.36,4.07,0.73,10.46
2024-05-15,300644,18.46,21.31,22.49,18.24,255497,544225043.0,22.78,14.2,2.65,29.91
2024-05-16,300644,21.02,22.18,23.51,21.02,270409,615790390.0,11.68,4.08,0.87,31.66
2024-05-17,300644,21.74,25.57,26.47,21.08,297044,723280682.0,24.3,15.28,3.39,34.78
2024-05-20,300644,24.52,25.6,27.79,24.31,291850,768912779.0,13.61,0.12,0.03,34.17
2024-05-21,300644,24.08,23.77,24.89,23.3,209830,509665940.0,6.21,-7.15,-1.83,24.57
2024-05-22,300644,23.37,26.61,26.71,22.81,255125,638254920.0,16.41,11.95,2.84,29.87
2024-05-23,300644,26.6,27.73,30.64,26.51,312245,905294745.0,15.52,4.21,1.12,36.56
2024-05-24,300644,26.48,25.69,27.23,24.81,224054,593754067.0,8.73,-7.36,-2.04,26.23
2024-05-27,300644,25.67,27.26,27.28,25.09,211257,568466916.0,8.52,6.11,1.57,24.73
2024-05-28,300644,27.01,25.51,30.39,25.41,260529,740173016.0,18.27,-6.42,-1.75,30.5
2024-05-29,300644,25.02,23.76,25.45,23.41,222912,550409223.0,8.0,-6.86,-1.75,26.1
2024-05-30,300644,23.51,22.73,24.03,22.58,157408,371677832.0,6.1,-4.34,-1.03,18.43
2024-05-31,300644,22.79,22.04,23.09,21.83,126457,287843565.0,5.54,-3.04,-0.69,14.8
2024-06-03,300644,22.23,22.18,22.72,21.74,137487,312288364.0,4.45,0.64,0.14,16.1
2024-06-04,300644,22.11,22.1,22.39,21.26,111177,248017674.0,5.09,-0.36,-0.08,13.02
2024-06-05,300644,22.1,21.02,22.1,21.01,94739,206513776.0,4.93,-4.89,-1.08,11.09
2024-06-06,300644,21.02,20.25,21.31,19.79,97861,204660782.0,7.23,-3.66,-0.77,11.46
2024-06-07,300644,20.51,20.49,20.82,19.76,84784,176150356.0,5.23,1.19,0.24,9.93
2024-06-11,300644,20.49,21.31,21.51,19.99,109414,235087675.0,7.42,4.0,0.82,12.81
2024-06-12,300644,21.31,21.15,21.6,20.95,98110,212857271.0,3.05,-0.75,-0.16,11.49
2024-06-13,300644,21.04,20.56,21.18,20.44,96552,204908611.0,3.5,-2.79,-0.59,11.3
2024-06-14,300644,20.57,20.62,20.82,20.06,78194,163111721.0,3.7,0.29,0.06,9.15
2024-06-17,300644,20.84,20.28,21.25,20.27,84153,178451382.0,4.75,-1.65,-0.34,9.85
2024-06-18,300644,20.62,23.1,23.1,20.57,235779,530293646.0,12.48,13.91,2.82,27.6
2024-06-19,300644,22.39,23.76,24.65,22.39,249675,598116167.0,9.78,2.86,0.66,29.23
2024-06-20,300644,23.04,21.62,23.26,21.62,168221,381692258.0,6.9,-9.01,-2.14,19.69
2024-06-21,300644,21.51,21.03,22.02,20.89,110064,240514970.0,5.23,-2.73,-0.59,12.89
2024-06-24,300644,20.87,19.93,21.07,19.84,91478,190129583.0,5.85,-5.23,-1.1,10.71
2024-06-25,300644,20.12,20.27,20.91,19.95,94703,197953445.0,4.82,1.71,0.34,11.09
2024-06-26,300644,20.08,20.43,20.52,19.28,96057,195173855.0,6.12,0.79,0.16,11.25
2024-06-27,300644,20.26,19.35,20.3,19.31,71452,144885439.0,4.85,-5.29,-1.08,8.35
2024-06-28,300644,19.38,19.89,20.67,19.31,94256,194443266.0,7.03,2.79,0.54,10.99
2024-07-01,300644,19.89,20.21,20.29,19.55,65344,133727125.0,3.72,1.61,0.32,7.62
2024-07-02,300644,20.38,19.64,20.51,19.55,59104,120605591.0,4.75,-2.82,-0.57,6.89
2024-07-03,300644,19.8,19.03,19.82,18.94,56851,111865726.0,4.48,-3.11,-0.61,6.63
2024-07-04,300644,19.09,18.4,19.48,18.34,61572,118824373.0,5.99,-3.31,-0.63,7.18
2024-07-05,300644,18.37,18.43,18.68,17.82,52376,97810469.0,4.67,0.16,0.03,6.11
2024-07-08,300644,18.24,17.77,18.62,17.67,45535,82730031.0,5.15,-3.58,-0.66,5.31
2024-07-09,300644,17.85,19.11,19.12,17.46,86587,161298857.0,9.34,7.54,1.34,10.1
2024-07-10,300644,18.75,18.63,19.07,18.5,65296,124264583.0,2.98,-2.51,-0.48,7.62
2024-07-11,300644,19.13,19.34,19.43,18.86,63918,124294039.0,3.06,3.81,0.71,7.45
2024-07-12,300644,19.25,19.24,19.75,19.17,55307,108800049.0,3.0,-0.52,-0.1,6.45
2024-07-15,300644,19.35,19.02,19.65,18.91,39788,77078196.0,3.85,-1.14,-0.22,4.64
2024-07-16,300644,18.85,18.79,19.1,18.52,43171,81835549.0,3.05,-1.21,-0.23,5.03
2024-07-17,300644,18.76,17.81,18.99,17.8,55816,102592308.0,6.33,-5.22,-0.98,6.51
2024-07-18,300644,17.7,17.32,17.75,16.84,54857,95661238.0,5.11,-2.75,-0.49,6.4
2024-07-19,300644,17.34,17.68,17.89,17.17,45934,82071442.0,4.16,2.08,0.36,5.36
2024-07-22,300644,17.57,17.82,17.92,17.4,32333,57963259.0,2.94,0.79,0.14,3.77
2024-07-23,300644,17.93,17.4,18.14,17.35,35062,63385939.0,4.43,-2.36,-0.42,4.09
2024-07-24,300644,17.37,16.95,17.68,16.88,33762,58850581.0,4.6,-2.59,-0.45,3.94
2024-07-25,300644,16.83,17.12,17.57,16.62,40316,70120178.0,5.6,1.0,0.17,4.7
2024-07-26,300644,17.17,17.47,17.58,17.1,32282,57018646.0,2.8,2.04,0.35,3.77
2024-07-29,300644,17.47,18.08,18.31,17.11,62512,113017803.0,6.87,3.49,0.61,7.29
2024-07-30,300644,18.09,18.22,18.63,17.87,70579,130879881.0,4.2,0.77,0.14,8.23
2024-07-31,300644,18.55,19.05,19.41,18.45,108590,208214655.0,5.27,4.56,0.83,12.66
2024-08-01,300644,18.75,19.21,19.31,18.75,82700,159294307.0,2.94,0.84,0.16,9.65
2024-08-02,300644,18.9,19.24,19.72,18.85,107452,211180708.0,4.53,0.16,0.03,12.53
2024-08-05,300644,18.88,18.05,19.21,17.98,87446,164928013.0,6.39,-6.19,-1.19,10.2
2024-08-06,300644,18.6,18.23,18.64,17.92,54764,101016704.0,3.99,1.0,0.18,6.39
2024-08-07,300644,18.26,17.96,18.33,17.91,40059,73406867.0,2.3,-1.48,-0.27,4.67
2024-08-08,300644,17.94,17.44,18.06,17.21,43505,77044163.0,4.73,-2.9,-0.52,5.07
2024-08-09,300644,17.75,17.78,19.05,17.74,72524,133606364.0,7.51,1.95,0.34,8.46
2024-08-12,300644,17.7,17.27,17.9,17.15,48640,85589600.0,4.22,-2.87,-0.51,5.67
2024-08-13,300644,17.11,17.75,17.77,17.11,36031,63930412.0,3.82,2.78,0.48,4.2
2024-08-14,300644,17.8,17.54,17.82,17.51,25050,44885497.0,1.75,-1.18,-0.21,2.92
2024-08-15,300644,17.59,17.5,17.78,17.19,29696,52794150.0,3.36,-0.23,-0.04,3.46
2024-08-16,300644,17.53,17.17,17.66,17.1,34123,60010277.0,3.2,-1.89,-0.33,3.98
2024-08-19,300644,17.3,17.18,17.55,16.94,27402,48094491.0,3.55,0.06,0.01,3.2
2024-08-20,300644,17.13,16.76,17.33,16.68,28510,48910209.0,3.78,-2.44,-0.42,3.33
2024-08-21,300644,16.8,16.9,17.07,16.67,18975,32537328.0,2.39,0.84,0.14,2.21
2024-08-22,300644,17.0,16.5,17.03,16.5,21867,37070634.0,3.14,-2.37,-0.4,2.55
2024-08-23,300644,16.75,16.45,16.85,16.16,21279,35607281.0,4.18,-0.3,-0.05,2.48
2024-08-26,300644,16.53,17.11,17.14,16.39,33093,56856262.0,4.56,4.01,0.66,3.86
2024-08-27,300644,16.63,15.98,16.7,15.86,46920,76438962.0,4.91,-6.6,-1.13,5.47
2024-08-28,300644,15.87,15.99,16.19,15.77,24410,39711807.0,2.63,0.06,0.01,2.85
2024-08-29,300644,15.92,16.5,16.62,15.78,35152,58258025.0,5.25,3.19,0.51,4.1
2024-08-30,300644,16.48,16.9,17.14,16.43,34289,58819986.0,4.3,2.42,0.4,4.0
2024-09-02,300644,16.95,17.38,18.9,16.9,78509,140933331.0,11.83,2.84,0.48,9.16
2024-09-03,300644,17.09,17.63,17.85,16.95,58560,103746558.0,5.18,1.44,0.25,6.83
2024-09-04,300644,17.37,16.81,17.37,16.71,49474,85338374.0,3.74,-4.65,-0.82,5.77
2024-09-05,300644,17.02,16.93,17.1,16.81,29652,50941998.0,1.73,0.71,0.12,3.46
2024-09-06,300644,16.93,16.48,17.09,16.41,29237,49592017.0,4.02,-2.66,-0.45,3.41
2024-09-09,300644,16.36,16.52,16.72,16.16,19195,32213543.0,3.4,0.24,0.04,2.24
2024-09-10,300644,16.63,16.71,16.83,16.23,21928,36902026.0,3.63,1.15,0.19,2.56
2024-09-11,300644,16.65,16.73,16.87,16.53,21454,36412029.0,2.03,0.12,0.02,2.5
2024-09-12,300644,16.69,16.29,16.89,16.27,22039,37117929.0,3.71,-2.63,-0.44,2.57
2024-09-13,300644,16.6,16.03,16.73,16.02,21705,35724310.0,4.36,-1.6,-0.26,2.53
2024-09-18,300644,16.0,15.86,16.12,15.53,23316,37344086.0,3.68,-1.06,-0.17,2.72
2024-09-19,300644,15.9,16.4,16.51,15.9,30601,50545415.0,3.85,3.4,0.54,3.57
2024-09-20,300644,16.44,15.89,16.44,15.83,25014,40705494.0,3.72,-3.11,-0.51,2.92
2024-09-23,300644,15.92,15.91,16.08,15.73,23210,37535239.0,2.2,0.13,0.02,2.71
2024-09-24,300644,16.06,16.5,16.5,15.9,35608,58803429.0,3.77,3.71,0.59,4.15
2024-09-25,300644,16.65,16.75,17.1,16.59,41779,71563750.0,3.09,1.52,0.25,4.87
2024-09-26,300644,16.75,17.09,17.12,16.59,37506,64309452.0,3.16,2.03,0.34,4.37
2024-09-27,300644,17.31,17.9,18.34,17.22,77212,138967789.0,6.55,4.74,0.81,9.01
2024-09-30,300644,18.76,20.45,20.83,18.1,123394,242917341.0,15.25,14.25,2.55,14.4
2024-10-08,300644,24.37,22.93,24.4,20.91,130973,297806579.0,17.07,12.13,2.48,15.29
2024-10-09,300644,21.62,19.56,21.84,19.38,97907,205982624.0,10.73,-14.7,-3.37,11.43
2024-10-10,300644,19.86,20.35,21.36,19.75,91029,188979892.0,8.23,4.04,0.79,10.62
2024-10-11,300644,20.25,19.28,20.45,18.93,60741,120011294.0,7.47,-5.26,-1.07,7.09
2024-10-14,300644,19.19,19.92,19.96,19.15,46700,92856197.0,4.2,3.32,0.64,5.45
2024-10-15,300644,19.78,20.13,20.58,19.58,63588,130000028.0,5.02,1.05,0.21,7.42
2024-10-16,300644,19.71,20.36,20.58,19.6,48760,99450905.0,4.87,1.14,0.23,5.69
2024-10-17,300644,20.45,20.26,21.23,20.0,60551,125709039.0,6.04,-0.49,-0.1,7.07
2024-10-18,300644,20.13,21.24,21.6,20.06,106754,228734100.0,7.6,4.84,0.98,12.46
2024-10-21,300644,21.2,22.54,23.23,21.01,128987,287613781.0,10.45,6.12,1.3,15.05
2024-10-22,300644,22.75,22.22,23.33,21.97,133913,306138331.0,6.03,-1.42,-0.32,15.63
2024-10-23,300644,22.0,21.83,22.74,21.69,88724,198940128.0,4.73,-1.76,-0.39,10.35
2024-10-24,300644,22.14,21.6,22.14,21.56,47506,104713881.0,2.66,-1.05,-0.23,5.54
2024-10-25,300644,21.57,22.28,22.39,21.47,65777,147460954.0,4.26,3.15,0.68,7.68
2024-10-28,300644,22.35,23.28,23.84,22.35,132737,312663567.0,6.69,4.49,1.0,15.49
2024-10-29,300644,22.85,21.84,23.03,21.81,99284,222838951.0,5.24,-6.19,-1.44,11.59
2024-10-30,300644,21.79,22.53,23.43,21.27,105609,239551451.0,9.89,3.16,0.69,12.33
2024-10-31,300644,22.64,22.77,23.05,22.36,98736,226783161.0,3.06,1.07,0.24,11.52
2024-11-01,300644,22.44,21.19,22.73,20.98,76616,167679960.0,7.69,-6.94,-1.58,8.94
2024-11-04,300644,21.09,21.88,21.97,20.91,47602,104218528.0,5.0,3.26,0.69,5.56
2024-11-05,300644,21.87,22.23,22.3,21.71,59980,134059987.0,2.7,1.6,0.35,7.0
2024-11-06,300644,22.53,23.0,23.95,22.53,138437,325056322.0,6.39,3.46,0.77,16.16
2024-11-07,300644,22.55,22.72,23.01,22.38,80835,184934632.0,2.74,-1.22,-0.28,9.43
2024-11-08,300644,23.01,22.56,23.16,22.51,82194,189628852.0,2.86,-0.7,-0.16,9.59
2024-11-11,300644,22.3,23.04,23.04,22.3,69436,159570068.0,3.28,2.13,0.48,8.1
2024-11-12,300644,23.18,23.32,24.05,22.75,120518,284891322.0,5.64,1.22,0.28,14.06
2024-11-13,300644,23.2,23.67,24.05,22.8,98318,233359605.0,5.36,1.5,0.35,11.47
2024-11-14,300644,23.45,24.04,25.04,23.33,168437,413535238.0,7.22,1.56,0.37,19.66
2024-11-15,300644,24.04,22.54,24.28,22.54,115634,269149719.0,7.24,-6.24,-1.5,13.49
2024-11-18,300644,22.3,20.81,22.38,20.56,78039,166886793.0,8.07,-7.68,-1.73,9.11
2024-11-19,300644,20.96,21.73,21.82,20.84,55811,119988273.0,4.71,4.42,0.92,6.51
2024-11-20,300644,21.6,23.07,23.63,21.6,104672,240512200.0,9.34,6.17,1.34,12.22
2024-11-21,300644,23.07,23.76,24.03,23.05,108895,259395337.0,4.25,2.99,0.69,12.71
2024-11-22,300644,23.53,22.54,24.63,22.35,91560,215854466.0,9.6,-5.13,-1.22,10.69
2024-11-25,300644,23.03,23.72,23.83,22.68,116461,275848635.0,5.1,5.24,1.18,13.59
2024-11-26,300644,24.25,22.57,24.57,22.39,115107,270621878.0,9.19,-4.85,-1.15,13.43
2024-11-27,300644,22.15,22.85,22.85,21.5,76899,172098624.0,5.98,1.24,0.28,8.97
2024-11-28,300644,22.7,23.04,23.69,22.25,105740,246688827.0,6.3,0.83,0.19,12.34
2024-11-29,300644,22.91,24.32,26.56,22.24,200855,496595865.0,18.75,5.56,1.28,23.44
2024-12-02,300644,24.47,24.78,25.63,24.34,156305,393590448.0,5.3,1.89,0.46,18.24
2024-12-03,300644,25.28,25.61,26.72,24.85,199322,518146971.0,7.55,3.35,0.83,23.26
2024-12-04,300644,24.88,24.97,26.43,24.56,134465,342189768.0,7.3,-2.5,-0.64,15.69
2024-12-05,300644,24.65,25.26,25.73,24.19,117766,296030606.0,6.17,1.16,0.29,13.74
2024-12-06,300644,25.26,24.43,25.38,24.12,103941,256802905.0,4.99,-3.29,-0.83,12.13
2024-12-09,300644,24.31,26.25,26.63,24.1,180018,464628380.0,10.36,7.45,1.82,21.01
2024-12-10,300644,26.81,26.91,28.54,25.78,219920,604602313.0,10.51,2.51,0.66,25.67
2024-12-11,300644,26.75,27.67,27.75,26.14,166009,449820055.0,5.98,2.82,0.76,19.37
2024-12-12,300644,27.12,26.59,27.19,26.11,113863,306184237.0,3.9,-3.9,-1.08,13.29
2024-12-13,300644,26.29,25.68,27.39,25.65,102532,275017393.0,6.54,-3.42,-0.91,11.97
2024-12-16,300644,25.41,25.0,25.67,24.72,63928,162365510.0,3.7,-2.65,-0.68,7.46
2024-12-17,300644,25.05,23.26,25.42,23.22,75653,185347473.0,8.8,-6.96,-1.74,8.83
2024-12-18,300644,23.25,23.09,23.53,22.65,55119,129119921.0,3.78,-0.73,-0.17,6.43
2024-12-19,300644,23.03,23.49,23.68,22.41,54124,127697558.0,5.5,1.73,0.4,6.32
2024-12-20,300644,23.35,23.91,24.15,23.19,54689,131473040.0,4.09,1.79,0.42,6.38
2024-12-23,300644,23.86,22.53,23.86,22.05,61240,141457455.0,7.57,-5.77,-1.38,7.15
2024-12-24,300644,22.71,23.28,23.78,22.64,53449,125811330.0,5.06,3.33,0.75,6.24
2024-12-25,300644,23.05,22.36,23.44,21.76,55574,125694514.0,7.22,-3.95,-0.92,6.49
2024-12-26,300644,22.61,22.99,23.23,22.17,43491,100638359.0,4.74,2.82,0.63,5.08
2024-12-27,300644,23.21,22.93,23.5,22.87,41396,96978133.0,2.74,-0.26,-0.06,4.83
2024-12-30,300644,22.7,22.65,23.2,22.1,30908,70949433.0,4.8,-1.22,-0.28,3.61
2024-12-31,300644,22.93,21.61,22.93,21.56,38667,86161789.0,6.05,-4.59,-1.04,4.41
2025-01-02,300644,21.55,20.97,21.94,20.68,34617,74681889.0,5.83,-2.96,-0.64,3.95
2025-01-03,300644,21.02,20.05,21.18,20.01,34184,70791832.0,5.58,-4.39,-0.92,3.9
2025-01-06,300644,20.11,20.04,20.33,19.36,23599,47647902.0,4.84,-0.05,-0.01,2.69
2025-01-07,300644,20.04,20.68,20.68,19.96,29390,60513908.0,3.59,3.19,0.64,3.35
2025-01-08,300644,20.63,20.67,20.85,19.87,27616,57084776.0,4.74,-0.05,-0.01,3.15
2025-01-09,300644,20.5,20.91,21.14,20.46,25322,53629039.0,3.29,1.16,0.24,2.89
2025-01-10,300644,20.91,20.57,21.74,20.57,38767,83133759.0,5.6,-1.63,-0.34,4.42
2025-01-13,300644,20.37,20.57,20.87,19.72,24182,49848490.0,5.59,0.0,0.0,2.76
2025-01-14,300644,20.73,21.98,21.98,20.73,46238,100960818.0,6.08,6.85,1.41,5.28
2025-01-15,300644,21.98,21.62,22.2,21.56,32472,71853719.0,2.91,-1.64,-0.36,3.71
2025-01-16,300644,21.8,21.61,22.12,21.31,27675,60879651.0,3.75,-0.05,-0.01,3.16
2025-01-17,300644,21.64,21.51,21.85,21.31,20999,45863252.0,2.5,-0.46,-0.1,2.4
2025-01-20,300644,21.66,21.98,22.15,21.66,29634,65802318.0,2.28,2.19,0.47,3.38
2025-01-21,300644,22.15,22.28,22.6,21.97,38180,85930386.0,2.87,1.36,0.3,4.36
2025-01-22,300644,22.2,21.98,22.28,21.84,20553,45756732.0,1.97,-1.35,-0.3,2.35
2025-01-23,300644,22.25,22.12,22.59,22.03,29331,66330407.0,2.55,0.64,0.14,3.35
2025-01-24,300644,22.37,22.37,22.56,22.16,29561,66842370.0,1.81,1.13,0.25,3.37
2025-01-27,300644,22.36,21.67,22.59,21.67,27332,61018298.0,4.11,-3.13,-0.7,3.12
2025-02-05,300644,21.79,22.1,22.21,21.67,21388,47645689.0,2.49,1.98,0.43,2.44
2025-02-06,300644,22.1,22.79,22.84,21.98,36463,83110249.0,3.89,3.12,0.69,4.16
2025-02-07,300644,22.82,22.67,22.99,22.35,47201,108496126.0,2.81,-0.53,-0.12,5.39
2025-02-10,300644,22.62,22.73,22.82,22.47,31058,71107063.0,1.54,0.26,0.06,3.54
2025-02-11,300644,22.73,22.62,22.74,22.23,32124,72852821.0,2.24,-0.48,-0.11,3.67
2025-02-12,300644,22.45,23.28,23.3,22.37,62904,146559114.0,4.11,2.92,0.66,7.18
2025-02-13,300644,23.15,22.68,23.53,22.68,39948,92958565.0,3.65,-2.58,-0.6,4.56
2025-02-14,300644,22.6,22.52,22.89,22.37,29046,66297639.0,2.29,-0.71,-0.16,3.31
2025-02-17,300644,22.44,22.78,22.94,22.4,31812,72962234.0,2.4,1.15,0.26,3.63
2025-02-18,300644,22.73,21.91,22.81,21.82,34111,76864221.0,4.35,-3.82,-0.87,3.89
2025-02-19,300644,21.86,22.93,22.98,21.85,46150,105719413.0,5.16,4.66,1.02,5.27
2025-02-20,300644,22.9,24.5,24.91,22.76,103532,249972089.0,9.38,6.85,1.57,11.81
2025-02-21,300644,24.15,24.31,24.39,23.77,81816,198602875.0,2.53,-0.78,-0.19,9.34
2025-02-24,300644,24.65,24.83,25.4,24.47,94814,238754850.0,3.83,2.14,0.52,10.82
2025-02-25,300644,24.43,24.6,25.12,24.25,61861,154463439.0,3.5,-0.93,-0.23,7.06
2025-02-26,300644,24.81,25.03,25.74,24.55,89189,227521888.0,4.84,1.75,0.43,10.18
2025-02-27,300644,25.15,24.91,25.33,24.39,62306,156609745.0,3.76,-0.48,-0.12,7.11
2025-02-28,300644,24.73,24.01,25.35,23.99,72467,180796252.0,5.46,-3.61,-0.9,8.27
2025-03-03,300644,24.31,23.64,24.44,23.38,50458,121988038.0,4.41,-1.54,-0.37,5.76
2025-03-04,300644,23.27,23.8,24.0,23.13,34505,82896916.0,3.68,0.68,0.16,3.94
2025-03-05,300644,23.62,24.13,24.35,23.18,61225,147506289.0,4.92,1.39,0.33,6.99
2025-03-06,300644,24.21,24.13,24.35,23.97,57138,139512845.0,1.57,0.0,0.0,6.52
2025-03-07,300644,24.05,23.89,24.45,23.74,43567,105499491.0,2.94,-0.99,-0.24,4.97
2025-03-10,300644,23.89,24.33,24.8,23.89,61066,150518756.0,3.81,1.84,0.44,6.97
2025-03-11,300644,23.99,24.17,24.51,23.45,42183,102255962.0,4.36,-0.66,-0.16,4.81
2025-03-12,300644,24.16,24.55,24.76,23.9,65554,162133061.0,3.56,1.57,0.38,7.48
2025-03-13,300644,24.55,23.88,24.63,23.45,55122,132881170.0,4.81,-2.73,-0.67,6.29
2025-03-14,300644,23.77,24.03,24.1,23.36,36696,88200944.0,3.1,0.63,0.15,4.19
2025-03-17,300644,24.11,24.55,24.63,23.86,40761,100236506.0,3.2,2.16,0.52,4.65
2025-03-18,300644,24.61,25.29,25.31,24.44,78858,198964672.0,3.54,3.01,0.74,9.0
2025-03-19,300644,25.05,25.15,25.69,24.99,64464,164552700.0,2.77,-0.55,-0.14,7.36
2025-03-20,300644,25.15,25.41,25.76,24.78,65139,167008571.0,3.9,1.03,0.26,7.43
2025-03-21,300644,25.34,24.65,25.47,24.48,49729,124914997.0,3.9,-2.99,-0.76,5.67
2025-03-24,300644,24.61,23.35,24.7,22.5,61230,145166994.0,8.92,-5.27,-1.3,6.99
2025-03-25,300644,23.12,23.46,23.84,23.05,37931,90060465.0,3.38,0.47,0.11,4.33
2025-03-26,300644,23.45,24.48,25.03,23.24,66181,164100881.0,7.63,4.35,1.02,7.55
2025-03-27,300644,24.4,24.6,24.98,23.95,49379,122422545.0,4.21,0.49,0.12,5.63
2025-03-28,300644,24.59,23.54,24.83,23.46,43418,105331753.0,5.57,-4.31,-1.06,4.95
2025-03-31,300644,23.36,23.35,23.49,22.63,32794,76325083.0,3.65,-0.81,-0.19,3.71
2025-04-01,300644,23.34,23.3,23.81,23.29,25473,60633544.0,2.23,-0.21,-0.05,2.88
2025-04-02,300644,23.24,23.48,23.91,23.16,21746,51727262.0,3.22,0.77,0.18,2.46
2025-04-03,300644,23.27,22.77,23.58,22.5,33402,77341066.0,4.6,-3.02,-0.71,3.78
2025-04-07,300644,20.23,18.18,21.23,18.17,64406,127789160.0,13.44,-20.16,-4.59,7.29
2025-04-08,300644,18.54,18.72,19.62,18.31,46736,89533780.0,7.21,2.97,0.54,5.29
2025-04-09,300644,18.45,19.46,19.72,16.93,50576,94600651.0,14.9,3.95,0.74,5.73
2025-04-10,300644,19.95,20.25,20.63,19.95,41499,85444419.0,3.49,4.06,0.79,4.7
2025-04-11,300644,20.19,20.24,20.63,19.89,31154,64193435.0,3.65,-0.05,-0.01,3.53
2025-04-14,300644,20.61,20.56,20.91,20.43,26789,55952106.0,2.37,1.58,0.32,3.03
2025-04-15,300644,20.6,20.75,20.95,20.48,23215,48579659.0,2.29,0.92,0.19,2.63
2025-04-16,300644,20.54,20.27,20.77,19.86,21524,44201596.0,4.39,-2.31,-0.48,2.44
2025-04-17,300644,20.09,20.55,20.71,20.09,18539,38588968.0,3.06,1.38,0.28,2.1
2025-04-18,300644,20.74,21.02,21.3,20.66,35747,75901403.0,3.11,2.29,0.47,4.05
2025-04-21,300644,20.91,21.88,22.12,20.91,39674,87533470.0,5.76,4.09,0.86,4.49
2025-04-22,300644,21.64,22.08,22.26,21.64,34993,77674707.0,2.83,0.91,0.2,3.96
2025-04-23,300644,22.08,22.55,22.63,22.01,36086,81673164.0,2.81,2.13,0.47,4.09
2025-04-24,300644,22.51,23.98,24.81,22.46,123734,298773798.0,10.42,6.34,1.43,14.01
2025-04-25,300644,23.76,23.47,24.19,23.27,82863,197542176.0,3.84,-2.13,-0.51,9.38
2025-04-28,300644,23.21,24.63,25.74,23.21,123310,306990258.0,10.78,4.94,1.16,14.03
2025-04-29,300644,24.22,26.08,26.9,24.22,200186,525077099.0,10.88,5.89,1.45,22.78
2025-04-30,300644,25.75,25.15,25.85,24.56,151172,381488598.0,4.95,-3.57,-0.93,17.2
2025-05-06,300644,25.15,26.93,27.62,24.81,173714,456758332.0,11.17,7.08,1.78,19.76
2025-05-07,300644,26.98,26.92,27.33,26.44,139376,378247119.0,3.3,-0.04,-0.01,15.86
2025-05-08,300644,26.91,26.66,27.03,26.24,99800,268046877.0,2.93,-0.97,-0.26,11.35
2025-05-09,300644,26.5,26.15,26.73,25.85,77702,205583497.0,3.3,-1.91,-0.51,8.84
2025-05-12,300644,26.35,26.47,26.65,25.93,66993,178221029.0,2.75,1.22,0.32,7.62
2025-05-13,300644,26.66,26.54,27.42,26.31,70802,190910366.0,4.19,0.26,0.07,8.06
2025-05-14,300644,26.15,26.19,26.66,26.01,60333,160170020.0,2.45,-1.32,-0.35,6.86
2025-05-15,300644,25.89,26.08,27.04,25.85,53774,142822915.0,4.54,-0.42,-0.11,6.12
2025-05-16,300644,26.1,26.85,27.65,25.86,116906,318990981.0,6.86,2.95,0.77,13.3
2025-05-19,300644,26.61,27.17,27.33,25.75,94562,253632064.0,5.88,1.19,0.32,10.76
2025-05-20,300644,27.02,26.8,27.18,26.47,61645,166396460.0,2.61,-1.36,-0.37,7.01
2025-05-21,300644,26.24,26.25,26.51,25.85,57476,151878229.0,2.46,-2.05,-0.55,6.54
2025-05-22,300644,26.07,26.04,27.01,25.98,52471,139890132.0,3.92,-0.8,-0.21,5.97
2025-05-23,300644,25.91,27.01,28.55,25.81,119759,329002668.0,10.52,3.73,0.97,13.63
2025-05-26,300644,26.77,28.0,28.15,26.77,133928,374975209.0,5.11,3.67,0.99,15.24
2025-05-27,300644,27.55,26.98,27.55,26.69,96537,262883895.0,3.07,-3.64,-1.02,10.98
2025-05-28,300644,26.63,26.7,27.03,26.27,52364,140773694.0,2.82,-1.04,-0.28,5.96
2025-05-29,300644,26.55,26.29,26.74,26.16,68190,181867982.0,2.17,-1.54,-0.41,7.76
2025-05-30,300644,26.35,25.99,26.4,25.69,55681,145956315.0,2.7,-1.14,-0.3,6.34
2025-06-03,300644,25.85,25.86,26.23,25.69,36797,96397556.0,2.08,-0.5,-0.13,4.19
2025-06-04,300644,25.83,25.68,26.02,25.57,32748,85147307.0,1.74,-0.7,-0.18,3.73
2025-06-05,300644,25.67,26.08,26.31,25.33,42723,111841523.0,3.82,1.56,0.4,4.86
2025-06-06,300644,26.11,25.99,26.44,25.76,33011,86786967.0,2.61,-0.35,-0.09,3.76
2025-06-09,300644,25.99,26.0,26.47,25.76,45460,119585442.0,2.73,0.04,0.01,5.17
2025-06-10,300644,25.87,25.25,26.04,25.0,47648,122552394.0,4.0,-2.88,-0.75,5.42
2025-06-11,300644,25.26,26.29,26.72,25.26,63764,168149753.0,5.78,4.12,1.04,7.25
2025-06-12,300644,26.11,26.01,26.23,25.81,30177,79240556.0,1.6,-1.07,-0.28,3.43
2025-06-13,300644,25.97,25.45,26.06,25.19,29339,75566243.0,3.34,-2.15,-0.56,3.34
2025-06-16,300644,25.45,25.47,25.94,25.28,23377,60436972.0,2.59,0.08,0.02,2.66
2025-06-17,300644,25.44,24.82,25.63,24.65,29631,74695030.0,3.85,-2.55,-0.65,3.37
2025-06-18,300644,24.75,24.77,25.0,24.58,23365,58426727.0,1.69,-0.2,-0.05,2.66
2025-06-19,300644,24.75,24.42,25.13,24.33,29158,72807134.0,3.23,-1.41,-0.35,3.32
2025-06-20,300644,24.38,24.08,24.7,23.93,25083,61409067.0,3.15,-1.39,-0.34,2.85
2025-06-23,300644,24.05,24.3,24.39,23.86,19943,48848421.0,2.2,0.91,0.22,2.27
2025-06-24,300644,24.33,25.13,25.23,24.32,32554,82078354.0,3.74,3.42,0.83,3.7
2025-06-25,300644,25.51,26.36,26.83,25.04,98381,260350774.0,7.12,4.89,1.23,11.19
2025-06-26,300644,26.26,26.16,26.64,26.01,60611,160674057.0,2.39,-0.76,-0.2,6.9
2025-06-27,300644,26.49,26.26,26.9,26.08,45334,120771618.0,3.13,0.38,0.1,5.16
2025-06-30,300644,26.25,26.46,26.5,26.13,39743,105726130.0,1.41,0.76,0.2,4.52
2025-07-01,300644,26.41,26.25,26.49,25.92,32694,86369290.0,2.15,-0.79,-0.21,3.72
2025-07-02,300644,26.33,26.11,26.53,25.97,26845,71095557.0,2.13,-0.53,-0.14,3.05
2025-07-03,300644,25.98,26.15,26.38,25.91,22668,59655862.0,1.8,0.15,0.04,2.58
2025-07-04,300644,26.05,25.66,26.11,25.53,23198,60248418.0,2.22,-1.87,-0.49,2.64
2025-07-07,300644,25.66,26.52,26.57,25.52,41661,110116944.0,4.09,3.35,0.86,4.74
2025-07-08,300644,26.53,26.63,26.85,26.08,55485,148400432.0,2.9,0.41,0.11,6.31
2025-07-09,300644,26.63,26.37,26.9,26.26,32105,85950510.0,2.4,-0.98,-0.26,3.65
2025-07-10,300644,26.26,26.25,26.43,25.99,25115,66514840.0,1.67,-0.46,-0.12,2.86
2025-07-11,300644,26.27,26.2,26.45,25.75,32809,86419151.0,2.67,-0.19,-0.05,3.73
2025-07-14,300644,26.16,27.05,27.26,25.98,88796,241590977.0,4.89,3.24,0.85,10.1
2025-07-15,300644,26.93,26.87,27.23,26.5,65348,176779227.0,2.7,-0.67,-0.18,7.43
2025-07-16,300644,26.88,27.74,27.93,26.58,124344,344654349.0,5.02,3.24,0.87,14.15
2025-07-17,300644,29.75,33.34,33.34,28.93,262504,831013895.0,15.9,20.19,5.6,29.86
2025-07-18,300644,34.5,33.6,36.34,33.2,360601,1241955806.0,9.42,0.78,0.26,41.02
2025-07-21,300644,33.01,36.58,38.96,32.3,327677,1145286962.0,19.82,8.87,2.98,37.28
2025-07-22,300644,34.24,34.13,35.28,33.71,231513,797130411.0,4.29,-6.7,-2.45,26.34
2025-07-23,300644,32.7,32.53,33.34,31.42,172283,558734316.0,5.63,-4.69,-1.6,19.6
2025-07-24,300644,32.3,32.28,32.97,31.9,129424,418029383.0,3.29,-0.77,-0.25,14.72
2025-07-25,300644,32.12,32.15,32.41,31.48,102953,329440903.0,2.88,-0.4,-0.13,11.71
2025-07-28,300644,32.15,33.94,34.27,32.0,181917,611010307.0,7.06,5.57,1.79,20.69
2025-07-29,300644,33.49,34.76,35.27,32.52,182123,618954068.0,8.1,2.42,0.82,20.72
2025-07-30,300644,34.42,32.85,34.42,32.5,133397,442479151.0,5.52,-5.49,-1.91,15.18
2025-07-31,300644,32.4,32.5,33.5,32.1,88145,287894905.0,4.26,-1.07,-0.35,10.03
2025-08-01,300644,32.2,31.88,32.82,31.8,67739,217443681.0,3.14,-1.91,-0.62,7.71
2025-08-04,300644,31.72,32.94,32.96,31.68,78305,255010292.0,4.02,3.32,1.06,8.91
2025-08-05,300644,33.38,36.14,38.1,33.33,240210,866636465.0,14.48,9.71,3.2,27.33
2025-08-06,300644,35.49,41.9,42.67,35.49,301540,1176649711.0,19.87,15.94,5.76,34.3
2025-08-07,300644,40.0,40.48,40.65,39.08,244212,970215290.0,3.75,-3.39,-1.42,27.78
2025-08-08,300644,39.7,38.44,40.25,38.25,143760,558059456.0,4.94,-5.04,-2.04,16.35
2025-08-11,300644,37.81,39.41,40.5,37.54,205369,805607745.0,7.7,2.52,0.97,23.36
2025-08-12,300644,38.66,37.97,39.08,37.71,128164,489055201.0,3.48,-3.65,-1.44,14.58
2025-08-13,300644,37.8,38.31,39.11,37.66,122805,471751972.0,3.82,0.9,0.34,13.97
2025-08-14,300644,38.03,37.82,39.4,37.46,138670,533437364.0,5.06,-1.28,-0.49,15.77
2025-08-15,300644,37.42,38.97,39.5,37.42,155229,604882764.0,5.5,3.04,1.15,17.66
2025-08-18,300644,39.0,41.22,41.4,37.77,205884,816032343.0,9.31,5.77,2.25,23.42
2025-08-19,300644,40.51,39.06,40.51,38.53,142921,561586819.0,4.8,-5.24,-2.16,16.26
2025-08-20,300644,39.07,38.33,39.71,37.73,84787,327602388.0,5.07,-1.87,-0.73,9.65
2025-08-21,300644,38.7,38.28,39.05,37.85,68056,261034600.0,3.13,-0.13,-0.05,7.74
2025-08-22,300644,38.01,39.1,39.1,37.91,83060,319700908.0,3.11,2.14,0.82,9.45
2025-08-25,300644,39.2,39.1,39.88,38.33,99919,390420287.0,3.96,0.0,0.0,11.37
2025-08-26,300644,38.82,38.21,38.82,37.89,78300,299044778.0,2.38,-2.28,-0.89,8.91
2025-08-27,300644,37.95,35.5,38.52,35.35,126105,465463333.0,8.3,-7.09,-2.71,14.35
2025-08-28,300644,35.14,35.39,35.65,33.79,89800,312160182.0,5.24,-0.31,-0.11,10.22
2025-08-29,300644,35.4,35.28,36.07,34.79,61055,216279714.0,3.62,-0.31,-0.11,6.95
2025-09-01,300644,35.05,35.04,35.58,34.71,53476,187182527.0,2.47,-0.68,-0.24,6.08
2025-09-02,300644,35.0,35.97,36.44,33.67,106517,373534975.0,7.91,2.65,0.93,12.12
2025-09-03,300644,35.57,34.46,36.04,34.35,60724,213640356.0,4.7,-4.2,-1.51,6.91
2025-09-04,300644,34.48,33.7,35.12,32.97,53091,181569690.0,6.24,-2.21,-0.76,6.04
2025-09-05,300644,33.77,35.11,35.18,33.6,51558,178719884.0,4.69,4.18,1.41,5.87
2025-09-08,300644,35.0,37.76,37.94,35.0,133972,495383960.0,8.37,7.55,2.65,15.24
2025-09-09,300644,37.39,36.28,37.39,36.18,96062,352494600.0,3.2,-3.92,-1.48,10.93
2025-09-10,300644,35.9,35.39,36.54,35.05,57999,206644314.0,4.11,-2.45,-0.89,6.6
2025-09-11,300644,35.04,36.4,36.51,34.92,61676,220934475.0,4.49,2.85,1.01,7.02
2025-09-12,300644,36.19,35.8,36.59,35.6,50525,182080706.0,2.72,-1.65,-0.6,5.75
2025-09-15,300644,35.57,35.8,36.69,35.57,48596,175439329.0,3.13,0.0,0.0,5.53
2025-09-16,300644,35.61,37.24,37.47,35.61,82006,300596860.0,5.2,4.02,1.44,9.33
2025-09-17,300644,37.0,38.21,38.63,36.8,128281,488093205.0,4.91,2.6,0.97,14.59
2025-09-18,300644,37.83,37.27,38.48,36.51,103011,388285956.0,5.16,-2.46,-0.94,11.72
2025-09-19,300644,37.0,35.92,37.13,35.7,61454,222145864.0,3.84,-3.62,-1.35,6.99
2025-09-22,300644,35.92,36.34,36.39,35.73,37135,134264528.0,1.84,1.17,0.42,4.22
2025-09-23,300644,36.1,35.74,36.4,34.92,46576,165233064.0,4.07,-1.65,-0.6,5.3
2025-09-24,300644,35.51,35.75,35.91,35.04,36703,130539144.0,2.43,0.03,0.01,4.18
2025-09-25,300644,35.75,36.26,37.28,35.51,57845,211620307.0,4.95,1.43,0.51,6.58
2025-09-26,300644,36.4,37.15,37.35,35.25,94685,346939042.0,5.79,2.45,0.89,10.77
2025-09-29,300644,37.07,36.1,37.07,35.52,69354,250423353.0,4.17,-2.83,-1.05,7.89
2025-09-30,300644,36.08,35.62,36.66,35.56,47941,172529612.0,3.05,-1.33,-0.48,5.41
2025-10-09,300644,35.8,35.22,35.8,34.9,45408,160185612.0,2.53,-1.12,-0.4,5.13
2025-10-10,300644,35.0,35.3,36.58,34.94,44235,158425642.0,4.66,0.23,0.08,4.99
2025-10-13,300644,31.51,33.66,33.85,31.4,47665,157372683.0,6.94,-4.65,-1.64,5.38
2025-10-14,300644,33.7,32.43,34.36,32.23,40088,132952748.0,6.33,-3.65,-1.23,4.53
2025-10-15,300644,32.52,33.16,33.25,32.32,28319,93088376.0,2.87,2.25,0.73,3.2
2025-10-16,300644,32.98,32.33,32.98,32.2,24036,78160010.0,2.35,-2.5,-0.83,2.71
2025-10-17,300644,32.36,31.87,32.62,31.8,24612,79181157.0,2.54,-1.42,-0.46,2.78
2025-10-20,300644,32.32,32.79,32.93,31.9,25600,83467018.0,3.23,2.89,0.92,2.89
2025-10-21,300644,32.3,32.01,32.53,31.52,35597,113699424.0,3.08,-2.38,-0.78,4.02
2025-10-22,300644,31.88,31.87,32.38,31.6,20343,65125443.0,2.44,-0.44,-0.14,2.3
2025-10-23,300644,31.77,32.54,32.78,31.32,34533,110998352.0,4.58,2.1,0.67,3.9
2025-10-24,300644,32.7,32.87,33.02,32.51,23329,76568915.0,1.57,1.01,0.33,2.63
2025-10-27,300644,32.87,33.48,33.5,32.8,32203,106879622.0,2.13,1.86,0.61,3.64
2025-10-28,300644,35.52,36.36,37.69,34.52,156100,569850822.0,9.47,8.6,2.88,17.62
2025-10-29,300644,35.88,36.9,37.11,35.27,112609,410154263.0,5.06,1.49,0.54,12.71
2025-10-30,300644,36.68,35.93,37.27,35.93,67203,244958203.0,3.63,-2.63,-0.97,7.59
2025-10-31,300644,35.73,35.22,36.01,35.17,49470,175699316.0,2.34,-1.98,-0.71,5.58
2025-11-03,300644,35.26,35.59,35.75,34.78,42944,151783830.0,2.75,1.05,0.37,4.85
2025-11-04,300644,35.4,34.83,35.96,34.4,37377,130688219.0,4.38,-2.14,-0.76,4.22
2025-11-05,300644,34.22,34.77,35.42,34.2,31737,110900302.0,3.5,-0.17,-0.06,3.58
2025-11-06,300644,34.66,35.21,35.6,34.46,29155,101995066.0,3.28,1.27,0.44,3.29
2025-11-07,300644,34.89,35.18,36.2,34.8,61313,217839149.0,3.98,-0.09,-0.03,6.92
2025-11-10,300644,35.23,34.73,35.49,34.6,40157,140251280.0,2.53,-1.28,-0.45,4.53
2025-11-11,300644,34.72,34.72,35.26,34.42,25865,89780907.0,2.42,-0.03,-0.01,2.92
2025-11-12,300644,34.51,34.31,34.8,33.9,30010,103105534.0,2.59,-1.18,-0.41,3.39
2025-11-13,300644,34.31,34.59,35.26,34.15,27259,94482731.0,3.24,0.82,0.28,3.08
2025-11-14,300644,34.73,34.5,35.76,34.39,48227,169281923.0,3.96,-0.26,-0.09,5.44
2025-11-17,300644,34.64,34.21,34.93,33.86,28903,98872020.0,3.1,-0.84,-0.29,3.26
2025-11-18,300644,33.93,33.24,34.2,33.04,35066,117245729.0,3.39,-2.84,-0.97,3.96
2025-11-19,300644,33.2,32.51,33.5,32.47,22399,73347044.0,3.1,-2.2,-0.73,2.53
2025-11-20,300644,32.61,32.22,32.99,32.05,16611,53964477.0,2.89,-0.89,-0.29,1.88
2025-11-21,300644,31.74,30.99,32.16,30.57,29955,93601216.0,4.93,-3.82,-1.23,3.38
2025-11-24,300644,31.11,31.6,31.86,31.0,20502,64379580.0,2.78,1.97,0.61,2.31
2025-11-25,300644,31.55,32.29,32.9,31.54,26839,86891384.0,4.3,2.18,0.69,3.03
2025-11-26,300644,32.67,31.79,32.7,31.75,21560,69182122.0,2.94,-1.55,-0.5,2.43
2025-11-27,300644,32.1,31.99,32.48,31.6,16856,54265083.0,2.77,0.63,0.2,1.9
2025-11-28,300644,31.99,32.28,32.28,31.77,14003,44973657.0,1.59,0.91,0.29,1.58
2025-12-01,300644,32.48,32.54,32.8,32.33,18011,58728018.0,1.46,0.81,0.26,2.03
2025-12-02,300644,32.5,32.3,32.68,32.1,15106,48964547.0,1.78,-0.74,-0.24,1.71
2025-12-03,300644,32.3,32.05,32.52,31.82,16489,52936065.0,2.17,-0.77,-0.25,1.86
2025-12-04,300644,32.05,32.31,32.71,31.8,21798,70480790.0,2.84,0.81,0.26,2.46
2025-12-05,300644,32.24,32.67,32.96,32.03,26072,85093004.0,2.88,1.11,0.36,2.94
2025-12-08,300644,32.79,32.9,33.18,32.79,20549,67791733.0,1.19,0.7,0.23,2.32
2025-12-09,300644,32.84,32.61,33.09,32.58,13480,44251534.0,1.55,-0.88,-0.29,1.52
2025-12-10,300644,32.74,33.06,33.82,32.68,40185,133895440.0,3.5,1.38,0.45,4.54
2025-12-11,300644,32.93,32.54,33.24,32.5,25181,82603796.0,2.24,-1.57,-0.52,2.84
2025-12-12,300644,32.47,32.49,32.8,32.22,15586,50713754.0,1.78,-0.15,-0.05,1.76
2025-12-15,300644,32.23,32.34,32.7,32.19,16850,54585780.0,1.57,-0.46,-0.15,1.9
2025-12-16,300644,32.34,31.56,32.34,31.32,20304,64334671.0,3.15,-2.41,-0.78,2.29
2025-12-17,300644,31.53,32.05,32.05,30.95,17567,55307439.0,3.49,1.55,0.49,1.98
2025-12-18,300644,31.91,32.2,32.78,31.76,16042,51995275.0,3.18,0.47,0.15,1.81
2025-12-19,300644,32.1,32.59,32.78,32.1,16084,52428658.0,2.11,1.21,0.39,1.82
2025-12-22,300644,32.69,33.87,34.19,32.69,43151,145577295.0,4.6,3.93,1.28,4.87
2025-12-23,300644,33.91,33.77,34.19,33.59,24839,84217831.0,1.77,-0.3,-0.1,2.8
2025-12-24,300644,33.63,34.09,34.26,33.61,21918,74517730.0,1.92,0.95,0.32,2.47
2025-12-25,300644,34.0,34.57,34.68,33.91,24957,85732655.0,2.26,1.41,0.48,2.82
2025-12-26,300644,34.58,34.22,35.04,34.16,27507,95078681.0,2.55,-1.01,-0.35,3.11
2025-12-29,300644,34.36,37.03,37.67,34.22,140846,513569909.0,10.08,8.21,2.81,15.9
2025-12-30,300644,36.87,36.73,37.27,36.0,110940,406106545.0,3.43,-0.81,-0.3,12.52
2025-12-31,300644,36.7,36.91,37.6,36.32,65165,240014316.0,3.48,0.49,0.18,7.48
2026-01-05,300644,36.8,36.58,36.86,35.6,63461,231219555.0,3.41,-0.89,-0.33,7.28
2026-01-06,300644,36.46,36.1,36.58,36.0,48696,176555353.0,1.59,-1.31,-0.48,5.59
2026-01-07,300644,36.22,36.59,37.45,36.06,62606,230241648.0,3.85,1.36,0.49,7.18
2026-01-08,300644,36.46,37.05,37.5,36.33,58731,217766870.0,3.2,1.26,0.46,6.74
2026-01-09,300644,36.79,37.21,37.45,36.63,50584,187347241.0,2.21,0.43,0.16,5.8
2026-01-12,300644,37.35,37.42,37.63,36.82,55570,206970411.0,2.18,0.56,0.21,6.37
2026-01-13,300644,37.38,36.28,37.83,36.23,53031,195690449.0,4.28,-3.05,-1.14,6.08
2026-01-14,300644,36.27,35.91,36.57,35.3,57265,206242900.0,3.5,-1.02,-0.37,6.57
2026-01-15,300644,35.71,36.0,36.2,35.6,30866,111141184.0,1.67,0.25,0.09,3.54
2026-01-16,300644,36.37,37.21,37.4,36.1,63422,234238487.0,3.61,3.36,1.21,7.28
2026-01-19,300644,37.37,38.21,38.58,37.1,77133,292568483.0,3.98,2.69,1.0,8.85
2026-01-20,300644,38.24,38.45,39.39,37.9,86765,334318037.0,3.9,0.63,0.24,9.95
2026-01-21,300644,38.33,38.45,38.54,37.7,48428,184850065.0,2.18,0.0,0.0,5.56
2026-01-22,300644,38.3,38.2,38.88,37.89,37617,144026855.0,2.57,-0.65,-0.25,4.32
2026-01-23,300644,38.15,38.42,38.46,37.74,42806,163403066.0,1.88,0.58,0.22,4.91
2026-01-26,300644,38.42,37.77,39.48,37.31,46378,176522152.0,5.65,-1.69,-0.65,5.32
2026-01-27,300644,37.53,37.3,38.1,35.81,40827,150029577.0,6.06,-1.24,-0.47,4.68
2026-01-28,300644,36.76,35.59,36.84,35.38,62625,224225998.0,3.91,-4.58,-1.71,7.18
2026-01-29,300644,35.38,34.36,35.49,34.18,46857,163319769.0,3.68,-3.46,-1.23,5.38
2026-01-30,300644,34.12,34.76,34.96,33.53,40732,139984878.0,4.16,1.16,0.4,4.67
2026-02-02,300644,34.68,33.5,34.74,33.5,32093,109432364.0,3.57,-3.62,-1.26,3.68
2026-02-03,300644,33.88,34.07,34.22,33.56,29901,101241987.0,1.97,1.7,0.57,3.43
2026-02-04,300644,33.98,33.78,34.45,33.36,27521,93035894.0,3.2,-0.85,-0.29,3.16
2026-02-05,300644,33.66,33.22,33.87,33.06,23465,78379062.0,2.4,-1.66,-0.56,2.69
2026-02-06,300644,32.94,33.54,34.07,32.88,29449,99100203.0,3.58,0.96,0.32,3.38
2026-02-09,300644,33.88,33.72,33.98,33.5,28085,94580526.0,1.43,0.54,0.18,3.22
2026-02-10,300644,33.72,33.75,33.98,33.5,21474,72462737.0,1.42,0.09,0.03,2.46
2026-02-11,300644,33.9,34.86,35.3,33.67,60400,210147776.0,4.83,3.29,1.11,6.93
2026-02-12,300644,34.9,34.6,34.98,34.13,36046,124662748.0,2.44,-0.75,-0.26,4.13
2026-02-13,300644,34.32,34.37,34.82,34.28,22186,76686185.5,1.56,-0.66,-0.23,2.54
