日期,股票代码,开盘,收盘,最高,最低,成交量,成交额,振幅,涨跌幅,涨跌额,换手率
2023-02-23,600833,11.74,11.55,11.76,11.47,75690,91750652.0,2.46,-2.04,-0.24,3.39
2023-02-24,600833,11.54,11.58,11.61,11.49,33287,40284880.0,1.04,0.26,0.03,1.49
2023-02-27,600833,11.56,11.34,11.68,11.31,48461,57918216.0,3.2,-2.07,-0.24,2.17
2023-02-28,600833,11.43,11.64,11.66,11.36,58850,71098333.0,2.65,2.65,0.3,2.64
2023-03-01,600833,11.65,11.7,11.74,11.56,46705,57003872.0,1.55,0.52,0.06,2.09
2023-03-02,600833,11.68,11.71,11.82,11.67,45173,55438210.0,1.28,0.09,0.01,2.02
2023-03-03,600833,11.74,11.7,11.75,11.56,29434,35953805.0,1.62,-0.09,-0.01,1.32
2023-03-06,600833,11.71,11.85,11.89,11.6,48630,60080972.0,2.48,1.28,0.15,2.18
2023-03-07,600833,11.85,11.52,11.91,11.5,50527,61595332.0,3.46,-2.78,-0.33,2.26
2023-03-08,600833,11.46,11.61,11.64,11.46,27012,32733054.0,1.56,0.78,0.09,1.21
2023-03-09,600833,11.61,11.52,11.74,11.49,22424,27183772.0,2.15,-0.78,-0.09,1.01
2023-03-10,600833,11.55,11.37,11.55,11.28,30776,36779136.0,2.34,-1.3,-0.15,1.38
2023-03-13,600833,11.27,11.33,11.45,11.14,30361,35858823.0,2.73,-0.35,-0.04,1.36
2023-03-14,600833,11.34,11.13,11.41,11.04,29923,35110832.0,3.27,-1.77,-0.2,1.34
2023-03-15,600833,11.22,11.37,11.43,11.18,29060,34552632.0,2.25,2.16,0.24,1.3
2023-03-16,600833,11.33,11.51,11.65,11.29,51494,62083243.0,3.17,1.23,0.14,2.31
2023-03-17,600833,11.56,11.36,11.67,11.33,45318,54377483.0,2.95,-1.3,-0.15,2.03
2023-03-20,600833,11.34,11.4,11.47,11.15,49418,58707382.0,2.82,0.35,0.04,2.22
2023-03-21,600833,11.34,11.43,11.53,11.32,32678,39048704.0,1.84,0.26,0.03,1.46
2023-03-22,600833,11.45,11.37,11.55,11.33,37599,44939873.0,1.92,-0.52,-0.06,1.69
2023-03-23,600833,11.29,11.33,11.39,11.23,30910,36561828.0,1.41,-0.35,-0.04,1.39
2023-03-24,600833,11.37,11.35,11.57,11.33,34759,41464647.0,2.12,0.18,0.02,1.56
2023-03-27,600833,11.37,11.51,11.54,11.23,36535,43667932.0,2.73,1.41,0.16,1.64
2023-03-28,600833,11.53,11.62,11.72,11.37,50009,60663293.0,3.04,0.96,0.11,2.24
2023-03-29,600833,11.62,11.39,11.69,11.36,32567,39073793.0,2.84,-1.98,-0.23,1.46
2023-03-30,600833,11.37,11.09,11.38,11.05,49103,57522806.0,2.9,-2.63,-0.3,2.2
2023-03-31,600833,10.86,11.29,11.32,10.81,44648,52304013.0,4.6,1.8,0.2,2.0
2023-04-03,600833,11.47,11.57,12.0,11.46,100063,121702251.0,4.78,2.48,0.28,4.49
2023-04-04,600833,11.56,11.31,11.57,11.25,53833,64024272.0,2.77,-2.25,-0.26,2.41
2023-04-06,600833,11.31,11.17,11.36,11.17,35160,41439226.0,1.68,-1.24,-0.14,1.58
2023-04-07,600833,11.17,11.17,11.29,11.07,33612,39435616.0,1.97,0.0,0.0,1.51
2023-04-10,600833,11.18,10.73,11.21,10.66,52958,60487328.0,4.92,-3.94,-0.44,2.37
2023-04-11,600833,10.76,10.75,10.81,10.66,37261,41984025.0,1.4,0.19,0.02,1.67
2023-04-12,600833,10.7,10.73,10.83,10.66,29038,32726202.0,1.58,-0.19,-0.02,1.3
2023-04-13,600833,10.7,11.08,11.12,10.66,60098,69300219.0,4.29,3.26,0.35,2.69
2023-04-14,600833,11.02,10.97,11.3,10.94,31462,36568310.0,3.25,-0.99,-0.11,1.41
2023-04-17,600833,11.0,10.99,11.08,10.84,26174,30140387.0,2.19,0.18,0.02,1.17
2023-04-18,600833,11.0,11.05,11.12,10.91,32638,37748254.0,1.91,0.55,0.06,1.46
2023-04-19,600833,10.98,10.77,11.04,10.75,25599,29103654.0,2.62,-2.53,-0.28,1.15
2023-04-20,600833,10.71,10.64,10.79,10.55,21139,23610900.0,2.23,-1.21,-0.13,0.95
2023-04-21,600833,10.64,10.48,10.7,10.47,25220,28034432.0,2.16,-1.5,-0.16,1.13
2023-04-24,600833,10.46,10.66,10.72,10.37,30379,33867012.0,3.34,1.72,0.18,1.36
2023-04-25,600833,10.69,10.34,10.69,10.2,34706,37827110.0,4.6,-3.0,-0.32,1.56
2023-04-26,600833,10.21,10.51,10.57,10.2,34741,38185683.0,3.58,1.64,0.17,1.56
2023-04-27,600833,10.47,11.62,11.62,10.42,163607,194934185.0,11.42,10.56,1.11,7.33
2023-04-28,600833,11.7,11.96,12.03,11.4,221833,272714530.0,5.42,2.93,0.34,9.94
2023-05-04,600833,11.54,11.78,11.82,11.34,169260,206132134.0,4.01,-1.51,-0.18,7.59
2023-05-05,600833,11.87,11.8,11.9,11.36,131606,159792023.0,4.58,0.17,0.02,5.9
2023-05-08,600833,11.79,11.65,12.29,11.62,133181,165285546.0,5.68,-1.27,-0.15,5.97
2023-05-09,600833,11.84,12.52,12.87,11.56,298674,385193096.0,11.24,7.47,0.87,13.39
2023-05-10,600833,12.52,13.81,13.83,12.22,408148,560743098.0,12.86,10.3,1.29,18.3
2023-05-11,600833,13.42,13.11,13.86,13.01,272335,378125887.0,6.15,-5.07,-0.7,12.21
2023-05-12,600833,13.24,13.39,14.2,13.06,205006,289380092.0,8.7,2.14,0.28,9.19
2023-05-15,600833,13.52,13.18,13.54,12.56,172182,231626252.0,7.32,-1.57,-0.21,7.72
2023-05-16,600833,13.16,13.15,13.4,12.86,98728,135280893.0,4.1,-0.23,-0.03,4.43
2023-05-17,600833,13.12,13.01,13.12,12.62,93576,124894312.0,3.8,-1.06,-0.14,4.19
2023-05-18,600833,13.11,13.13,13.3,12.85,69204,94330240.0,3.46,0.92,0.12,3.1
2023-05-19,600833,13.19,13.2,13.43,12.85,76105,104039370.0,4.42,0.53,0.07,3.41
2023-05-22,600833,13.19,12.86,13.24,12.77,53368,71954037.0,3.56,-2.58,-0.34,2.39
2023-05-23,600833,12.85,12.61,13.0,12.57,50422,67110096.0,3.34,-1.94,-0.25,2.26
2023-05-24,600833,12.54,12.34,12.66,12.32,44567,57796162.0,2.7,-2.14,-0.27,2.0
2023-05-25,600833,12.29,11.95,12.34,11.78,51483,64524758.0,4.54,-3.16,-0.39,2.31
2023-05-26,600833,11.94,12.02,12.15,11.75,37980,47386384.0,3.35,0.59,0.07,1.7
2023-05-29,600833,11.87,11.88,12.13,11.81,33666,41955479.0,2.66,-1.16,-0.14,1.51
2023-05-30,600833,11.85,11.89,12.06,11.75,38309,47672881.0,2.61,0.08,0.01,1.72
2023-05-31,600833,11.95,13.13,13.13,11.87,77132,102510978.0,10.6,10.43,1.24,3.46
2023-06-01,600833,13.04,12.97,13.16,12.86,115129,155660324.0,2.28,-1.22,-0.16,5.16
2023-06-02,600833,12.97,12.59,12.98,12.56,63416,84228158.0,3.24,-2.93,-0.38,2.84
2023-06-05,600833,12.62,13.39,13.83,12.62,158351,219674284.0,9.61,6.35,0.8,7.1
2023-06-06,600833,13.49,13.0,13.61,12.95,88699,121961995.0,4.93,-2.91,-0.39,3.98
2023-06-07,600833,13.06,13.34,13.68,12.88,101756,141438888.0,6.15,2.62,0.34,4.56
2023-06-08,600833,13.21,13.58,13.97,13.14,133150,188416041.0,6.22,1.8,0.24,5.97
2023-06-09,600833,13.58,14.14,14.29,13.47,172098,250483836.0,6.04,4.12,0.56,7.71
2023-06-12,600833,13.91,13.73,13.96,13.56,90810,129394142.0,2.83,-2.9,-0.41,4.07
2023-06-13,600833,13.58,13.58,13.85,13.33,72595,102166652.0,3.79,-1.09,-0.15,3.25
2023-06-14,600833,13.66,13.73,14.09,13.47,81951,117191826.0,4.57,1.1,0.15,3.67
2023-06-15,600833,13.8,13.93,14.37,13.69,95206,138478544.0,4.95,1.46,0.2,4.27
2023-06-16,600833,14.01,14.25,14.56,13.7,96888,140560302.0,6.17,2.3,0.32,4.34
2023-06-19,600833,14.36,13.79,14.44,13.34,119623,168110269.0,7.72,-3.23,-0.46,5.36
2023-06-20,600833,13.97,13.59,14.32,13.46,97255,137712956.0,6.24,-1.45,-0.2,4.36
2023-06-21,600833,13.69,13.41,13.71,13.36,43558,60073284.0,2.58,-1.32,-0.18,1.95
2023-06-26,600833,13.3,13.17,13.49,13.12,41748,56781451.0,2.76,-1.79,-0.24,1.87
2023-06-27,600833,13.17,13.89,14.3,13.17,123030,176006382.0,8.58,5.47,0.72,5.51
2023-06-28,600833,13.91,13.7,14.39,13.61,91297,130707084.0,5.62,-1.37,-0.19,4.09
2023-06-29,600833,13.6,13.49,13.79,13.37,62239,86390461.0,3.07,-1.53,-0.21,2.79
2023-06-30,600833,13.45,13.56,14.16,13.43,98089,138387388.0,5.41,0.52,0.07,4.4
2023-07-03,600833,13.56,12.81,13.66,12.75,134944,180022898.0,6.71,-5.53,-0.75,6.05
2023-07-04,600833,12.82,12.74,12.99,12.6,68668,89879623.0,3.04,-0.55,-0.07,3.08
2023-07-05,600833,12.75,12.31,12.77,12.25,62688,79934776.0,4.08,-3.38,-0.43,2.81
2023-07-06,600833,12.31,12.16,12.35,12.06,46277,57784379.0,2.36,-1.22,-0.15,2.07
2023-07-07,600833,12.15,11.92,12.16,11.81,76930,94613888.0,2.88,-1.97,-0.24,3.45
2023-07-10,600833,11.92,11.95,12.0,11.84,34888,42807323.0,1.34,0.25,0.03,1.56
2023-07-11,600833,11.95,11.95,11.95,11.78,35203,43003253.0,1.42,0.0,0.0,1.58
2023-07-12,600833,11.96,11.68,11.99,11.65,45628,55428700.0,2.85,-2.26,-0.27,2.05
2023-07-13,600833,11.72,11.79,11.91,11.71,46161,55979026.0,1.71,0.94,0.11,2.07
2023-07-14,600833,11.79,11.86,11.92,11.72,40866,49792142.0,1.7,0.59,0.07,1.83
2023-07-17,600833,11.86,11.74,11.86,11.57,35384,42593260.0,2.45,-1.01,-0.12,1.59
2023-07-18,600833,11.74,11.77,11.84,11.68,24354,29461139.0,1.36,0.26,0.03,1.09
2023-07-19,600833,11.81,11.77,11.86,11.71,26090,31575378.0,1.27,0.0,0.0,1.17
2023-07-20,600833,11.77,11.75,11.94,11.71,44391,53964124.0,1.95,-0.17,-0.02,1.99
2023-07-21,600833,11.75,11.82,11.88,11.72,26655,32356433.0,1.36,0.6,0.07,1.19
2023-07-24,600833,11.85,11.88,11.91,11.71,36713,44728864.0,1.69,0.51,0.06,1.65
2023-07-25,600833,11.89,12.08,12.09,11.86,48242,59437451.0,1.94,1.68,0.2,2.16
2023-07-26,600833,12.08,11.98,12.09,11.95,30665,37863550.0,1.16,-0.83,-0.1,1.37
2023-07-27,600833,11.92,11.84,12.04,11.81,28231,34603096.0,1.92,-1.17,-0.14,1.27
2023-07-28,600833,11.77,11.88,11.91,11.75,27121,33026454.0,1.35,0.34,0.04,1.22
2023-07-31,600833,11.85,11.93,11.96,11.47,68385,82641430.0,4.12,0.42,0.05,3.07
2023-08-01,600833,11.9,11.78,11.9,11.73,33194,40204690.0,1.42,-1.26,-0.15,1.49
2023-08-02,600833,11.76,11.7,11.8,11.65,25268,30444737.0,1.27,-0.68,-0.08,1.13
2023-08-03,600833,11.71,12.0,12.02,11.7,61703,75535743.0,2.74,2.56,0.3,2.77
2023-08-04,600833,12.01,11.85,12.01,11.83,37162,45420317.0,1.5,-1.25,-0.15,1.67
2023-08-07,600833,11.86,11.67,11.87,11.66,40183,48350427.0,1.77,-1.52,-0.18,1.8
2023-08-08,600833,11.66,11.93,12.02,11.62,54924,67084636.0,3.43,2.23,0.26,2.46
2023-08-09,600833,11.84,12.17,12.65,11.79,132572,166365979.0,7.21,2.01,0.24,5.94
2023-08-10,600833,12.11,11.77,12.22,11.74,87637,107026963.0,3.94,-3.29,-0.4,3.93
2023-08-11,600833,11.72,12.06,12.41,11.71,151487,189809544.0,5.95,2.46,0.29,6.79
2023-08-14,600833,11.89,12.45,12.63,11.81,165308,208026988.0,6.8,3.23,0.39,7.41
2023-08-15,600833,12.2,13.06,13.1,12.14,252561,331733838.0,7.71,4.9,0.61,11.32
2023-08-16,600833,12.86,12.63,13.28,12.59,195552,257786160.0,5.28,-3.29,-0.43,8.77
2023-08-17,600833,12.63,13.01,13.11,12.57,201017,266513164.0,4.28,3.01,0.38,9.01
2023-08-18,600833,12.77,11.88,12.82,11.86,191568,240116569.0,7.38,-8.69,-1.13,8.59
2023-08-21,600833,11.72,11.17,11.72,11.17,124705,145805589.0,4.63,-5.98,-0.71,5.59
2023-08-22,600833,11.17,11.02,11.3,10.88,74710,85012348.0,3.76,-1.34,-0.15,3.35
2023-08-23,600833,11.03,11.07,11.42,10.87,75629,87298734.0,4.99,0.45,0.05,3.39
2023-08-24,600833,10.96,10.88,11.01,10.72,57888,64707944.0,2.62,-1.72,-0.19,2.59
2023-08-25,600833,10.81,10.56,10.88,10.49,48697,53568954.0,3.58,-2.94,-0.32,2.18
2023-08-28,600833,11.14,10.9,11.14,10.77,69293,78452511.0,3.5,3.22,0.34,3.11
2023-08-29,600833,10.81,11.13,11.13,10.81,43291,49155648.0,2.94,2.11,0.23,1.94
2023-08-30,600833,11.04,11.34,11.34,11.03,60040,69433840.0,2.79,1.89,0.21,2.69
2023-08-31,600833,11.21,11.09,11.21,10.86,70247,79850209.0,3.09,-2.2,-0.25,3.15
2023-09-01,600833,10.98,10.95,11.14,10.86,45478,51433436.0,2.52,-1.26,-0.14,2.04
2023-09-04,600833,10.89,11.0,11.01,10.87,43842,49461030.0,1.28,0.46,0.05,1.97
2023-09-05,600833,11.01,10.87,11.01,10.84,36058,40478138.0,1.55,-1.18,-0.13,1.62
2023-09-06,600833,10.84,10.85,10.88,10.77,31280,34941276.0,1.01,-0.18,-0.02,1.4
2023-09-07,600833,10.87,10.64,10.87,10.63,36665,40556913.0,2.21,-1.94,-0.21,1.64
2023-09-08,600833,10.64,10.64,10.69,10.59,18369,20163583.0,0.94,0.0,0.0,0.82
2023-09-11,600833,10.64,10.74,10.82,10.64,42296,46936730.0,1.69,0.94,0.1,1.9
2023-09-12,600833,10.72,10.82,10.88,10.71,28823,32175037.0,1.58,0.74,0.08,1.29
2023-09-13,600833,10.79,10.73,10.9,10.67,27184,30153377.0,2.13,-0.83,-0.09,1.22
2023-09-14,600833,10.71,10.68,10.81,10.64,23545,25977212.0,1.58,-0.47,-0.05,1.06
2023-09-15,600833,10.71,10.88,10.92,10.66,51255,57296412.0,2.43,1.87,0.2,2.3
2023-09-18,600833,10.83,10.97,10.97,10.79,35697,40113099.0,1.65,0.83,0.09,1.6
2023-09-19,600833,10.87,10.91,11.03,10.87,24757,27946015.0,1.46,-0.55,-0.06,1.11
2023-09-20,600833,10.91,10.82,10.94,10.81,17636,19771186.0,1.19,-0.82,-0.09,0.79
2023-09-21,600833,10.84,10.68,10.87,10.66,21523,23801382.0,1.94,-1.29,-0.14,0.96
2023-09-22,600833,10.64,10.78,10.81,10.57,21000,23193170.0,2.25,0.94,0.1,0.94
2023-09-25,600833,10.75,10.79,10.86,10.74,20074,22374418.0,1.11,0.09,0.01,0.9
2023-09-26,600833,10.79,10.68,10.79,10.64,17942,19808444.0,1.39,-1.02,-0.11,0.8
2023-09-27,600833,10.69,10.81,10.88,10.6,30281,33684713.0,2.62,1.22,0.13,1.36
2023-09-28,600833,10.83,10.91,10.95,10.78,27876,31283995.0,1.57,0.93,0.1,1.25
2023-10-09,600833,10.86,10.72,10.88,10.67,33953,37569323.0,1.92,-1.74,-0.19,1.52
2023-10-10,600833,10.73,10.5,10.75,10.48,37993,41548442.0,2.52,-2.05,-0.22,1.7
2023-10-11,600833,10.51,10.79,10.81,10.5,46250,51090014.0,2.95,2.76,0.29,2.07
2023-10-12,600833,10.81,10.92,11.05,10.8,37959,42685757.0,2.32,1.2,0.13,1.7
2023-10-13,600833,10.9,10.89,11.04,10.84,27625,31122474.0,1.83,-0.27,-0.03,1.24
2023-10-16,600833,10.88,10.8,11.0,10.73,24174,27065088.0,2.48,-0.83,-0.09,1.08
2023-10-17,600833,10.79,10.7,10.8,10.66,18714,20672346.0,1.3,-0.93,-0.1,0.84
2023-10-18,600833,10.7,10.25,10.7,10.23,41844,44840884.0,4.39,-4.21,-0.45,1.88
2023-10-19,600833,10.17,10.14,10.34,10.06,23097,24323175.0,2.73,-1.07,-0.11,1.04
2023-10-20,600833,10.11,10.14,10.24,10.07,21271,22272489.0,1.68,0.0,0.0,0.95
2023-10-23,600833,10.09,9.92,10.13,9.88,21444,22090648.0,2.47,-2.17,-0.22,0.96
2023-10-24,600833,9.96,10.23,10.28,9.94,24424,25627006.0,3.43,3.13,0.31,1.09
2023-10-25,600833,10.23,10.31,10.39,10.23,16281,17365669.0,1.56,0.78,0.08,0.73
2023-10-26,600833,10.3,10.31,10.32,10.15,16798,17742496.0,1.65,0.0,0.0,0.75
2023-10-27,600833,10.26,10.58,10.6,10.25,30407,32902928.0,3.39,2.62,0.27,1.36
2023-10-30,600833,10.45,10.83,10.87,10.45,44061,48834594.0,3.97,2.36,0.25,1.98
2023-10-31,600833,10.83,11.06,11.08,10.79,54559,61662823.0,2.68,2.12,0.23,2.45
2023-11-01,600833,11.06,11.29,11.33,10.98,58665,67662705.0,3.16,2.08,0.23,2.63
2023-11-02,600833,11.29,11.22,11.32,11.13,39566,45698274.0,1.68,-0.62,-0.07,1.77
2023-11-03,600833,11.19,11.09,11.22,11.06,33267,38164115.0,1.43,-1.16,-0.13,1.49
2023-11-06,600833,11.19,11.1,11.25,11.08,38373,44077750.0,1.53,0.09,0.01,1.72
2023-11-07,600833,11.37,11.17,11.62,11.03,75173,86524945.0,5.32,0.63,0.07,3.37
2023-11-08,600833,11.18,11.26,11.32,11.04,46225,53509851.0,2.51,0.81,0.09,2.07
2023-11-09,600833,11.21,11.17,11.35,11.12,28038,32407344.0,2.04,-0.8,-0.09,1.26
2023-11-10,600833,11.22,11.98,12.32,11.08,229198,282295490.0,11.1,7.25,0.81,10.27
2023-11-13,600833,11.77,11.59,11.77,11.43,199431,237733514.0,2.84,-3.26,-0.39,8.94
2023-11-14,600833,11.5,11.44,11.51,11.31,93715,110058257.0,1.73,-1.29,-0.15,4.2
2023-11-15,600833,11.49,11.39,11.51,11.3,65548,76799463.0,1.84,-0.44,-0.05,2.94
2023-11-16,600833,11.35,11.33,11.42,11.24,48990,57088984.0,1.58,-0.53,-0.06,2.2
2023-11-17,600833,11.34,11.46,11.53,11.3,59672,70167024.0,2.03,1.15,0.13,2.67
2023-11-20,600833,11.53,11.54,11.59,11.43,59802,70937256.0,1.4,0.7,0.08,2.68
2023-11-21,600833,11.55,11.86,12.17,11.52,112245,136098710.0,5.63,2.77,0.32,5.03
2023-11-22,600833,11.79,12.27,12.54,11.74,165198,207527122.0,6.75,3.46,0.41,7.41
2023-11-23,600833,12.3,12.38,12.54,12.19,95776,121309595.0,2.85,0.9,0.11,4.29
2023-11-24,600833,12.28,12.33,12.54,12.14,78875,99870465.0,3.23,-0.4,-0.05,3.54
2023-11-27,600833,12.33,12.11,12.36,11.95,61500,76557442.0,3.33,-1.78,-0.22,2.76
2023-11-28,600833,12.19,12.31,12.39,12.11,45890,57942227.0,2.31,1.65,0.2,2.06
2023-11-29,600833,12.18,12.23,12.36,12.18,27870,35166273.0,1.46,-0.65,-0.08,1.25
2023-11-30,600833,12.23,12.35,12.36,12.16,31664,39954651.0,1.64,0.98,0.12,1.42
2023-12-01,600833,12.37,12.35,12.49,12.28,37880,48092871.0,1.7,0.0,0.0,1.7
2023-12-04,600833,12.36,12.31,12.42,12.22,35966,45554965.0,1.62,-0.32,-0.04,1.61
2023-12-05,600833,12.27,12.25,12.46,12.21,37095,46980328.0,2.03,-0.49,-0.06,1.66
2023-12-06,600833,12.16,12.16,12.36,12.06,36188,45353801.0,2.45,-0.73,-0.09,1.62
2023-12-07,600833,12.16,12.04,12.22,12.0,31109,38604709.0,1.81,-0.99,-0.12,1.39
2023-12-08,600833,12.04,11.84,12.16,11.83,34847,42811576.0,2.74,-1.66,-0.2,1.56
2023-12-11,600833,11.79,12.02,12.04,11.66,28212,34702840.0,3.21,1.52,0.18,1.26
2023-12-12,600833,12.07,12.05,12.13,11.96,21817,27030493.0,1.41,0.25,0.03,0.98
2023-12-13,600833,12.13,12.43,12.95,12.02,89163,114685494.0,7.72,3.15,0.38,4.0
2023-12-14,600833,12.29,12.44,12.59,12.29,43871,56023979.0,2.41,0.08,0.01,1.97
2023-12-15,600833,12.41,12.14,12.45,12.11,39934,50168272.0,2.73,-2.41,-0.3,1.79
2023-12-18,600833,12.13,12.06,12.23,12.02,24504,30465614.0,1.73,-0.66,-0.08,1.1
2023-12-19,600833,12.0,11.96,12.11,11.79,20373,24914085.0,2.65,-0.83,-0.1,0.91
2023-12-20,600833,12.08,11.83,12.11,11.72,23935,29251471.0,3.26,-1.09,-0.13,1.07
2023-12-21,600833,11.79,11.82,11.92,11.47,31022,37318581.0,3.8,-0.08,-0.01,1.39
2023-12-22,600833,11.89,11.74,11.92,11.58,25862,31234427.0,2.88,-0.68,-0.08,1.16
2023-12-25,600833,11.74,11.47,11.77,11.46,15193,18054399.0,2.64,-2.3,-0.27,0.68
2023-12-26,600833,11.47,11.44,11.59,11.39,13426,15837935.0,1.74,-0.26,-0.03,0.6
2023-12-27,600833,11.52,11.49,11.54,11.22,23212,27161736.0,2.8,0.44,0.05,1.04
2023-12-28,600833,11.46,11.55,11.64,11.34,23029,27307089.0,2.61,0.52,0.06,1.03
2023-12-29,600833,11.54,11.68,11.72,11.51,18761,22501724.0,1.82,1.13,0.13,0.84
2024-01-02,600833,11.68,11.63,11.91,11.6,44707,53983987.0,2.65,-0.43,-0.05,2.0
2024-01-03,600833,11.64,11.72,11.88,11.57,30236,36560352.0,2.67,0.77,0.09,1.36
2024-01-04,600833,11.67,11.89,11.94,11.61,33161,40202498.0,2.82,1.45,0.17,1.49
2024-01-05,600833,11.86,11.65,11.97,11.56,25396,30644757.0,3.45,-2.02,-0.24,1.14
2024-01-08,600833,11.66,11.61,11.69,11.54,15067,18011715.0,1.29,-0.34,-0.04,0.68
2024-01-09,600833,11.6,11.57,11.69,11.43,15782,18742250.0,2.24,-0.34,-0.04,0.71
2024-01-10,600833,11.57,11.45,11.62,11.35,15596,18410929.0,2.33,-1.04,-0.12,0.7
2024-01-11,600833,11.44,11.42,11.53,11.3,18922,22203096.0,2.01,-0.26,-0.03,0.85
2024-01-12,600833,11.43,11.28,11.47,11.21,20437,23825712.0,2.28,-1.23,-0.14,0.92
2024-01-15,600833,11.23,11.31,11.45,11.11,18561,21646229.0,3.01,0.27,0.03,0.83
2024-01-16,600833,11.32,11.2,11.33,11.05,17017,19570669.0,2.48,-0.97,-0.11,0.76
2024-01-17,600833,11.25,10.98,11.28,10.98,12329,14128198.0,2.68,-1.96,-0.22,0.55
2024-01-18,600833,10.82,10.99,11.02,10.6,26491,29420744.0,3.83,0.09,0.01,1.19
2024-01-19,600833,10.99,10.81,11.02,10.77,10516,11802485.0,2.27,-1.64,-0.18,0.47
2024-01-22,600833,10.81,10.16,10.81,10.06,22352,24095436.0,6.94,-6.01,-0.65,1.0
2024-01-23,600833,10.15,10.48,10.83,9.96,36761,39241331.0,8.56,3.15,0.32,1.65
2024-01-24,600833,10.54,10.95,11.01,10.46,44527,49743841.0,5.25,4.48,0.47,2.0
2024-01-25,600833,10.91,11.27,11.43,10.81,64110,73941534.0,5.66,2.92,0.32,2.87
2024-01-26,600833,11.21,11.47,11.96,11.21,68267,81208073.0,6.65,1.77,0.2,3.06
2024-01-29,600833,11.44,10.9,11.46,10.89,46707,53446435.0,4.97,-4.97,-0.57,2.09
2024-01-30,600833,10.76,10.46,10.79,10.42,30138,32959264.0,3.39,-4.04,-0.44,1.35
2024-01-31,600833,10.48,9.9,10.53,9.86,31756,33097737.0,6.41,-5.35,-0.56,1.42
2024-02-01,600833,9.92,9.41,9.98,9.18,37666,36920673.0,8.08,-4.95,-0.49,1.69
2024-02-02,600833,9.49,9.11,9.6,8.73,34941,33222935.0,9.25,-3.19,-0.3,1.57
2024-02-05,600833,9.06,8.17,9.06,8.17,56313,48758370.0,9.77,-10.32,-0.94,2.52
2024-02-06,600833,8.06,8.24,8.56,7.57,47855,40089894.0,12.12,0.86,0.07,2.15
2024-02-07,600833,8.26,7.98,8.27,7.78,50076,41654081.0,5.95,-3.16,-0.26,2.24
2024-02-08,600833,8.06,8.65,8.67,7.92,51307,44518621.0,9.4,8.4,0.67,2.3
2024-02-19,600833,8.65,8.82,9.01,8.64,45317,41555805.0,4.28,1.97,0.17,2.03
2024-02-20,600833,8.82,9.74,9.74,8.57,44096,42986027.0,13.27,10.43,0.92,1.98
2024-02-21,600833,9.6,9.5,9.76,9.4,74440,73898800.0,3.7,-2.46,-0.24,3.34
2024-02-22,600833,9.46,9.85,10.1,9.39,62093,62405230.0,7.47,3.68,0.35,2.78
2024-02-23,600833,9.72,9.83,9.85,9.66,40262,40698446.0,1.93,-0.2,-0.02,1.8
2024-02-26,600833,9.83,9.86,10.09,9.76,45237,46270994.0,3.36,0.31,0.03,2.03
2024-02-27,600833,9.86,9.97,9.98,9.76,31738,32458841.0,2.23,1.12,0.11,1.42
2024-02-28,600833,9.96,9.58,10.09,9.49,73905,75319077.0,6.02,-3.91,-0.39,3.31
2024-02-29,600833,9.41,9.73,9.82,9.39,38377,38401655.0,4.49,1.57,0.15,1.72
2024-03-01,600833,9.68,9.73,9.77,9.59,21796,21847877.0,1.85,0.0,0.0,0.98
2024-03-04,600833,9.66,9.87,10.08,9.63,38078,38930688.0,4.62,1.44,0.14,1.71
2024-03-05,600833,9.8,9.64,9.89,9.62,25192,25254740.0,2.74,-2.33,-0.23,1.13
2024-03-06,600833,9.6,9.65,9.73,9.56,15596,15562475.0,1.76,0.1,0.01,0.7
2024-03-07,600833,9.71,9.59,9.73,9.58,15556,15539510.0,1.55,-0.62,-0.06,0.7
2024-03-08,600833,9.57,9.87,9.98,9.55,37404,38006049.0,4.48,2.92,0.28,1.68
2024-03-11,600833,9.89,10.08,10.08,9.78,37493,38629092.0,3.04,2.13,0.21,1.68
2024-03-12,600833,10.11,9.97,10.18,9.94,44285,45849027.0,2.38,-1.09,-0.11,1.99
2024-03-13,600833,9.9,9.91,10.0,9.83,22380,22931756.0,1.71,-0.6,-0.06,1.0
2024-03-14,600833,9.92,10.0,10.11,9.82,27928,28771646.0,2.93,0.91,0.09,1.25
2024-03-15,600833,9.97,10.03,10.03,9.87,17535,18039428.0,1.6,0.3,0.03,0.79
2024-03-18,600833,10.04,10.14,10.15,9.98,34702,36156940.0,1.69,1.1,0.11,1.56
2024-03-19,600833,10.16,10.01,10.25,9.98,35918,37359557.0,2.66,-1.28,-0.13,1.61
2024-03-20,600833,9.98,10.12,10.12,9.97,31701,32984683.0,1.5,1.1,0.11,1.42
2024-03-21,600833,10.12,10.1,10.2,10.02,30197,31571180.0,1.78,-0.2,-0.02,1.35
2024-03-22,600833,10.09,10.02,10.1,9.89,29105,30028251.0,2.08,-0.79,-0.08,1.3
2024-03-25,600833,10.01,9.89,10.13,9.87,29869,30824185.0,2.59,-1.3,-0.13,1.34
2024-03-26,600833,9.89,9.91,10.01,9.76,21577,22017254.0,2.53,0.2,0.02,0.97
2024-03-27,600833,9.88,9.8,9.99,9.8,19755,20196937.0,1.92,-1.11,-0.11,0.89
2024-03-28,600833,9.79,10.19,10.46,9.79,72177,76084303.0,6.84,3.98,0.39,3.24
2024-03-29,600833,10.17,10.91,11.06,10.16,124480,138160408.0,8.83,7.07,0.72,5.58
2024-04-01,600833,10.66,10.77,10.79,10.56,57806,63863349.0,2.11,-1.28,-0.14,2.59
2024-04-02,600833,10.76,10.6,10.82,10.57,33835,37225037.0,2.32,-1.58,-0.17,1.52
2024-04-03,600833,10.6,10.6,10.66,10.47,21526,23470785.0,1.79,0.0,0.0,0.96
2024-04-08,600833,10.6,10.75,10.86,10.36,52075,57309475.0,4.72,1.42,0.15,2.33
2024-04-09,600833,10.66,10.72,10.72,10.46,29508,32310097.0,2.42,-0.28,-0.03,1.32
2024-04-10,600833,10.78,10.71,10.79,10.62,29947,33062909.0,1.59,-0.09,-0.01,1.34
2024-04-11,600833,10.74,10.74,10.8,10.66,21886,24196349.0,1.31,0.28,0.03,0.98
2024-04-12,600833,10.74,10.74,10.84,10.64,23167,25614439.0,1.86,0.0,0.0,1.04
2024-04-15,600833,10.75,10.57,10.83,10.4,30537,33414015.0,4.0,-1.58,-0.17,1.37
2024-04-16,600833,10.56,9.97,10.56,9.96,34864,36882932.0,5.68,-5.68,-0.6,1.56
2024-04-17,600833,10.06,10.53,10.58,10.06,21980,23669829.0,5.22,5.62,0.56,0.99
2024-04-18,600833,10.58,10.93,11.62,10.42,79906,91749007.0,11.4,3.8,0.4,3.58
2024-04-19,600833,10.8,10.86,11.03,10.76,38536,43259384.0,2.47,-0.64,-0.07,1.73
2024-04-22,600833,10.77,10.83,10.92,10.66,23126,25721259.0,2.39,-0.28,-0.03,1.04
2024-04-23,600833,10.83,10.84,10.96,10.73,24503,27382063.0,2.12,0.09,0.01,1.1
2024-04-24,600833,10.89,10.87,10.97,10.81,18884,21130686.0,1.48,0.28,0.03,0.85
2024-04-25,600833,10.88,10.8,10.88,10.78,20003,22336048.0,0.92,-0.64,-0.07,0.9
2024-04-26,600833,10.76,10.85,10.86,10.59,34375,38085573.0,2.5,0.46,0.05,1.54
2024-04-29,600833,10.77,10.86,10.99,10.77,26633,29902708.0,2.03,0.09,0.01,1.19
2024-04-30,600833,11.04,10.86,11.05,10.85,36184,40822518.0,1.84,0.0,0.0,1.62
2024-05-06,600833,10.93,11.08,11.2,10.92,55970,63998620.0,2.58,2.03,0.22,2.51
2024-05-07,600833,11.02,11.08,11.1,10.91,42420,48158812.0,1.71,0.0,0.0,1.9
2024-05-08,600833,11.03,11.08,11.11,10.97,28969,32981810.0,1.26,0.0,0.0,1.3
2024-05-09,600833,11.13,11.28,11.35,11.06,67731,78137403.0,2.62,1.81,0.2,3.04
2024-05-10,600833,11.28,11.13,11.29,11.06,38782,44519448.0,2.04,-1.33,-0.15,1.74
2024-05-13,600833,11.09,11.06,11.16,10.87,31059,35353421.0,2.61,-0.63,-0.07,1.39
2024-05-14,600833,11.05,11.18,11.21,10.99,28330,32490061.0,1.99,1.08,0.12,1.27
2024-05-15,600833,11.18,11.03,11.21,11.02,23344,26658892.0,1.7,-1.34,-0.15,1.05
2024-05-16,600833,11.03,11.04,11.13,10.99,23789,27126134.0,1.27,0.09,0.01,1.07
2024-05-17,600833,11.02,10.99,11.09,10.87,27306,30860802.0,1.99,-0.45,-0.05,1.22
2024-05-20,600833,10.98,11.07,11.12,10.94,16228,18414786.0,1.64,0.73,0.08,0.73
2024-05-21,600833,11.12,10.86,11.12,10.82,16716,18834137.0,2.71,-1.9,-0.21,0.75
2024-05-22,600833,10.78,10.85,10.95,10.78,14312,16018410.0,1.57,-0.09,-0.01,0.64
2024-05-23,600833,10.85,10.68,11.04,10.67,17972,19968429.0,3.41,-1.57,-0.17,0.81
2024-05-24,600833,10.7,10.61,10.82,10.56,10659,11744158.0,2.43,-0.66,-0.07,0.48
2024-05-27,600833,10.59,10.72,10.72,10.51,14946,16376416.0,1.98,1.04,0.11,0.67
2024-05-28,600833,10.71,10.54,10.71,10.48,10907,11923223.0,2.15,-1.68,-0.18,0.49
2024-05-29,600833,10.5,10.53,10.6,10.46,9391,10192788.0,1.33,-0.09,-0.01,0.42
2024-05-30,600833,10.55,10.53,10.69,10.46,8321,9060451.0,2.18,0.0,0.0,0.37
2024-05-31,600833,10.52,10.58,10.64,10.5,6985,7615524.0,1.33,0.47,0.05,0.31
2024-06-03,600833,10.59,10.26,10.59,10.18,13397,14287933.0,3.88,-3.02,-0.32,0.6
2024-06-04,600833,10.27,10.28,10.31,10.12,11042,11670712.0,1.85,0.19,0.02,0.49
2024-06-05,600833,10.28,10.09,10.28,10.09,10787,11341255.0,1.85,-1.85,-0.19,0.48
2024-06-06,600833,10.09,10.06,10.23,9.89,16305,16872108.0,3.37,-0.3,-0.03,0.73
2024-06-07,600833,10.1,10.3,10.31,10.05,15220,16069889.0,2.58,2.39,0.24,0.68
2024-06-11,600833,10.31,10.27,10.34,10.07,8301,8745190.0,2.62,-0.29,-0.03,0.37
2024-06-12,600833,10.19,10.36,10.4,10.17,8804,9390816.0,2.24,0.88,0.09,0.39
2024-06-13,600833,10.41,10.48,10.49,10.29,11829,12725074.0,1.93,1.16,0.12,0.53
2024-06-14,600833,10.48,10.47,10.51,10.39,6416,6920975.0,1.15,-0.1,-0.01,0.29
2024-06-17,600833,10.44,10.34,10.5,10.34,8191,8796003.0,1.53,-1.24,-0.13,0.37
2024-06-18,600833,10.28,10.4,10.46,10.27,4666,5007640.0,1.84,0.58,0.06,0.21
2024-06-19,600833,10.39,10.48,10.55,10.34,10604,11457871.0,2.02,0.77,0.08,0.48
2024-06-20,600833,10.49,10.39,10.56,10.27,12268,13169379.0,2.77,-0.86,-0.09,0.55
2024-06-21,600833,10.33,10.39,10.48,10.29,6031,6398961.0,1.83,0.0,0.0,0.27
2024-06-24,600833,10.39,10.25,10.39,10.11,14050,14705245.0,2.69,-1.35,-0.14,0.63
2024-06-25,600833,10.24,10.1,10.25,10.06,8398,8714910.0,1.85,-1.46,-0.15,0.38
2024-06-26,600833,10.08,10.28,10.3,10.07,7501,7798540.0,2.28,1.78,0.18,0.34
2024-06-27,600833,10.29,10.21,10.31,10.18,7657,8004070.0,1.26,-0.68,-0.07,0.34
2024-06-28,600833,10.26,10.23,10.32,10.13,6314,6600653.0,1.86,0.2,0.02,0.28
2024-07-01,600833,10.23,10.33,10.43,10.09,8966,9381742.0,3.32,0.98,0.1,0.4
2024-07-02,600833,10.31,10.33,10.39,10.21,7382,7791695.0,1.74,0.0,0.0,0.33
2024-07-03,600833,10.38,10.34,10.4,10.32,8402,8885813.0,0.77,0.1,0.01,0.38
2024-07-04,600833,10.36,10.24,10.38,10.09,9054,9416553.0,2.8,-0.97,-0.1,0.41
2024-07-05,600833,10.26,10.44,10.44,10.11,8617,9056345.0,3.22,1.95,0.2,0.39
2024-07-08,600833,10.43,10.33,10.43,10.16,7208,7547830.0,2.59,-1.05,-0.11,0.32
2024-07-09,600833,10.29,10.23,10.29,9.99,16618,17265234.0,2.9,-0.97,-0.1,0.74
2024-07-10,600833,10.22,10.22,10.31,10.13,4769,4988032.0,1.76,-0.1,-0.01,0.21
2024-07-11,600833,10.25,10.4,10.42,10.25,7975,8453052.0,1.66,1.76,0.18,0.36
2024-07-12,600833,10.36,10.44,10.46,10.36,9971,10597909.0,0.96,0.38,0.04,0.45
2024-07-15,600833,10.49,10.94,11.22,10.44,56004,61417868.0,7.47,4.79,0.5,2.51
2024-07-16,600833,10.76,10.7,10.83,10.56,23602,25857564.0,2.47,-2.19,-0.24,1.06
2024-07-17,600833,10.77,11.0,11.04,10.66,35232,39290812.0,3.55,2.8,0.3,1.58
2024-07-18,600833,10.94,10.94,11.19,10.83,33912,37973903.0,3.27,-0.55,-0.06,1.52
2024-07-19,600833,10.83,10.71,10.91,10.7,24697,27075124.0,1.92,-2.1,-0.23,1.11
2024-07-22,600833,10.59,10.65,10.75,10.59,13002,14168890.0,1.49,-0.56,-0.06,0.58
2024-07-23,600833,10.58,10.97,11.12,10.58,46656,52079077.0,5.07,3.0,0.32,2.09
2024-07-24,600833,10.85,10.99,11.11,10.59,51705,57239300.0,4.74,0.18,0.02,2.32
2024-07-25,600833,10.85,10.85,10.88,10.65,30693,33670285.0,2.09,-1.27,-0.14,1.38
2024-07-26,600833,10.84,10.88,10.89,10.71,19455,21517676.0,1.66,0.28,0.03,0.87
2024-07-29,600833,10.88,11.03,11.07,10.8,26898,30151723.0,2.48,1.38,0.15,1.21
2024-07-30,600833,11.0,11.08,11.11,10.82,32796,36810020.0,2.63,0.45,0.05,1.47
2024-07-31,600833,11.07,11.12,11.21,10.99,36921,41849571.0,1.99,0.36,0.04,1.66
2024-08-01,600833,11.12,11.11,11.2,11.07,21731,24675526.0,1.17,-0.09,-0.01,0.97
2024-08-02,600833,11.09,11.18,11.33,11.06,36920,42274550.0,2.43,0.63,0.07,1.65
2024-08-05,600833,11.1,10.92,11.27,10.92,29668,33581151.0,3.13,-2.33,-0.26,1.33
2024-08-06,600833,10.97,11.21,11.26,10.94,37358,42367912.0,2.93,2.66,0.29,1.67
2024-08-07,600833,11.18,11.07,11.21,11.06,19309,21918329.0,1.34,-1.25,-0.14,0.87
2024-08-08,600833,11.03,11.1,11.19,11.0,13772,15602863.0,1.72,0.27,0.03,0.62
2024-08-09,600833,11.17,11.02,11.17,11.01,14435,16309912.0,1.44,-0.72,-0.08,0.65
2024-08-12,600833,11.02,11.04,11.14,10.98,14583,16455821.0,1.45,0.18,0.02,0.65
2024-08-13,600833,11.03,10.98,11.14,10.88,15739,17662783.0,2.36,-0.54,-0.06,0.71
2024-08-14,600833,10.98,10.95,11.01,10.84,9054,10094454.0,1.55,-0.27,-0.03,0.41
2024-08-15,600833,10.95,10.95,10.98,10.84,11270,12530039.0,1.28,0.0,0.0,0.51
2024-08-16,600833,10.95,10.87,10.96,10.81,9901,10985246.0,1.37,-0.73,-0.08,0.44
2024-08-19,600833,10.89,10.7,10.95,10.7,13476,14867122.0,2.3,-1.56,-0.17,0.6
2024-08-20,600833,10.71,10.58,10.79,10.51,21353,23205559.0,2.62,-1.12,-0.12,0.96
2024-08-21,600833,10.56,10.53,10.67,10.5,8321,8999753.0,1.61,-0.47,-0.05,0.37
2024-08-22,600833,10.52,10.32,10.61,10.32,9499,10110665.0,2.75,-1.99,-0.21,0.43
2024-08-23,600833,10.36,10.35,10.53,10.2,11452,12108764.0,3.2,0.29,0.03,0.51
2024-08-26,600833,10.36,10.48,10.5,10.35,9934,10581292.0,1.45,1.26,0.13,0.45
2024-08-27,600833,10.48,10.4,10.62,10.36,15771,16903309.0,2.48,-0.76,-0.08,0.71
2024-08-28,600833,10.4,10.44,10.47,10.31,6790,7219361.0,1.54,0.38,0.04,0.3
2024-08-29,600833,10.44,10.63,10.66,10.39,15359,16565350.0,2.59,1.82,0.19,0.69
2024-08-30,600833,10.63,10.67,10.72,10.53,16786,18250262.0,1.79,0.38,0.04,0.75
2024-09-02,600833,10.71,10.63,10.83,10.59,20492,22365728.0,2.25,-0.37,-0.04,0.92
2024-09-03,600833,10.53,10.53,10.69,10.45,16782,18054821.0,2.26,-0.94,-0.1,0.75
2024-09-04,600833,10.46,10.64,10.76,10.43,22716,24690446.0,3.13,1.04,0.11,1.02
2024-09-05,600833,10.73,10.8,10.87,10.63,27046,29655548.0,2.26,1.5,0.16,1.21
2024-09-06,600833,10.79,10.61,10.8,10.6,16437,17903406.0,1.85,-1.76,-0.19,0.74
2024-09-09,600833,10.61,10.82,10.84,10.57,25836,28239879.0,2.54,1.98,0.21,1.16
2024-09-10,600833,11.12,10.72,11.28,10.68,40291,44535217.0,5.55,-0.92,-0.1,1.81
2024-09-11,600833,10.68,10.52,10.71,10.48,22442,24274917.0,2.15,-1.87,-0.2,1.01
2024-09-12,600833,10.53,10.42,10.69,10.42,13402,14406425.0,2.57,-0.95,-0.1,0.6
2024-09-13,600833,10.42,10.46,10.54,10.34,15039,16069849.0,1.92,0.38,0.04,0.67
2024-09-18,600833,10.48,10.27,10.53,10.11,14260,14922503.0,4.02,-1.82,-0.19,0.64
2024-09-19,600833,10.27,10.5,10.54,10.25,12738,13571305.0,2.82,2.24,0.23,0.57
2024-09-20,600833,10.53,10.48,10.53,10.39,8224,8774934.0,1.33,-0.19,-0.02,0.37
2024-09-23,600833,10.52,10.45,10.55,10.42,8109,8665224.0,1.24,-0.29,-0.03,0.36
2024-09-24,600833,10.48,10.74,10.76,10.46,24465,26574322.0,2.87,2.78,0.29,1.1
2024-09-25,600833,10.77,10.91,11.03,10.77,27461,30609273.0,2.42,1.58,0.17,1.23
2024-09-26,600833,10.94,11.08,11.09,10.85,30249,34000793.0,2.2,1.56,0.17,1.36
2024-09-27,600833,11.25,11.29,11.31,11.09,40807,46647350.0,1.99,1.9,0.21,1.83
2024-09-30,600833,11.61,12.03,12.23,11.4,110631,133435598.0,7.35,6.55,0.74,4.96
2024-10-08,600833,13.23,12.41,13.24,12.05,142586,182019091.0,9.89,3.16,0.38,6.39
2024-10-09,600833,12.29,11.61,12.29,11.48,92217,110857636.0,6.53,-6.45,-0.8,4.13
2024-10-10,600833,11.8,11.81,12.05,11.64,57174,69120831.0,3.53,1.72,0.2,2.56
2024-10-11,600833,11.84,11.58,11.88,11.46,39230,46683411.0,3.56,-1.95,-0.23,1.76
2024-10-14,600833,11.61,11.6,11.7,11.41,41678,49170621.0,2.5,0.17,0.02,1.87
2024-10-15,600833,11.53,11.5,11.7,11.49,45440,53641239.0,1.81,-0.86,-0.1,2.04
2024-10-16,600833,11.46,11.52,11.65,11.34,29209,34255768.0,2.7,0.17,0.02,1.31
2024-10-17,600833,11.56,11.37,11.63,11.37,29011,34007623.0,2.26,-1.3,-0.15,1.3
2024-10-18,600833,11.34,11.37,11.51,11.2,85498,99203770.0,2.73,0.0,0.0,3.83
2024-10-21,600833,11.37,11.42,11.43,11.21,55739,64319972.0,1.93,0.44,0.05,2.5
2024-10-22,600833,11.4,11.46,11.52,11.33,69564,80994445.0,1.66,0.35,0.04,3.12
2024-10-23,600833,11.49,11.49,11.52,11.39,60425,70608720.0,1.13,0.26,0.03,2.71
2024-10-24,600833,11.49,11.68,11.71,11.43,77446,91702152.0,2.44,1.65,0.19,3.47
2024-10-25,600833,11.73,11.81,11.84,11.53,72243,86180647.0,2.65,1.11,0.13,3.24
2024-10-28,600833,11.86,12.78,12.88,11.75,184281,234466201.0,9.57,8.21,0.97,8.26
2024-10-29,600833,12.66,12.82,13.08,12.31,172362,221773985.0,6.03,0.31,0.04,7.73
2024-10-30,600833,12.71,12.64,12.71,12.25,95507,121563796.0,3.59,-1.4,-0.18,4.28
2024-10-31,600833,12.48,12.46,12.57,12.37,61544,78021240.0,1.58,-1.42,-0.18,2.76
2024-11-01,600833,12.28,13.73,13.73,12.16,272386,368982505.0,12.6,10.19,1.27,12.21
2024-11-04,600833,13.74,14.23,14.9,13.36,311782,442567089.0,11.22,3.64,0.5,13.98
2024-11-05,600833,14.07,14.18,14.18,13.58,202743,284909924.0,4.22,-0.35,-0.05,9.09
2024-11-06,600833,14.0,14.03,14.89,13.78,216179,310839468.0,7.83,-1.06,-0.15,9.69
2024-11-07,600833,13.78,14.13,14.58,13.59,190582,271906390.0,7.06,0.71,0.1,8.54
2024-11-08,600833,14.03,14.5,14.74,13.98,195912,285363944.0,5.38,2.62,0.37,8.78
2024-11-11,600833,14.52,14.34,14.68,14.12,139058,201851804.0,3.86,-1.1,-0.16,6.23
2024-11-12,600833,14.19,15.28,15.8,14.06,374625,583044941.0,12.13,6.56,0.94,16.79
2024-11-13,600833,14.98,14.86,16.26,14.79,305336,476646963.0,9.62,-2.75,-0.42,13.69
2024-11-14,600833,14.71,13.59,14.75,13.53,221797,314267556.0,8.21,-8.55,-1.27,9.94
2024-11-15,600833,13.75,13.63,13.92,13.45,139690,193735338.0,3.46,0.29,0.04,6.26
2024-11-18,600833,13.55,13.32,13.87,13.12,125665,172224975.0,5.5,-2.27,-0.31,5.63
2024-11-19,600833,13.26,13.33,13.36,12.83,116437,155017818.0,3.98,0.08,0.01,5.22
2024-11-20,600833,13.25,13.71,13.85,13.14,158814,216887103.0,5.33,2.85,0.38,7.12
2024-11-21,600833,13.55,13.49,13.64,13.35,82086,112467316.0,2.12,-1.6,-0.22,3.68
2024-11-22,600833,13.49,12.97,13.56,12.93,76021,102236975.0,4.67,-3.85,-0.52,3.41
2024-11-25,600833,12.97,12.96,13.09,12.75,52363,68738718.0,2.62,-0.08,-0.01,2.35
2024-11-26,600833,12.88,12.92,13.14,12.83,55125,72768544.0,2.39,-0.31,-0.04,2.47
2024-11-27,600833,12.91,12.82,12.92,12.38,81222,104458434.0,4.18,-0.77,-0.1,3.64
2024-11-28,600833,12.82,13.01,13.16,12.74,74119,97747490.0,3.28,1.48,0.19,3.32
2024-11-29,600833,12.98,13.19,13.21,12.83,77098,102376856.0,2.92,1.38,0.18,3.46
2024-12-02,600833,13.19,13.39,13.45,13.18,78533,106515051.0,2.05,1.52,0.2,3.52
2024-12-03,600833,13.38,13.42,13.5,13.29,55665,75866249.0,1.57,0.22,0.03,2.5
2024-12-04,600833,13.4,13.01,13.44,12.96,68982,92580925.0,3.58,-3.06,-0.41,3.09
2024-12-05,600833,12.96,12.98,13.03,12.81,42124,55387308.0,1.69,-0.23,-0.03,1.89
2024-12-06,600833,12.96,13.17,13.25,12.91,51656,68882855.0,2.62,1.46,0.19,2.32
2024-12-09,600833,13.25,13.17,13.38,13.05,42303,56937832.0,2.51,0.0,0.0,1.9
2024-12-10,600833,13.44,13.04,13.53,13.01,67660,91033807.0,3.95,-0.99,-0.13,3.03
2024-12-11,600833,13.79,14.37,14.37,13.64,99283,143409558.0,5.6,10.2,1.33,4.45
2024-12-12,600833,15.6,15.83,15.83,14.99,504340,798276319.0,5.85,10.16,1.46,22.61
2024-12-13,600833,15.45,16.12,17.44,14.84,582697,974565935.0,16.42,1.83,0.29,26.12
2024-12-16,600833,16.41,15.72,16.58,15.54,372747,606660624.0,6.45,-2.48,-0.4,16.71
2024-12-17,600833,15.64,14.79,15.71,14.54,250776,379444942.0,7.44,-5.92,-0.93,11.24
2024-12-18,600833,14.81,15.02,15.29,14.4,197772,299300980.0,6.02,1.56,0.23,8.87
2024-12-19,600833,14.77,14.26,14.93,14.13,165415,241748693.0,5.33,-5.06,-0.76,7.41
2024-12-20,600833,14.26,14.41,14.54,14.26,98037,143385807.0,1.96,1.05,0.15,4.39
2024-12-23,600833,14.34,13.68,14.4,13.62,113040,159177344.0,5.41,-5.07,-0.73,5.07
2024-12-24,600833,13.73,13.65,13.83,13.41,82948,114467722.0,3.07,-0.22,-0.03,3.72
2024-12-25,600833,13.81,13.59,13.88,13.19,85111,116849430.0,5.05,-0.44,-0.06,3.82
2024-12-26,600833,13.52,13.64,13.67,13.43,70714,97402368.0,1.77,0.37,0.05,3.17
2024-12-27,600833,13.57,13.78,13.93,13.52,92007,128755430.0,3.01,1.03,0.14,4.12
2024-12-30,600833,13.74,13.67,13.87,13.49,64311,89096343.0,2.76,-0.8,-0.11,2.88
2024-12-31,600833,13.59,13.28,13.9,13.28,77360,106504192.0,4.54,-2.85,-0.39,3.47
2025-01-02,600833,13.28,13.06,13.58,12.95,72188,97574857.0,4.74,-1.66,-0.22,3.24
2025-01-03,600833,13.09,12.3,13.22,12.28,78313,100745159.0,7.2,-5.82,-0.76,3.51
2025-01-06,600833,12.31,12.68,12.76,12.11,95911,122499522.0,5.28,3.09,0.38,4.3
2025-01-07,600833,12.63,12.42,12.63,12.16,75038,94087110.0,3.71,-2.05,-0.26,3.36
2025-01-08,600833,12.39,12.37,12.6,12.06,63050,79187228.0,4.35,-0.4,-0.05,2.83
2025-01-09,600833,12.26,12.32,12.47,12.2,48053,60314630.0,2.18,-0.4,-0.05,2.15
2025-01-10,600833,12.27,11.84,12.36,11.84,52016,64112795.0,4.22,-3.9,-0.48,2.33
2025-01-13,600833,11.68,11.9,11.92,11.52,38734,46409809.0,3.38,0.51,0.06,1.74
2025-01-14,600833,11.9,12.28,12.28,11.88,61086,75486276.0,3.36,3.19,0.38,2.74
2025-01-15,600833,12.23,12.2,12.31,12.08,37954,47184388.0,1.87,-0.65,-0.08,1.7
2025-01-16,600833,12.22,12.36,12.45,12.21,46759,58729341.0,1.97,1.31,0.16,2.1
2025-01-17,600833,12.3,12.34,12.43,12.22,32304,40485326.0,1.7,-0.16,-0.02,1.45
2025-01-20,600833,12.42,12.58,12.86,12.28,53709,68662393.0,4.7,1.94,0.24,2.41
2025-01-21,600833,12.63,12.53,12.66,12.38,29691,37716144.0,2.23,-0.4,-0.05,1.33
2025-01-22,600833,12.45,12.32,12.48,12.28,31955,40208815.0,1.6,-1.68,-0.21,1.43
2025-01-23,600833,12.45,12.39,12.63,12.36,46949,59776102.0,2.19,0.57,0.07,2.1
2025-01-24,600833,12.49,12.44,12.49,12.26,35109,44250157.0,1.86,0.4,0.05,1.57
2025-01-27,600833,12.44,12.44,12.67,12.39,40908,52155888.0,2.25,0.0,0.0,1.83
2025-02-05,600833,12.5,12.64,12.64,12.38,40140,51228283.0,2.09,1.61,0.2,1.8
2025-02-06,600833,12.59,12.77,12.77,12.41,51305,65863874.0,2.85,1.03,0.13,2.3
2025-02-07,600833,12.72,12.85,13.03,12.69,78255,102201800.0,2.66,0.63,0.08,3.51
2025-02-10,600833,12.85,13.19,13.2,12.82,83900,111394648.0,2.96,2.65,0.34,3.76
2025-02-11,600833,13.25,12.99,13.25,12.95,49491,65481526.0,2.27,-1.52,-0.2,2.22
2025-02-12,600833,13.0,12.96,13.03,12.86,50390,66224961.0,1.31,-0.23,-0.03,2.26
2025-02-13,600833,12.9,12.92,13.06,12.8,53594,70497030.0,2.01,-0.31,-0.04,2.4
2025-02-14,600833,12.88,12.98,13.11,12.88,55450,73195898.0,1.78,0.46,0.06,2.49
2025-02-17,600833,12.94,12.94,13.1,12.86,59699,78847137.0,1.85,-0.31,-0.04,2.68
2025-02-18,600833,12.94,12.43,12.95,12.38,72235,92759147.0,4.4,-3.94,-0.51,3.24
2025-02-19,600833,12.44,12.51,12.51,12.35,39569,50095613.0,1.29,0.64,0.08,1.77
2025-02-20,600833,12.52,12.79,12.85,12.48,60807,78809287.0,2.96,2.24,0.28,2.73
2025-02-21,600833,12.79,12.6,12.88,12.51,51234,65643409.0,2.89,-1.49,-0.19,2.3
2025-02-24,600833,12.58,12.52,12.65,12.45,45036,57420226.0,1.59,-0.63,-0.08,2.02
2025-02-25,600833,12.4,12.31,12.5,12.28,41807,52678663.0,1.76,-1.68,-0.21,1.87
2025-02-26,600833,12.31,12.46,12.48,12.23,40045,50524954.0,2.03,1.22,0.15,1.8
2025-02-27,600833,12.43,12.39,12.52,12.17,51124,64205262.0,2.81,-0.56,-0.07,2.29
2025-02-28,600833,12.3,12.11,12.43,12.08,41245,51326724.0,2.82,-2.26,-0.28,1.85
2025-03-03,600833,12.17,12.2,12.34,12.13,28831,35958578.0,1.73,0.74,0.09,1.29
2025-03-04,600833,12.15,12.36,12.38,12.12,26677,33412016.0,2.13,1.31,0.16,1.2
2025-03-05,600833,12.35,12.19,12.36,12.08,35170,43498320.0,2.27,-1.38,-0.17,1.58
2025-03-06,600833,12.2,12.3,12.34,12.14,42990,53649918.0,1.64,0.9,0.11,1.93
2025-03-07,600833,12.3,12.2,12.31,12.13,38691,48035244.0,1.46,-0.81,-0.1,1.73
2025-03-10,600833,12.27,12.7,12.7,12.27,112015,142449566.0,3.52,4.1,0.5,5.02
2025-03-11,600833,12.58,12.61,12.61,12.38,64840,82635848.0,1.81,-0.71,-0.09,2.91
2025-03-12,600833,12.59,12.63,12.65,12.5,59822,76522257.0,1.19,0.16,0.02,2.68
2025-03-13,600833,12.55,12.6,12.73,12.49,59448,76226299.0,1.9,-0.24,-0.03,2.66
2025-03-14,600833,12.56,12.86,12.88,12.54,85625,110938549.0,2.7,2.06,0.26,3.84
2025-03-17,600833,12.88,12.75,12.92,12.73,56583,73597882.0,1.48,-0.86,-0.11,2.54
2025-03-18,600833,12.8,12.8,12.83,12.68,38546,50045986.0,1.18,0.39,0.05,1.73
2025-03-19,600833,12.78,12.92,13.13,12.74,87515,115220200.0,3.05,0.94,0.12,3.92
2025-03-20,600833,12.85,13.11,13.19,12.82,96393,128138279.0,2.86,1.47,0.19,4.32
2025-03-21,600833,13.11,12.89,13.21,12.74,84493,111362467.0,3.59,-1.68,-0.22,3.79
2025-03-24,600833,12.82,12.52,12.89,12.35,61530,78878123.0,4.19,-2.87,-0.37,2.76
2025-03-25,600833,12.48,12.58,12.66,12.3,40146,50976346.0,2.88,0.48,0.06,1.8
2025-03-26,600833,12.53,12.71,12.77,12.49,41399,53519937.0,2.23,1.03,0.13,1.86
2025-03-27,600833,12.69,12.83,12.84,12.45,45890,59216513.0,3.07,0.94,0.12,2.06
2025-03-28,600833,12.8,12.5,12.85,12.47,41675,53501919.0,2.96,-2.57,-0.33,1.87
2025-03-31,600833,12.44,12.26,12.5,12.11,40596,50602438.0,3.12,-1.92,-0.24,1.82
2025-04-01,600833,12.27,12.66,12.81,12.2,70441,90614400.0,4.98,3.26,0.4,3.16
2025-04-02,600833,12.59,12.52,12.73,12.5,25095,32144298.0,1.82,-1.11,-0.14,1.12
2025-04-03,600833,12.42,12.55,12.66,12.42,23806,30364863.0,1.92,0.24,0.03,1.07
2025-04-07,600833,11.79,11.27,12.2,11.27,58871,68495554.0,7.41,-10.2,-1.28,2.64
2025-04-08,600833,11.28,11.36,11.51,11.08,54325,62550792.0,3.82,0.8,0.09,2.44
2025-04-09,600833,11.2,11.7,11.96,10.68,70228,80624387.0,11.27,2.99,0.34,3.15
2025-04-10,600833,11.78,11.95,12.03,11.66,56160,68225123.0,3.16,2.14,0.25,2.52
2025-04-11,600833,11.9,11.74,11.97,11.71,48749,58712173.0,2.18,-1.76,-0.21,2.19
2025-04-14,600833,11.81,11.96,12.01,11.81,41770,50840179.0,1.7,1.87,0.22,1.87
2025-04-15,600833,11.99,11.95,12.04,11.86,35049,42693932.0,1.51,-0.08,-0.01,1.57
2025-04-16,600833,11.9,11.81,11.93,11.55,33019,39594577.0,3.18,-1.17,-0.14,1.48
2025-04-17,600833,11.74,11.87,11.93,11.69,23841,28817420.0,2.03,0.51,0.06,1.07
2025-04-18,600833,11.9,11.83,12.04,11.77,21859,26450956.0,2.27,-0.34,-0.04,0.98
2025-04-21,600833,11.83,11.87,11.89,11.73,21510,25954515.0,1.35,0.34,0.04,0.96
2025-04-22,600833,11.86,12.06,12.12,11.84,40999,50065501.0,2.36,1.6,0.19,1.84
2025-04-23,600833,12.07,12.01,12.13,11.98,32228,39516234.0,1.24,-0.41,-0.05,1.44
2025-04-24,600833,12.02,11.97,12.04,11.84,25098,30554073.0,1.67,-0.33,-0.04,1.13
2025-04-25,600833,11.99,12.0,12.05,11.88,25773,31461540.0,1.42,0.25,0.03,1.16
2025-04-28,600833,11.94,11.76,11.98,11.7,21838,26271440.0,2.33,-2.0,-0.24,0.98
2025-04-29,600833,11.76,11.94,11.97,11.71,23276,28237899.0,2.21,1.53,0.18,1.04
2025-04-30,600833,11.81,11.6,11.88,11.58,46568,55279124.0,2.51,-2.85,-0.34,2.09
2025-05-06,600833,11.63,11.8,11.82,11.63,26872,32209209.0,1.64,1.72,0.2,1.2
2025-05-07,600833,11.92,11.94,12.04,11.85,29794,36254543.0,1.61,1.19,0.14,1.34
2025-05-08,600833,11.94,11.99,12.03,11.85,24057,29360136.0,1.51,0.42,0.05,1.08
2025-05-09,600833,11.99,11.9,12.04,11.85,17329,21045242.0,1.58,-0.75,-0.09,0.78
2025-05-12,600833,12.0,11.76,12.0,11.71,40110,48174860.0,2.44,-1.18,-0.14,1.8
2025-05-13,600833,11.82,11.76,11.87,11.68,31086,37313459.0,1.62,0.0,0.0,1.39
2025-05-14,600833,11.72,11.78,11.81,11.66,25734,30746848.0,1.28,0.17,0.02,1.15
2025-05-15,600833,11.78,11.84,11.94,11.74,32975,39825312.0,1.7,0.51,0.06,1.48
2025-05-16,600833,11.81,12.04,12.1,11.79,41161,50219058.0,2.62,1.69,0.2,1.85
2025-05-19,600833,12.04,12.07,12.11,11.93,36321,44547311.0,1.5,0.25,0.03,1.63
2025-05-20,600833,12.11,12.53,13.28,12.03,123377,157385556.0,10.36,3.81,0.46,5.53
2025-05-21,600833,12.59,12.58,13.05,12.51,147748,191728963.0,4.31,0.4,0.05,6.62
2025-05-22,600833,12.52,13.02,13.66,12.44,209660,278816093.0,9.7,3.5,0.44,9.4
2025-05-23,600833,12.97,12.87,13.35,12.73,187378,248051528.0,4.76,-1.15,-0.15,8.4
2025-05-26,600833,12.88,13.88,14.18,12.52,354787,488805080.0,12.9,7.85,1.01,15.9
2025-05-27,600833,13.88,14.65,15.15,13.58,376207,544397881.0,11.31,5.55,0.77,16.86
2025-05-28,600833,13.98,13.68,14.07,13.68,202393,284367502.0,2.66,-6.62,-0.97,9.07
2025-05-29,600833,13.34,13.51,13.88,13.14,136676,187020110.0,5.41,-1.24,-0.17,6.13
2025-05-30,600833,13.48,13.56,13.92,13.38,143260,198344699.0,4.0,0.37,0.05,6.42
2025-06-03,600833,13.23,13.62,13.68,13.21,110737,151743944.0,3.47,0.44,0.06,4.96
2025-06-04,600833,13.62,13.34,13.62,13.07,114059,153595426.0,4.04,-2.06,-0.28,5.11
2025-06-05,600833,13.31,13.1,13.71,13.03,78289,104998855.0,5.1,-1.8,-0.24,3.51
2025-06-06,600833,13.13,12.97,13.15,12.91,56735,75013822.0,1.83,-0.99,-0.13,2.54
2025-06-09,600833,12.98,13.08,13.18,12.96,70782,94212590.0,1.7,0.85,0.11,3.17
2025-06-10,600833,13.09,13.05,13.18,12.91,68587,91045968.0,2.06,-0.23,-0.03,3.07
2025-06-11,600833,13.05,13.04,13.16,12.99,43664,57984684.0,1.3,-0.08,-0.01,1.96
2025-06-12,600833,13.08,13.17,13.34,13.04,69337,92867432.0,2.3,1.0,0.13,3.11
2025-06-13,600833,13.09,12.73,13.13,12.59,81224,105731741.0,4.1,-3.34,-0.44,3.64
2025-06-16,600833,12.72,12.79,12.92,12.6,28285,36878634.0,2.51,0.47,0.06,1.27
2025-06-17,600833,12.84,12.8,12.95,12.7,33622,43839504.0,1.95,0.08,0.01,1.51
2025-06-18,600833,12.73,12.54,12.73,12.46,34051,43513350.0,2.11,-2.03,-0.26,1.53
2025-06-19,600833,12.5,12.25,12.57,12.22,35909,45166001.0,2.79,-2.31,-0.29,1.61
2025-06-20,600833,12.26,12.21,12.34,12.17,19133,23855439.0,1.39,-0.33,-0.04,0.86
2025-06-23,600833,12.18,12.25,12.31,12.13,39450,49181130.0,1.47,0.33,0.04,1.77
2025-06-24,600833,12.25,12.47,12.52,12.25,32984,41754245.0,2.2,1.8,0.22,1.48
2025-06-25,600833,12.46,12.51,12.54,12.34,31872,40385328.0,1.6,0.32,0.04,1.43
2025-06-26,600833,12.58,12.48,12.59,12.4,25823,32808724.0,1.52,-0.24,-0.03,1.16
2025-06-27,600833,12.48,12.49,12.58,12.47,49366,62834026.0,0.88,0.08,0.01,2.21
2025-06-30,600833,12.5,12.48,12.57,12.41,48803,61998157.0,1.28,-0.08,-0.01,2.19
2025-07-01,600833,12.52,12.55,12.57,12.41,41338,52588840.0,1.28,0.56,0.07,1.85
2025-07-02,600833,12.55,12.53,12.64,12.46,37449,47778199.0,1.43,-0.16,-0.02,1.68
2025-07-03,600833,12.48,12.49,12.63,12.46,71726,91520070.0,1.36,-0.32,-0.04,3.22
2025-07-04,600833,12.49,12.33,12.53,12.33,45938,57909959.0,1.6,-1.28,-0.16,2.06
2025-07-07,600833,12.32,12.45,12.48,12.31,25405,32129168.0,1.38,0.97,0.12,1.14
2025-07-08,600833,12.46,12.52,12.53,12.42,28808,36600516.0,0.88,0.56,0.07,1.29
2025-07-09,600833,12.51,12.58,12.58,12.41,35357,45109237.0,1.36,0.48,0.06,1.58
2025-07-10,600833,12.54,12.7,12.7,12.53,45064,57924705.0,1.35,0.95,0.12,2.02
2025-07-11,600833,12.7,12.75,12.75,12.5,56455,72679778.0,1.97,0.39,0.05,2.53
2025-07-14,600833,12.75,12.88,12.97,12.7,69376,90943897.0,2.12,1.02,0.13,3.11
2025-07-15,600833,12.8,12.5,12.8,12.38,59994,76597286.0,3.26,-2.95,-0.38,2.69
2025-07-16,600833,12.55,12.77,12.77,12.51,56930,73596730.0,2.08,2.16,0.27,2.55
2025-07-17,600833,12.76,12.92,13.1,12.76,63867,84166636.0,2.66,1.17,0.15,2.86
2025-07-18,600833,12.97,12.87,13.03,12.84,42895,56232476.0,1.47,-0.39,-0.05,1.92
2025-07-21,600833,12.87,12.94,12.96,12.75,44332,58106158.0,1.63,0.54,0.07,1.99
2025-07-22,600833,12.94,12.82,12.97,12.76,42539,55506270.0,1.62,-0.93,-0.12,1.91
2025-07-23,600833,12.84,12.74,12.91,12.71,43488,56716440.0,1.56,-0.62,-0.08,1.95
2025-07-24,600833,12.73,12.87,12.87,12.69,45008,58740055.0,1.41,1.02,0.13,2.02
2025-07-25,600833,12.86,12.91,13.04,12.85,48492,63830057.0,1.48,0.31,0.04,2.17
2025-07-28,600833,12.95,12.86,12.97,12.79,35916,46936960.0,1.39,-0.39,-0.05,1.61
2025-07-29,600833,12.85,13.18,13.55,12.68,131471,175398247.0,6.77,2.49,0.32,5.89
2025-07-30,600833,13.07,13.39,13.46,13.04,141277,191040375.0,3.19,1.59,0.21,6.33
2025-07-31,600833,13.34,12.95,13.34,12.92,83772,111470397.0,3.14,-3.29,-0.44,3.76
2025-08-01,600833,12.99,13.29,13.36,12.91,104629,140549555.0,3.47,2.63,0.34,4.69
2025-08-04,600833,13.29,13.23,13.3,13.09,64418,86316918.0,1.58,-0.45,-0.06,2.89
2025-08-05,600833,13.23,13.27,13.29,13.1,57095,76630832.0,1.44,0.3,0.04,2.56
2025-08-06,600833,13.26,13.11,13.33,13.04,51119,68176601.0,2.19,-1.21,-0.16,2.29
2025-08-07,600833,13.12,13.07,13.2,13.02,41675,55526258.0,1.37,-0.31,-0.04,1.87
2025-08-08,600833,13.08,13.15,13.18,13.0,41928,55840667.0,1.38,0.61,0.08,1.88
2025-08-11,600833,13.15,13.18,13.23,13.14,38944,52198723.0,0.68,0.23,0.03,1.75
2025-08-12,600833,13.17,13.13,13.28,13.08,39852,53298746.0,1.52,-0.38,-0.05,1.79
2025-08-13,600833,13.15,13.04,13.16,12.98,51881,68843144.0,1.37,-0.69,-0.09,2.33
2025-08-14,600833,13.06,12.78,13.08,12.78,47943,63010188.0,2.3,-1.99,-0.26,2.15
2025-08-15,600833,12.78,12.94,12.99,12.78,45040,59081668.0,1.64,1.25,0.16,2.02
2025-08-18,600833,12.95,12.98,13.05,12.94,48496,64023951.0,0.85,0.31,0.04,2.17
2025-08-19,600833,13.05,13.18,13.18,13.0,62251,81718407.0,1.39,1.54,0.2,2.79
2025-08-20,600833,13.15,13.2,13.34,12.98,70488,92570530.0,2.73,0.15,0.02,3.16
2025-08-21,600833,13.2,13.14,13.25,13.09,60997,80258023.0,1.21,-0.45,-0.06,2.73
2025-08-22,600833,13.14,13.14,13.16,12.97,58047,75783555.0,1.45,0.0,0.0,2.6
2025-08-25,600833,13.18,13.51,13.56,13.06,125654,167160387.0,3.81,2.82,0.37,5.63
2025-08-26,600833,13.46,13.41,13.61,13.3,80690,108343887.0,2.29,-0.74,-0.1,3.62
2025-08-27,600833,13.45,13.1,13.48,13.1,84176,111364266.0,2.83,-2.31,-0.31,3.77
2025-08-28,600833,13.1,12.94,13.21,12.73,64659,83994604.0,3.66,-1.22,-0.16,2.9
2025-08-29,600833,12.94,13.26,13.39,12.94,89856,118766731.0,3.48,2.47,0.32,4.03
2025-09-01,600833,13.39,14.59,14.59,13.37,243012,344263749.0,9.2,10.03,1.33,10.89
2025-09-02,600833,15.31,15.13,16.05,14.84,471392,735722877.0,8.29,3.7,0.54,21.13
2025-09-03,600833,14.56,14.39,15.2,14.33,252663,371182617.0,5.75,-4.89,-0.74,11.33
2025-09-04,600833,14.47,14.19,14.54,13.97,151355,216439127.0,3.96,-1.39,-0.2,6.78
2025-09-05,600833,14.25,14.13,14.29,13.82,110694,155772784.0,3.31,-0.42,-0.06,4.96
2025-09-08,600833,14.13,14.13,14.5,14.01,131272,186424105.0,3.47,0.0,0.0,5.88
2025-09-09,600833,14.14,13.68,14.18,13.58,119335,164287546.0,4.25,-3.18,-0.45,5.35
2025-09-10,600833,13.68,13.67,13.85,13.54,78312,106989106.0,2.27,-0.07,-0.01,3.51
2025-09-11,600833,13.64,13.6,13.65,13.25,89938,120887240.0,2.93,-0.51,-0.07,4.03
2025-09-12,600833,13.58,13.74,13.83,13.56,99062,135665459.0,1.99,1.03,0.14,4.44
2025-09-15,600833,13.78,13.85,14.11,13.7,121924,169767706.0,2.98,0.8,0.11,5.47
2025-09-16,600833,13.92,14.33,14.62,13.92,159405,228831135.0,5.05,3.47,0.48,7.15
2025-09-17,600833,14.33,14.08,14.43,14.03,90603,128178142.0,2.79,-1.74,-0.25,4.06
2025-09-18,600833,14.11,14.58,14.64,13.95,187991,269317425.0,4.9,3.55,0.5,8.43
2025-09-19,600833,14.39,13.85,14.4,13.71,127945,179422608.0,4.73,-5.01,-0.73,5.74
2025-09-22,600833,13.7,13.72,14.23,13.66,84878,118079857.0,4.12,-0.94,-0.13,3.8
2025-09-23,600833,13.7,13.77,13.8,13.31,79388,107494960.0,3.57,0.36,0.05,3.56
2025-09-24,600833,13.77,14.12,14.2,13.7,84490,118566690.0,3.63,2.54,0.35,3.79
2025-09-25,600833,14.18,14.03,14.34,13.92,70805,99902181.0,2.97,-0.64,-0.09,3.17
2025-09-26,600833,13.94,13.87,14.11,13.7,59856,83196072.0,2.92,-1.14,-0.16,2.68
2025-09-29,600833,13.83,13.73,13.95,13.5,57086,78319544.0,3.24,-1.01,-0.14,2.56
2025-09-30,600833,13.71,13.76,14.29,13.6,93288,129183315.0,5.03,0.22,0.03,4.18
2025-10-09,600833,13.72,13.38,13.76,13.36,81146,108994366.0,2.91,-2.76,-0.38,3.64
2025-10-10,600833,13.35,13.45,13.49,13.31,45377,60762996.0,1.35,0.52,0.07,2.03
2025-10-13,600833,13.0,13.21,13.25,12.8,43569,56978954.0,3.35,-1.78,-0.24,1.95
2025-10-14,600833,13.22,13.14,13.32,13.11,38969,51501944.0,1.59,-0.53,-0.07,1.75
2025-10-15,600833,13.12,13.44,13.44,13.11,43208,57566309.0,2.51,2.28,0.3,1.94
2025-10-16,600833,13.45,13.27,13.48,13.23,31543,42084077.0,1.86,-1.26,-0.17,1.41
2025-10-17,600833,13.26,13.13,13.39,13.12,35046,46470200.0,2.03,-1.06,-0.14,1.57
2025-10-20,600833,13.16,13.31,13.32,13.12,34377,45486735.0,1.52,1.37,0.18,1.54
2025-10-21,600833,13.31,13.64,13.7,13.25,58460,79030690.0,3.38,2.48,0.33,2.62
2025-10-22,600833,13.69,13.74,13.93,13.62,49257,67900526.0,2.27,0.73,0.1,2.21
2025-10-23,600833,13.73,14.01,14.09,13.71,62957,87673015.0,2.77,1.97,0.27,2.82
2025-10-24,600833,14.0,13.77,14.0,13.73,40921,56646399.0,1.93,-1.71,-0.24,1.83
2025-10-27,600833,13.77,13.71,13.86,13.63,41445,56981372.0,1.67,-0.44,-0.06,1.86
2025-10-28,600833,13.66,13.72,13.84,13.62,39853,54756750.0,1.6,0.07,0.01,1.79
2025-10-29,600833,13.72,13.46,13.76,13.35,45613,61368878.0,2.99,-1.9,-0.26,2.04
2025-10-30,600833,13.46,13.37,13.58,13.31,38100,51199013.0,2.01,-0.67,-0.09,1.71
2025-10-31,600833,13.58,14.01,14.1,13.33,105765,147170402.0,5.76,4.79,0.64,4.74
2025-11-03,600833,14.13,13.96,14.21,13.91,54689,76680492.0,2.14,-0.36,-0.05,2.45
2025-11-04,600833,13.93,14.03,14.19,13.81,61510,86068587.0,2.72,0.5,0.07,2.76
2025-11-05,600833,14.04,14.07,14.1,13.93,53617,75230858.0,1.21,0.29,0.04,2.4
2025-11-06,600833,14.08,14.05,14.08,13.82,44780,62473311.0,1.85,-0.14,-0.02,2.01
2025-11-07,600833,13.98,14.03,14.09,13.88,36814,51512801.0,1.49,-0.14,-0.02,1.65
2025-11-10,600833,14.03,14.32,14.45,13.92,67171,95864053.0,3.78,2.07,0.29,3.01
2025-11-11,600833,14.3,14.95,15.46,14.16,174684,258268108.0,9.08,4.4,0.63,7.83
2025-11-12,600833,14.94,14.76,15.2,14.7,154574,229745103.0,3.34,-1.27,-0.19,6.93
2025-11-13,600833,14.9,14.98,15.0,14.59,104228,154168258.0,2.78,1.49,0.22,4.67
2025-11-14,600833,14.96,14.94,15.55,14.92,126137,190995309.0,4.21,-0.27,-0.04,5.65
2025-11-17,600833,15.05,14.64,15.15,14.57,88036,129325211.0,3.88,-2.01,-0.3,3.95
2025-11-18,600833,14.54,14.41,14.83,14.31,63049,91029512.0,3.55,-1.57,-0.23,2.83
2025-11-19,600833,14.33,14.08,14.44,14.03,44250,62666652.0,2.85,-2.29,-0.33,1.98
2025-11-20,600833,14.04,13.93,14.24,13.7,51941,72324718.0,3.84,-1.07,-0.15,2.33
2025-11-21,600833,13.73,13.16,13.99,13.16,71835,96381643.0,5.96,-5.53,-0.77,3.22
2025-11-24,600833,13.25,13.34,13.47,13.23,47567,63599681.0,1.82,1.37,0.18,2.13
2025-11-25,600833,13.34,13.65,13.75,13.34,47862,65172087.0,3.07,2.32,0.31,2.15
2025-11-26,600833,13.59,13.87,14.1,13.58,67853,94207980.0,3.81,1.61,0.22,3.04
2025-11-27,600833,13.65,13.6,13.8,13.52,48562,66145573.0,2.02,-1.95,-0.27,2.18
2025-11-28,600833,13.58,13.63,13.63,13.42,33958,46033455.0,1.54,0.22,0.03,1.52
2025-12-01,600833,13.56,13.7,13.86,13.56,35397,48698858.0,2.2,0.51,0.07,1.59
2025-12-02,600833,13.66,14.18,14.2,13.66,93303,130701816.0,3.94,3.5,0.48,4.18
2025-12-03,600833,14.25,14.0,14.36,13.94,87075,122580810.0,2.96,-1.27,-0.18,3.9
2025-12-04,600833,13.98,13.83,14.04,13.72,54475,75494954.0,2.29,-1.21,-0.17,2.44
2025-12-05,600833,13.83,13.81,13.97,13.52,54136,74397119.0,3.25,-0.14,-0.02,2.43
2025-12-08,600833,13.85,13.98,14.47,13.85,69577,97728992.0,4.49,1.23,0.17,3.12
2025-12-09,600833,13.9,13.62,14.0,13.54,61899,84847098.0,3.29,-2.58,-0.36,2.77
2025-12-10,600833,13.75,13.51,13.75,13.4,47114,63784880.0,2.57,-0.81,-0.11,2.11
2025-12-11,600833,13.52,13.0,13.58,12.96,69920,91897955.0,4.59,-3.77,-0.51,3.13
2025-12-12,600833,13.08,12.88,13.08,12.8,62620,80910489.0,2.15,-0.92,-0.12,2.81
2025-12-15,600833,12.75,12.88,12.98,12.67,36810,47317580.0,2.41,0.0,0.0,1.65
2025-12-16,600833,12.9,12.85,13.04,12.78,32416,41777666.0,2.02,-0.23,-0.03,1.45
2025-12-17,600833,12.76,12.85,13.1,12.61,54556,69989699.0,3.81,0.0,0.0,2.45
2025-12-18,600833,12.78,13.46,13.59,12.78,108292,144406590.0,6.3,4.75,0.61,4.85
2025-12-19,600833,13.31,13.5,13.6,13.08,81790,109529128.0,3.86,0.3,0.04,3.67
2025-12-22,600833,13.49,13.32,13.51,13.22,57670,76763557.0,2.15,-1.33,-0.18,2.59
2025-12-23,600833,13.33,13.38,13.45,13.16,45609,60764490.0,2.18,0.45,0.06,2.04
2025-12-24,600833,13.35,13.25,13.35,13.18,33687,44628833.0,1.27,-0.97,-0.13,1.51
2025-12-25,600833,13.26,13.3,13.35,13.19,28312,37625964.0,1.21,0.38,0.05,1.27
2025-12-26,600833,13.38,13.27,13.52,13.24,34162,45640204.0,2.11,-0.23,-0.03,1.53
2025-12-29,600833,13.36,13.16,13.41,13.03,43015,56645773.0,2.86,-0.83,-0.11,1.93
2025-12-30,600833,13.1,12.95,13.14,12.92,35545,46270415.0,1.67,-1.6,-0.21,1.59
2025-12-31,600833,12.94,12.93,12.98,12.79,35997,46363360.0,1.47,-0.15,-0.02,1.61
2026-01-05,600833,12.96,13.0,13.07,12.96,36240,47158979.0,0.85,0.54,0.07,1.62
2026-01-06,600833,13.0,13.09,13.18,12.98,40685,53241021.0,1.54,0.69,0.09,1.82
2026-01-07,600833,13.15,12.99,13.15,12.97,41545,54228518.0,1.38,-0.76,-0.1,1.86
2026-01-08,600833,12.96,13.12,13.15,12.95,39300,51446725.0,1.54,1.0,0.13,1.76
2026-01-09,600833,13.12,13.26,13.28,13.08,47439,62606191.0,1.52,1.07,0.14,2.13
2026-01-12,600833,13.28,13.33,13.33,13.18,41980,55743238.0,1.13,0.53,0.07,1.88
2026-01-13,600833,13.35,13.35,13.63,13.34,69734,94007952.0,2.18,0.15,0.02,3.13
2026-01-14,600833,13.38,13.45,13.62,13.27,63762,85816860.0,2.62,0.75,0.1,2.86
2026-01-15,600833,13.34,13.3,13.42,13.28,39660,52871595.0,1.04,-1.12,-0.15,1.78
2026-01-16,600833,13.35,13.28,13.37,13.2,40841,54178877.0,1.28,-0.15,-0.02,1.83
2026-01-19,600833,13.14,13.33,13.33,12.85,53772,70864588.0,3.61,0.38,0.05,2.41
2026-01-20,600833,13.32,13.26,13.39,13.21,37414,49649032.0,1.35,-0.53,-0.07,1.68
2026-01-21,600833,13.21,13.25,13.27,13.11,28032,36985706.0,1.21,-0.08,-0.01,1.26
2026-01-22,600833,13.24,13.45,13.48,13.19,47950,64230274.0,2.19,1.51,0.2,2.15
2026-01-23,600833,13.79,13.73,13.98,13.59,84072,115465920.0,2.9,2.08,0.28,3.77
2026-01-26,600833,13.68,13.71,13.81,13.57,74416,101792919.0,1.75,-0.15,-0.02,3.34
2026-01-27,600833,13.7,13.35,13.71,13.12,68806,91536836.0,4.3,-2.63,-0.36,3.08
2026-01-28,600833,13.34,13.15,13.36,13.15,42994,56837316.0,1.57,-1.5,-0.2,1.93
2026-01-29,600833,13.16,13.22,13.29,12.95,42130,55514267.0,2.59,0.53,0.07,1.89
2026-01-30,600833,13.2,13.18,13.42,13.03,50209,66337491.0,2.95,-0.3,-0.04,2.25
2026-02-02,600833,13.17,13.16,13.44,13.12,56730,75506688.0,2.43,-0.15,-0.02,2.54
2026-02-03,600833,13.17,13.13,13.28,13.08,36997,48610569.0,1.52,-0.23,-0.03,1.66
2026-02-04,600833,13.18,13.31,13.34,13.1,41070,54487611.0,1.83,1.37,0.18,1.84
2026-02-05,600833,13.28,13.29,13.42,13.19,35183,46918421.0,1.73,-0.15,-0.02,1.58
2026-02-06,600833,13.28,13.28,13.4,13.25,33930,45202806.0,1.13,-0.08,-0.01,1.52
2026-02-09,600833,13.31,13.36,13.41,13.29,30495,40705537.0,0.9,0.6,0.08,1.37
2026-02-10,600833,13.39,13.42,13.45,13.31,31556,42259351.0,1.05,0.45,0.06,1.41
2026-02-11,600833,13.39,13.3,13.41,13.28,24912,33233542.0,0.97,-0.89,-0.12,1.12
2026-02-12,600833,13.34,13.09,13.34,13.08,34530,45425831.0,1.95,-1.58,-0.21,1.55
2026-02-13,600833,13.08,13.05,13.2,13.03,23972,31439569.0,1.3,-0.31,-0.04,1.07
