日期,股票代码,开盘,收盘,最高,最低,成交量,成交额,振幅,涨跌幅,涨跌额,换手率
2023-02-23,603230,10.6,10.56,10.61,10.5,17221,20051367.0,1.04,-0.09,-0.01,1.93
2023-02-24,603230,10.57,10.47,10.58,10.43,10601,12262594.0,1.42,-0.85,-0.09,1.19
2023-02-27,603230,10.47,10.36,10.55,10.35,13599,15652695.0,1.91,-1.05,-0.11,1.52
2023-02-28,603230,10.42,10.43,10.48,10.34,10771,12371683.0,1.35,0.68,0.07,1.2
2023-03-01,603230,10.5,10.59,10.61,10.41,18361,21282930.0,1.92,1.53,0.16,2.05
2023-03-02,603230,10.59,10.62,10.66,10.55,14661,17159223.0,1.04,0.28,0.03,1.64
2023-03-03,603230,10.68,10.7,10.79,10.63,19251,22687651.0,1.51,0.75,0.08,2.15
2023-03-06,603230,10.72,10.8,10.89,10.67,22302,26501893.0,2.06,0.93,0.1,2.49
2023-03-07,603230,10.83,10.56,10.83,10.56,19135,22540957.0,2.5,-2.22,-0.24,2.14
2023-03-08,603230,10.54,10.74,10.75,10.53,13270,15598096.0,2.08,1.7,0.18,1.48
2023-03-09,603230,10.78,10.82,10.85,10.67,20298,24102197.0,1.68,0.74,0.08,2.27
2023-03-10,603230,10.76,10.64,10.86,10.61,17035,20052115.0,2.31,-1.66,-0.18,1.91
2023-03-13,603230,10.61,10.7,10.75,10.53,16875,19790497.0,2.07,0.56,0.06,1.89
2023-03-14,603230,10.71,10.48,10.76,10.37,17923,20859804.0,3.64,-2.06,-0.22,2.0
2023-03-15,603230,10.49,10.62,10.68,10.49,18037,21080420.0,1.81,1.34,0.14,2.02
2023-03-16,603230,10.59,10.52,10.67,10.4,18903,21977734.0,2.54,-0.94,-0.1,2.11
2023-03-17,603230,10.67,10.91,10.98,10.54,42740,51047136.0,4.18,3.71,0.39,4.78
2023-03-20,603230,10.79,10.86,11.14,10.78,30396,36495645.0,3.3,-0.46,-0.05,3.4
2023-03-21,603230,10.93,11.24,11.3,10.82,59575,73002716.0,4.42,3.5,0.38,6.66
2023-03-22,603230,11.21,11.21,11.31,11.11,36861,45181448.0,1.78,-0.27,-0.03,4.12
2023-03-23,603230,11.23,11.12,11.23,11.07,23603,28782276.0,1.43,-0.8,-0.09,2.64
2023-03-24,603230,11.05,11.14,11.27,11.05,20918,25580337.0,1.98,0.18,0.02,2.34
2023-03-27,603230,11.12,11.34,11.43,11.08,37614,46505619.0,3.14,1.8,0.2,4.21
2023-03-28,603230,11.32,11.36,11.64,11.12,48154,60040979.0,4.59,0.18,0.02,5.39
2023-03-29,603230,11.39,11.23,11.42,11.17,32023,39565177.0,2.2,-1.14,-0.13,3.58
2023-03-30,603230,11.22,11.04,11.32,10.95,29976,36490855.0,3.29,-1.69,-0.19,3.35
2023-03-31,603230,11.12,11.24,11.26,10.98,25049,30596039.0,2.54,1.81,0.2,2.8
2023-04-03,603230,11.27,11.4,11.5,11.18,34296,42671245.0,2.85,1.42,0.16,3.84
2023-04-04,603230,11.49,11.21,11.49,11.18,26931,33394354.0,2.72,-1.67,-0.19,3.01
2023-04-06,603230,11.18,10.95,11.19,10.9,28197,34158492.0,2.59,-2.32,-0.26,3.15
2023-04-07,603230,11.02,11.08,11.16,10.89,20172,24448955.0,2.47,1.19,0.13,2.26
2023-04-10,603230,11.09,11.16,11.58,11.09,47519,59077107.0,4.42,0.72,0.08,5.32
2023-04-11,603230,11.1,11.52,11.63,11.1,63330,79504453.0,4.75,3.23,0.36,7.08
2023-04-12,603230,11.53,11.87,11.9,11.42,76690,98593269.0,4.17,3.04,0.35,8.58
2023-04-13,603230,11.81,12.35,12.71,11.72,156252,209339373.0,8.34,4.04,0.48,17.48
2023-04-14,603230,12.2,11.93,12.2,11.57,105100,136189194.0,5.1,-3.4,-0.42,11.76
2023-04-17,603230,11.83,11.58,11.84,11.48,64918,82218327.0,3.02,-2.93,-0.35,7.26
2023-04-18,603230,11.58,11.49,11.6,11.24,48171,60330172.0,3.11,-0.78,-0.09,5.39
2023-04-19,603230,11.48,11.82,12.05,11.47,80345,104159359.0,5.05,2.87,0.33,8.99
2023-04-20,603230,11.72,11.93,12.04,11.63,79409,102943137.0,3.47,0.93,0.11,8.88
2023-04-21,603230,12.11,12.02,12.5,11.9,142132,188698184.0,5.03,0.75,0.09,15.9
2023-04-24,603230,11.97,12.83,13.0,11.97,202658,277319740.0,8.57,6.74,0.81,22.67
2023-04-25,603230,12.45,13.73,14.22,12.32,312563,445017443.0,14.81,7.01,0.9,34.96
2023-04-26,603230,13.17,14.78,15.2,13.02,343322,521605082.0,15.88,7.65,1.05,38.4
2023-04-27,603230,14.39,13.72,15.85,13.32,332383,523919804.0,17.12,-7.17,-1.06,37.18
2023-04-28,603230,13.69,14.59,14.83,13.64,259999,401621025.0,8.67,6.34,0.87,29.08
2023-05-04,603230,14.65,16.16,16.16,14.41,316081,516631447.0,11.99,10.76,1.57,35.36
2023-05-05,603230,15.82,15.1,16.02,14.94,249581,410533979.0,6.68,-6.56,-1.06,27.92
2023-05-08,603230,14.75,14.17,14.8,13.72,221623,337788802.0,7.15,-6.16,-0.93,24.79
2023-05-09,603230,14.09,13.23,14.5,13.19,226027,332815994.0,9.24,-6.63,-0.94,25.28
2023-05-10,603230,13.21,13.1,13.6,12.78,181458,259556204.0,6.2,-0.98,-0.13,20.3
2023-05-11,603230,12.93,13.48,13.72,12.93,197600,286860883.0,6.03,2.9,0.38,22.1
2023-05-12,603230,13.28,12.84,13.46,12.81,155386,219705458.0,4.82,-4.75,-0.64,17.38
2023-05-15,603230,12.76,12.63,13.01,12.24,130748,178028346.0,6.0,-1.64,-0.21,14.62
2023-05-16,603230,12.56,12.16,12.7,12.12,97886,130972223.0,4.59,-3.72,-0.47,10.95
2023-05-17,603230,12.13,12.1,12.35,11.93,81681,107846250.0,3.45,-0.49,-0.06,9.14
2023-05-18,603230,12.1,12.37,12.47,12.02,99934,134017121.0,3.72,2.23,0.27,11.18
2023-05-19,603230,12.33,12.25,12.38,12.0,69429,92116701.0,3.07,-0.97,-0.12,7.77
2023-05-22,603230,12.22,12.13,12.3,11.95,66406,87354409.0,2.86,-0.98,-0.12,7.43
2023-05-23,603230,12.11,11.92,12.16,11.92,56551,74060707.0,1.98,-1.73,-0.21,6.33
2023-05-24,603230,11.76,12.08,12.17,11.73,67031,87805692.0,3.69,1.34,0.16,7.5
2023-05-25,603230,12.03,11.84,12.21,11.65,83098,107446508.0,4.64,-1.99,-0.24,9.29
2023-05-26,603230,11.78,12.09,12.16,11.57,68492,89243478.0,4.98,2.11,0.25,7.66
2023-05-29,603230,12.1,11.96,12.18,11.93,58327,76485040.0,2.07,-1.08,-0.13,6.52
2023-05-30,603230,11.92,12.28,12.34,11.62,104855,138589475.0,6.02,2.68,0.32,11.73
2023-05-31,603230,12.21,12.31,12.46,12.13,103271,138280293.0,2.69,0.24,0.03,11.55
2023-06-01,603230,12.28,12.91,13.09,12.24,201713,279158860.0,6.9,4.87,0.6,22.56
2023-06-02,603230,12.8,12.64,12.97,12.55,109699,151202009.0,3.25,-2.09,-0.27,12.27
2023-06-05,603230,12.57,13.05,13.26,12.53,133404,187843471.0,5.78,3.24,0.41,14.92
2023-06-06,603230,12.97,12.84,13.26,12.73,113934,160603081.0,4.06,-1.61,-0.21,12.74
2023-06-07,603230,12.87,13.07,13.21,12.52,124256,174743042.0,5.37,1.79,0.23,13.9
2023-06-08,603230,13.05,12.82,13.06,12.57,90416,125079947.0,3.75,-1.91,-0.25,10.11
2023-06-09,603230,12.77,13.04,13.2,12.72,101122,142560191.0,3.74,1.72,0.22,11.31
2023-06-12,603230,13.06,12.8,13.11,12.77,77897,108714746.0,2.61,-1.84,-0.24,8.71
2023-06-13,603230,12.77,13.22,13.24,12.73,110148,155663446.0,3.98,3.28,0.42,12.32
2023-06-14,603230,13.17,13.04,13.48,13.01,106668,152661426.0,3.56,-1.36,-0.18,11.93
2023-06-15,603230,13.24,13.16,13.42,12.95,108982,155688564.0,3.6,0.92,0.12,12.19
2023-06-16,603230,13.1,12.97,13.21,12.66,83931,118122556.0,4.18,-1.44,-0.19,9.39
2023-06-19,603230,12.95,12.74,13.06,12.66,68288,94726161.0,3.08,-1.77,-0.23,7.64
2023-06-20,603230,12.74,12.49,12.96,12.49,82059,112891223.0,3.69,-1.96,-0.25,9.18
2023-06-21,603230,12.59,11.99,12.59,11.9,78159,103304402.0,5.52,-4.0,-0.5,8.74
2023-06-26,603230,11.94,11.37,12.02,11.34,57246,72559679.0,5.67,-5.17,-0.62,6.4
2023-06-27,603230,11.4,11.86,11.98,11.4,54726,70413495.0,5.1,4.31,0.49,6.12
2023-06-28,603230,11.89,11.66,11.9,11.44,39595,50173470.0,3.88,-1.69,-0.2,4.43
2023-06-29,603230,11.59,11.75,11.81,11.59,35144,44969394.0,1.89,0.77,0.09,3.93
2023-06-30,603230,11.72,11.82,11.91,11.66,34643,44624986.0,2.13,0.6,0.07,3.88
2023-07-03,603230,11.88,11.71,11.88,11.57,31859,40196047.0,2.62,-0.93,-0.11,3.56
2023-07-04,603230,11.7,11.76,11.77,11.6,27841,35159686.0,1.45,0.43,0.05,3.11
2023-07-05,603230,11.73,11.51,11.74,11.49,32496,40729594.0,2.13,-2.13,-0.25,3.63
2023-07-06,603230,11.51,11.48,11.71,11.46,32877,41086855.0,2.17,-0.26,-0.03,3.68
2023-07-07,603230,11.39,11.5,11.6,11.32,29505,36577053.0,2.44,0.17,0.02,3.3
2023-07-10,603230,11.53,11.7,11.72,11.51,29688,37354064.0,1.83,1.74,0.2,3.32
2023-07-11,603230,11.73,11.85,12.0,11.54,44670,56961214.0,3.93,1.28,0.15,5.0
2023-07-12,603230,11.83,11.65,12.13,11.6,40003,51132975.0,4.47,-1.69,-0.2,4.47
2023-07-13,603230,11.64,11.93,12.0,11.58,37902,48382541.0,3.61,2.4,0.28,4.24
2023-07-14,603230,11.95,12.01,12.12,11.88,37085,48031738.0,2.01,0.67,0.08,4.15
2023-07-17,603230,11.99,12.04,12.16,11.86,29203,37766908.0,2.5,0.25,0.03,3.27
2023-07-18,603230,12.03,11.87,12.04,11.83,20925,26842850.0,1.74,-1.41,-0.17,2.34
2023-07-19,603230,11.88,12.02,12.11,11.85,31250,40440209.0,2.19,1.26,0.15,3.5
2023-07-20,603230,12.02,11.85,12.09,11.83,24472,31491848.0,2.16,-1.41,-0.17,2.74
2023-07-21,603230,11.84,11.81,11.92,11.71,23736,30251123.0,1.77,-0.34,-0.04,2.66
2023-07-24,603230,11.85,11.84,12.05,11.81,28813,37036449.0,2.03,0.25,0.03,3.22
2023-07-25,603230,11.94,12.03,12.1,11.88,33003,42779168.0,1.86,1.6,0.19,3.69
2023-07-26,603230,12.08,11.79,12.09,11.74,34729,44397638.0,2.91,-2.0,-0.24,3.88
2023-07-27,603230,11.86,11.52,11.86,11.51,36818,46259151.0,2.97,-2.29,-0.27,4.12
2023-07-28,603230,11.49,11.4,11.52,11.33,32685,40314278.0,1.65,-1.04,-0.12,3.66
2023-07-31,603230,11.4,11.75,11.83,11.4,45174,56909692.0,3.77,3.07,0.35,5.05
2023-08-01,603230,11.73,11.76,11.81,11.61,30669,38804235.0,1.7,0.09,0.01,3.43
2023-08-02,603230,11.72,11.54,11.72,11.48,24795,30939702.0,2.04,-1.87,-0.22,2.77
2023-08-03,603230,11.5,11.47,11.64,11.46,24772,30877030.0,1.56,-0.61,-0.07,2.77
2023-08-04,603230,11.47,11.59,11.71,11.47,36028,45229335.0,2.09,1.05,0.12,4.03
2023-08-07,603230,11.58,11.81,11.89,11.57,50218,63717406.0,2.76,1.9,0.22,5.62
2023-08-08,603230,11.82,12.02,12.22,11.73,73877,96107065.0,4.15,1.78,0.21,8.26
2023-08-09,603230,11.96,11.63,12.12,11.58,46669,59393490.0,4.49,-3.24,-0.39,5.22
2023-08-10,603230,11.68,11.56,11.87,11.49,35974,45205907.0,3.27,-0.6,-0.07,4.02
2023-08-11,603230,11.54,11.37,11.71,11.37,37943,47252205.0,2.94,-1.64,-0.19,4.24
2023-08-14,603230,11.37,11.7,11.72,11.13,46967,58315554.0,5.19,2.9,0.33,5.25
2023-08-15,603230,11.66,11.55,11.81,11.49,26239,32822322.0,2.74,-1.28,-0.15,2.94
2023-08-16,603230,11.56,11.4,11.57,11.29,28649,35383357.0,2.42,-1.3,-0.15,3.2
2023-08-17,603230,11.38,11.45,11.49,11.18,23941,29440766.0,2.72,0.44,0.05,2.68
2023-08-18,603230,11.39,11.25,11.51,11.25,24181,29779721.0,2.27,-1.75,-0.2,2.7
2023-08-21,603230,11.28,11.47,11.59,11.25,38727,48062661.0,3.02,1.96,0.22,4.33
2023-08-22,603230,11.44,11.65,11.66,11.36,36686,45761889.0,2.62,1.57,0.18,4.1
2023-08-23,603230,11.5,11.39,11.6,11.03,55422,68186799.0,4.89,-2.23,-0.26,6.2
2023-08-24,603230,11.39,11.62,11.78,11.27,61135,76513076.0,4.48,2.02,0.23,6.84
2023-08-25,603230,11.59,11.21,11.6,11.14,52558,64425215.0,3.96,-3.53,-0.41,5.88
2023-08-28,603230,11.78,11.21,11.87,11.2,50041,61751541.0,5.98,0.0,0.0,5.6
2023-08-29,603230,11.21,11.67,11.72,11.17,71373,89241639.0,4.91,4.1,0.46,7.98
2023-08-30,603230,11.66,11.61,11.82,11.43,40778,51029516.0,3.34,-0.51,-0.06,4.56
2023-08-31,603230,11.57,11.45,11.61,11.42,29952,37236638.0,1.64,-1.38,-0.16,3.35
2023-09-01,603230,11.54,11.39,11.54,11.3,29212,36004423.0,2.1,-0.52,-0.06,3.27
2023-09-04,603230,11.43,11.44,11.48,11.32,33262,40949098.0,1.4,0.44,0.05,3.72
2023-09-05,603230,11.38,11.22,11.39,11.18,38150,46451176.0,1.84,-1.92,-0.22,4.27
2023-09-06,603230,11.2,11.1,11.2,11.02,32087,38556985.0,1.6,-1.07,-0.12,3.59
2023-09-07,603230,11.12,11.07,11.23,11.03,27641,33377149.0,1.8,-0.27,-0.03,3.09
2023-09-08,603230,11.04,10.64,11.08,10.57,47154,54919138.0,4.61,-3.88,-0.43,5.27
2023-09-11,603230,10.6,10.8,10.85,10.6,20979,24497684.0,2.35,1.5,0.16,2.35
2023-09-12,603230,10.77,10.72,10.8,10.67,13854,16137929.0,1.2,-0.74,-0.08,1.55
2023-09-13,603230,10.66,10.62,10.7,10.54,18152,20951806.0,1.49,-0.93,-0.1,2.03
2023-09-14,603230,10.59,10.61,10.63,10.53,16174,18617135.0,0.94,-0.09,-0.01,1.81
2023-09-15,603230,10.61,10.67,10.75,10.61,14400,16714158.0,1.32,0.57,0.06,1.61
2023-09-18,603230,10.63,10.84,10.87,10.55,19169,22421633.0,3.0,1.59,0.17,2.14
2023-09-19,603230,10.84,10.7,10.88,10.7,11255,13164625.0,1.66,-1.29,-0.14,1.26
2023-09-20,603230,10.68,10.71,10.89,10.68,13860,16235332.0,1.96,0.09,0.01,1.55
2023-09-21,603230,10.65,10.47,10.69,10.4,16400,18807076.0,2.71,-2.24,-0.24,1.83
2023-09-22,603230,10.47,10.87,10.9,10.45,30958,36249454.0,4.3,3.82,0.4,3.46
2023-09-25,603230,10.86,10.77,10.96,10.73,15928,18724629.0,2.12,-0.92,-0.1,1.78
2023-09-26,603230,10.8,10.79,10.9,10.74,11150,13115026.0,1.49,0.19,0.02,1.25
2023-09-27,603230,10.79,10.82,10.9,10.74,14998,17651825.0,1.48,0.28,0.03,1.68
2023-09-28,603230,10.86,10.92,10.97,10.85,18097,21442117.0,1.11,0.92,0.1,2.02
2023-10-09,603230,10.91,10.73,10.91,10.68,21689,25293979.0,2.11,-1.74,-0.19,2.43
2023-10-10,603230,10.73,10.8,10.89,10.73,14124,16604523.0,1.49,0.65,0.07,1.58
2023-10-11,603230,10.82,10.97,11.12,10.66,33387,39727483.0,4.26,1.57,0.17,3.73
2023-10-12,603230,10.98,10.89,11.06,10.79,26530,31373953.0,2.46,-0.73,-0.08,2.97
2023-10-13,603230,10.82,10.81,11.16,10.77,23182,27469603.0,3.58,-0.73,-0.08,2.59
2023-10-16,603230,10.82,10.72,10.9,10.63,21357,24948384.0,2.5,-0.83,-0.09,2.39
2023-10-17,603230,10.85,10.65,10.86,10.55,26408,30672510.0,2.89,-0.65,-0.07,2.95
2023-10-18,603230,10.69,10.28,10.7,10.24,24212,27239506.0,4.32,-3.47,-0.37,2.71
2023-10-19,603230,10.24,10.22,10.42,10.22,14429,16216626.0,1.95,-0.58,-0.06,1.61
2023-10-20,603230,10.26,10.11,10.31,10.08,14316,15915878.0,2.25,-1.08,-0.11,1.6
2023-10-23,603230,10.14,9.8,10.17,9.76,15075,16373072.0,4.06,-3.07,-0.31,1.69
2023-10-24,603230,9.81,10.28,10.3,9.81,26555,29463654.0,5.0,4.9,0.48,2.97
2023-10-25,603230,10.31,10.46,10.51,10.25,21687,24658818.0,2.53,1.75,0.18,2.43
2023-10-26,603230,10.34,10.49,10.52,10.26,20534,23223726.0,2.49,0.29,0.03,2.3
2023-10-27,603230,10.77,11.03,11.15,10.75,79320,94553265.0,3.81,5.15,0.54,8.87
2023-10-30,603230,11.04,11.11,11.25,10.99,44657,53747855.0,2.36,0.73,0.08,5.0
2023-10-31,603230,11.17,11.04,11.23,10.95,28316,33913818.0,2.52,-0.63,-0.07,3.17
2023-11-01,603230,11.05,11.22,11.25,10.97,32774,39678086.0,2.54,1.63,0.18,3.67
2023-11-02,603230,11.22,11.3,11.43,11.13,34736,42572232.0,2.67,0.71,0.08,3.89
2023-11-03,603230,11.32,11.33,11.41,11.18,35054,42939281.0,2.04,0.27,0.03,3.92
2023-11-06,603230,11.35,11.59,11.62,11.33,34563,43079456.0,2.56,2.29,0.26,3.87
2023-11-07,603230,11.58,11.79,11.89,11.52,46158,58614680.0,3.19,1.73,0.2,5.16
2023-11-08,603230,11.81,11.97,12.16,11.76,52034,67321718.0,3.39,1.53,0.18,5.82
2023-11-09,603230,12.06,11.83,12.11,11.78,44414,57007461.0,2.76,-1.17,-0.14,4.97
2023-11-10,603230,11.82,11.58,11.82,11.56,30193,37953401.0,2.2,-2.11,-0.25,3.38
2023-11-13,603230,11.68,11.86,11.95,11.67,33409,42680335.0,2.42,2.42,0.28,3.74
2023-11-14,603230,11.81,11.73,11.84,11.67,20083,25414383.0,1.43,-1.1,-0.13,2.25
2023-11-15,603230,11.81,11.86,11.92,11.73,25048,31985292.0,1.62,1.11,0.13,2.8
2023-11-16,603230,11.78,11.94,12.06,11.69,28523,36725451.0,3.12,0.67,0.08,3.19
2023-11-17,603230,12.01,12.0,12.16,11.87,34683,45004181.0,2.43,0.5,0.06,3.88
2023-11-20,603230,12.0,12.01,12.11,11.91,21592,27959763.0,1.67,0.08,0.01,2.42
2023-11-21,603230,12.01,12.09,12.22,12.01,30885,40376060.0,1.75,0.67,0.08,3.45
2023-11-22,603230,12.08,12.08,12.22,12.06,27769,36306924.0,1.32,-0.08,-0.01,3.11
2023-11-23,603230,12.01,12.02,12.12,11.91,31390,40634886.0,1.74,-0.5,-0.06,3.51
2023-11-24,603230,12.04,11.99,12.16,11.91,28247,36655402.0,2.08,-0.25,-0.03,3.16
2023-11-27,603230,11.87,11.97,12.01,11.77,32421,41608906.0,2.0,-0.17,-0.02,3.63
2023-11-28,603230,11.89,11.92,11.99,11.78,20279,26001150.0,1.75,-0.42,-0.05,2.27
2023-11-29,603230,11.95,11.82,11.96,11.79,19644,25160211.0,1.43,-0.84,-0.1,2.2
2023-11-30,603230,11.8,11.83,11.94,11.7,20528,26183242.0,2.03,0.08,0.01,2.3
2023-12-01,603230,11.82,12.27,12.32,11.81,50657,66420307.0,4.31,3.72,0.44,5.67
2023-12-04,603230,12.3,12.21,12.45,12.2,40947,54206490.0,2.04,-0.49,-0.06,4.58
2023-12-05,603230,12.2,12.09,12.39,12.07,31958,41933759.0,2.62,-0.98,-0.12,3.57
2023-12-06,603230,12.07,12.44,12.52,11.92,67803,89980950.0,4.96,2.89,0.35,7.58
2023-12-07,603230,12.28,13.33,13.78,12.27,278536,396500692.0,12.14,7.15,0.89,31.16
2023-12-08,603230,13.22,14.1,14.76,12.63,388395,577042295.0,15.98,5.78,0.77,43.44
2023-12-11,603230,13.33,14.16,14.32,13.27,311887,457084389.0,7.45,0.43,0.06,34.89
2023-12-12,603230,14.07,14.06,14.31,13.62,237364,352099082.0,4.87,-0.71,-0.1,26.55
2023-12-13,603230,13.77,14.7,15.53,13.7,336597,529637855.0,13.02,4.55,0.64,37.65
2023-12-14,603230,15.47,16.26,16.26,15.07,184140,311551408.0,8.1,10.61,1.56,20.6
2023-12-15,603230,17.98,17.98,17.98,17.98,24604,46526164.0,0.0,10.58,1.72,2.75
2023-12-18,603230,19.87,19.87,19.87,19.87,10935,22745653.0,0.0,10.51,1.89,1.22
2023-12-19,603230,19.41,19.47,21.95,18.09,596703,1243527480.0,19.43,-2.01,-0.4,66.74
2023-12-20,603230,17.43,17.43,19.33,17.43,473036,890045145.0,9.76,-10.48,-2.04,52.91
2023-12-21,603230,16.45,15.6,16.75,15.59,403358,682075406.0,6.66,-10.5,-1.83,45.12
2023-12-22,603230,15.24,13.95,15.46,13.95,330137,513814761.0,9.68,-10.58,-1.65,36.93
2023-12-25,603230,13.57,14.3,14.4,13.5,220626,329309257.0,6.45,2.51,0.35,24.68
2023-12-26,603230,14.32,14.81,15.16,14.23,252126,396403684.0,6.5,3.57,0.51,28.2
2023-12-27,603230,14.89,14.17,14.97,13.99,190164,288346493.0,6.62,-4.32,-0.64,21.27
2023-12-28,603230,14.09,14.33,14.75,13.98,185834,285305220.0,5.43,1.13,0.16,20.79
2023-12-29,603230,14.22,14.57,14.74,14.22,153992,237759058.0,3.63,1.67,0.24,17.22
2024-01-02,603230,14.57,14.4,14.74,14.4,107441,166092375.0,2.33,-1.17,-0.17,12.02
2024-01-03,603230,14.36,15.04,15.15,14.28,260460,410628301.0,6.04,4.44,0.64,29.13
2024-01-04,603230,15.01,14.6,15.02,14.38,168829,262576780.0,4.26,-2.93,-0.44,18.88
2024-01-05,603230,14.52,14.12,14.61,13.98,160062,243083834.0,4.32,-3.29,-0.48,17.9
2024-01-08,603230,14.21,14.04,14.35,14.03,94334,142216934.0,2.27,-0.57,-0.08,10.55
2024-01-09,603230,14.16,14.04,14.34,13.81,116364,173951168.0,3.77,0.0,0.0,13.02
2024-01-10,603230,14.04,13.7,14.04,13.44,108254,158286351.0,4.27,-2.42,-0.34,12.11
2024-01-11,603230,13.67,13.98,14.02,13.66,73137,108372563.0,2.63,2.04,0.28,8.18
2024-01-12,603230,13.88,13.58,14.15,13.54,80689,118114248.0,4.36,-2.86,-0.4,9.03
2024-01-15,603230,13.61,13.85,13.9,13.5,81579,119894016.0,2.95,1.99,0.27,9.13
2024-01-16,603230,13.77,13.61,13.88,13.37,80744,116906157.0,3.68,-1.73,-0.24,9.03
2024-01-17,603230,13.57,13.32,13.65,13.25,53540,77201151.0,2.94,-2.13,-0.29,5.99
2024-01-18,603230,13.26,13.11,13.36,12.74,72267,100570173.0,4.65,-1.58,-0.21,8.08
2024-01-19,603230,13.07,13.14,13.55,13.07,84656,120582270.0,3.66,0.23,0.03,9.47
2024-01-22,603230,13.14,12.22,13.24,12.15,86267,116988763.0,8.3,-7.0,-0.92,9.65
2024-01-23,603230,12.12,12.34,12.48,11.97,72525,95423863.0,4.17,0.98,0.12,8.11
2024-01-24,603230,12.42,12.71,12.76,12.21,72469,97301155.0,4.46,3.0,0.37,8.11
2024-01-25,603230,12.75,13.77,13.87,12.53,140574,201575161.0,10.54,8.34,1.06,15.72
2024-01-26,603230,13.72,13.64,13.98,13.46,149525,219011097.0,3.78,-0.94,-0.13,16.73
2024-01-29,603230,13.57,13.07,13.72,13.02,95184,135020832.0,5.13,-4.18,-0.57,10.65
2024-01-30,603230,12.95,12.47,13.06,12.37,58740,80218797.0,5.28,-4.59,-0.6,6.57
2024-01-31,603230,12.45,13.81,13.81,12.39,68502,97682445.0,11.39,10.75,1.34,7.66
2024-02-01,603230,14.09,13.67,14.95,12.83,412380,609263871.0,15.35,-1.01,-0.14,46.13
2024-02-02,603230,13.48,14.55,15.13,13.29,454055,701668165.0,13.46,6.44,0.88,50.79
2024-02-05,603230,13.77,13.0,14.44,13.0,181942,268731205.0,9.9,-10.65,-1.55,20.35
2024-02-06,603230,11.61,11.61,12.01,11.61,217180,274078025.0,3.08,-10.69,-1.39,24.29
2024-02-07,603230,11.46,10.36,11.49,10.36,226713,260057525.0,9.73,-10.77,-1.25,25.36
2024-02-08,603230,9.88,10.7,10.93,9.35,197141,221421496.0,15.25,3.28,0.34,22.05
2024-02-19,603230,10.7,11.46,11.56,10.7,192758,234190778.0,8.04,7.1,0.76,21.56
2024-02-20,603230,11.31,11.84,11.96,11.15,179895,225985492.0,7.07,3.32,0.38,20.12
2024-02-21,603230,11.57,11.74,12.27,11.42,185857,238324587.0,7.18,-0.84,-0.1,20.79
2024-02-22,603230,11.77,12.15,12.16,11.77,118112,152699456.0,3.32,3.49,0.41,13.21
2024-02-23,603230,12.17,12.65,12.73,11.97,139625,186086754.0,6.26,4.12,0.5,15.62
2024-02-26,603230,12.47,12.67,12.97,12.22,137098,184495740.0,5.93,0.16,0.02,15.34
2024-02-27,603230,12.52,13.05,13.05,12.38,118373,162531528.0,5.29,3.0,0.38,13.24
2024-02-28,603230,13.05,11.97,13.51,11.79,191075,261077109.0,13.18,-8.28,-1.08,21.37
2024-02-29,603230,11.75,12.28,12.36,11.75,120627,157419692.0,5.1,2.59,0.31,13.49
2024-03-01,603230,12.31,12.45,12.48,12.05,109516,144422882.0,3.5,1.38,0.17,12.25
2024-03-04,603230,12.48,12.33,12.52,11.9,83191,109432776.0,4.98,-0.96,-0.12,9.31
2024-03-05,603230,12.3,12.49,12.84,12.05,120097,160591346.0,6.41,1.3,0.16,13.43
2024-03-06,603230,12.37,12.53,12.72,12.22,100715,135182341.0,4.0,0.32,0.04,11.27
2024-03-07,603230,12.54,12.16,12.6,12.02,87743,116432449.0,4.63,-2.95,-0.37,9.81
2024-03-08,603230,12.17,12.47,12.55,12.07,80224,106687235.0,3.95,2.55,0.31,8.97
2024-03-11,603230,12.45,12.51,12.51,12.27,62721,83638930.0,1.92,0.32,0.04,7.02
2024-03-12,603230,12.51,12.63,12.69,12.33,82775,111559069.0,2.88,0.96,0.12,9.26
2024-03-13,603230,12.6,13.03,13.28,12.6,170026,236878191.0,5.38,3.17,0.4,19.02
2024-03-14,603230,12.88,13.54,13.57,12.72,223130,314396429.0,6.52,3.91,0.51,24.96
2024-03-15,603230,13.37,13.22,13.54,13.07,166363,235477549.0,3.47,-2.36,-0.32,18.61
2024-03-18,603230,13.22,13.33,13.34,13.01,150351,212346169.0,2.5,0.83,0.11,16.82
2024-03-19,603230,13.38,13.13,13.91,13.13,169640,243991334.0,5.85,-1.5,-0.2,18.98
2024-03-20,603230,13.31,13.53,13.53,13.15,173182,247797607.0,2.89,3.05,0.4,19.37
2024-03-21,603230,13.75,13.8,14.28,13.71,224819,332977438.0,4.21,2.0,0.27,25.15
2024-03-22,603230,13.6,14.63,15.27,13.58,320298,488719855.0,12.25,6.01,0.83,35.83
2024-03-25,603230,14.51,13.45,14.52,13.39,229800,342418816.0,7.72,-8.07,-1.18,25.7
2024-03-26,603230,13.52,14.89,14.89,13.52,219824,345155265.0,10.19,10.71,1.44,24.59
2024-03-27,603230,14.96,14.94,15.72,14.0,427130,669772869.0,11.55,0.34,0.05,47.78
2024-03-28,603230,14.25,14.87,15.05,13.87,266349,412929388.0,7.9,-0.47,-0.07,29.79
2024-03-29,603230,14.48,14.48,14.73,14.17,153098,235164828.0,3.77,-2.62,-0.39,17.12
2024-04-01,603230,14.58,14.62,14.62,14.2,146618,224826325.0,2.9,0.97,0.14,16.4
2024-04-02,603230,14.47,13.97,14.52,13.63,151617,226407571.0,6.09,-4.45,-0.65,16.96
2024-04-03,603230,13.82,13.16,13.83,13.1,123183,175787742.0,5.23,-5.8,-0.81,13.78
2024-04-08,603230,13.07,12.77,13.14,12.59,82114,113431653.0,4.18,-2.96,-0.39,9.18
2024-04-09,603230,12.78,13.03,13.09,12.7,63904,88431310.0,3.05,2.04,0.26,7.15
2024-04-10,603230,12.87,12.22,12.9,12.12,109567,146331234.0,5.99,-6.22,-0.81,12.26
2024-04-11,603230,12.07,12.55,12.85,11.9,102806,139041787.0,7.77,2.7,0.33,11.5
2024-04-12,603230,12.47,12.16,12.61,12.11,72535,96048781.0,3.98,-3.11,-0.39,8.11
2024-04-15,603230,12.16,11.77,12.27,11.43,88150,112435957.0,6.91,-3.21,-0.39,9.86
2024-04-16,603230,11.75,11.22,11.86,11.19,83936,103404007.0,5.69,-4.67,-0.55,9.39
2024-04-17,603230,11.39,11.99,12.04,11.39,87437,111526433.0,5.79,6.86,0.77,9.78
2024-04-18,603230,11.9,11.8,12.03,11.76,63138,80928053.0,2.25,-1.58,-0.19,7.06
2024-04-19,603230,11.65,11.95,11.99,11.65,56030,71715612.0,2.88,1.27,0.15,6.27
2024-04-22,603230,11.88,11.72,11.96,11.57,39630,50256611.0,3.26,-1.92,-0.23,4.43
2024-04-23,603230,11.72,11.77,11.89,11.72,44083,56143240.0,1.45,0.43,0.05,4.93
2024-04-24,603230,11.82,12.16,12.23,11.73,76923,99830220.0,4.25,3.31,0.39,8.6
2024-04-25,603230,12.03,12.03,12.06,11.93,58765,75920359.0,1.07,-1.07,-0.13,6.57
2024-04-26,603230,11.98,12.29,12.32,11.95,75930,99597251.0,3.08,2.16,0.26,8.49
2024-04-29,603230,12.28,12.57,12.69,12.21,68374,91995626.0,3.91,2.28,0.28,7.65
2024-04-30,603230,12.48,12.48,12.71,12.36,58645,78920263.0,2.78,-0.72,-0.09,6.56
2024-05-06,603230,12.65,12.82,12.87,12.55,81435,110988534.0,2.56,2.72,0.34,9.11
2024-05-07,603230,12.82,12.87,13.01,12.75,64054,88324270.0,2.03,0.39,0.05,7.16
2024-05-08,603230,12.81,12.47,12.81,12.45,66794,90302979.0,2.8,-3.11,-0.4,7.47
2024-05-09,603230,12.48,12.65,12.72,12.48,53068,71920258.0,1.92,1.44,0.18,5.94
2024-05-10,603230,12.67,12.46,12.74,12.4,47866,64319433.0,2.69,-1.5,-0.19,5.35
2024-05-13,603230,12.36,12.11,12.37,12.08,50167,65780752.0,2.33,-2.81,-0.35,5.61
2024-05-14,603230,12.21,12.49,12.55,12.19,56472,75308234.0,2.97,3.14,0.38,6.32
2024-05-15,603230,12.47,12.25,12.53,12.25,29829,39672801.0,2.24,-1.92,-0.24,3.34
2024-05-16,603230,12.28,12.46,12.61,12.28,49203,66021577.0,2.69,1.71,0.21,5.5
2024-05-17,603230,12.46,12.42,12.51,12.25,40436,53662567.0,2.09,-0.32,-0.04,4.52
2024-05-20,603230,12.42,12.46,12.56,12.24,44790,59967986.0,2.58,0.32,0.04,5.01
2024-05-21,603230,12.47,12.5,12.65,12.4,52454,70636375.0,2.01,0.32,0.04,5.87
2024-05-22,603230,12.51,12.6,12.7,12.43,53569,72412835.0,2.16,0.8,0.1,5.99
2024-05-23,603230,12.65,12.05,12.65,12.01,75447,99116635.0,5.08,-4.37,-0.55,8.44
2024-05-24,603230,11.99,11.86,12.17,11.85,38220,49439545.0,2.66,-1.58,-0.19,4.28
2024-05-27,603230,11.96,11.94,11.98,11.63,34847,44391646.0,2.95,0.67,0.08,3.9
2024-05-28,603230,11.93,11.7,11.93,11.68,25829,32808942.0,2.09,-2.01,-0.24,2.89
2024-05-29,603230,11.68,11.74,11.83,11.68,22062,28003470.0,1.28,0.34,0.04,2.47
2024-05-30,603230,11.65,11.7,11.9,11.53,25671,32598586.0,3.15,-0.34,-0.04,2.87
2024-05-31,603230,11.75,11.74,11.81,11.7,23407,29702342.0,0.94,0.34,0.04,2.62
2024-06-03,603230,11.79,11.77,11.94,11.63,45166,57496581.0,2.64,0.26,0.03,5.05
2024-06-04,603230,11.72,11.83,11.88,11.56,37584,47699470.0,2.72,0.51,0.06,4.2
2024-06-05,603230,11.82,11.35,11.82,11.35,44276,55407778.0,3.97,-4.06,-0.48,4.95
2024-06-06,603230,11.33,10.79,11.45,10.69,63649,75463668.0,6.7,-4.93,-0.56,7.12
2024-06-07,603230,10.95,11.18,11.18,10.92,46160,55301106.0,2.41,3.61,0.39,5.16
2024-06-11,603230,11.08,11.19,11.22,10.88,23194,27856252.0,3.04,0.09,0.01,2.59
2024-06-12,603230,11.18,11.67,11.78,11.15,57682,72101654.0,5.63,4.29,0.48,6.45
2024-06-13,603230,11.62,11.62,11.74,11.52,32637,40907881.0,1.89,-0.43,-0.05,3.65
2024-06-14,603230,11.65,11.7,11.82,11.55,32749,41339415.0,2.32,0.69,0.08,3.66
2024-06-17,603230,11.61,11.58,11.79,11.55,24692,31050029.0,2.05,-1.03,-0.12,2.76
2024-06-18,603230,11.57,11.6,11.72,11.49,25200,31540514.0,1.99,0.17,0.02,2.82
2024-06-19,603230,11.64,11.49,11.66,11.43,22937,28534207.0,1.98,-0.95,-0.11,2.57
2024-06-20,603230,11.52,11.12,11.52,11.05,24533,29859275.0,4.09,-3.22,-0.37,2.74
2024-06-21,603230,11.09,11.14,11.23,11.0,21616,26090955.0,2.07,0.18,0.02,2.42
2024-06-24,603230,11.05,10.7,11.12,10.66,30021,35192908.0,4.13,-3.95,-0.44,3.36
2024-06-25,603230,10.83,10.85,10.88,10.67,24389,28585870.0,1.96,1.4,0.15,2.73
2024-06-26,603230,10.85,11.28,11.28,10.85,35149,40681120.0,3.96,3.96,0.43,3.93
2024-06-27,603230,11.28,11.14,11.44,11.12,30449,35862036.0,2.84,-1.24,-0.14,3.41
2024-06-28,603230,11.17,11.06,11.26,10.99,24779,28847084.0,2.42,-0.72,-0.08,2.77
2024-07-01,603230,11.06,11.45,11.47,10.98,41289,48585488.0,4.43,3.53,0.39,4.62
2024-07-02,603230,11.45,11.44,11.5,11.32,21485,25559485.0,1.57,-0.09,-0.01,2.4
2024-07-03,603230,11.36,11.24,11.45,11.24,15248,18034800.0,1.84,-1.75,-0.2,1.71
2024-07-04,603230,11.26,10.94,11.31,10.9,20199,23278636.0,3.65,-2.67,-0.3,2.26
2024-07-05,603230,10.95,11.15,11.19,10.85,21293,24582376.0,3.11,1.92,0.21,2.38
2024-07-08,603230,11.12,10.7,11.13,10.67,21209,23998322.0,4.13,-4.04,-0.45,2.37
2024-07-09,603230,10.61,10.83,10.85,10.4,27404,30477227.0,4.21,1.21,0.13,3.07
2024-07-10,603230,10.79,10.67,10.84,10.62,17139,19180127.0,2.03,-1.48,-0.16,1.92
2024-07-11,603230,10.83,10.91,10.95,10.76,29873,33892415.0,1.78,2.25,0.24,3.34
2024-07-12,603230,10.93,10.78,11.04,10.76,24814,28165033.0,2.57,-1.19,-0.13,2.78
2024-07-15,603230,10.71,10.57,10.76,10.52,22887,25370934.0,2.23,-1.95,-0.21,2.56
2024-07-16,603230,10.64,10.44,10.64,10.39,21965,24019191.0,2.37,-1.23,-0.13,2.46
2024-07-17,603230,10.44,10.43,10.56,10.42,17481,19136317.0,1.34,-0.1,-0.01,1.96
2024-07-18,603230,10.43,10.4,10.46,10.14,23186,24929768.0,3.07,-0.29,-0.03,2.59
2024-07-19,603230,10.38,10.45,10.51,10.33,17712,19351224.0,1.73,0.48,0.05,1.98
2024-07-22,603230,10.45,10.4,10.51,10.31,17122,18634614.0,1.91,-0.48,-0.05,1.92
2024-07-23,603230,10.42,10.26,10.46,10.24,17790,19297567.0,2.12,-1.35,-0.14,1.99
2024-07-24,603230,10.27,10.1,10.3,10.08,16663,17758953.0,2.14,-1.56,-0.16,1.86
2024-07-25,603230,10.09,10.27,10.37,10.02,22965,24560550.0,3.47,1.68,0.17,2.57
2024-07-26,603230,10.27,10.48,10.55,10.23,18971,20683728.0,3.12,2.04,0.21,2.12
2024-07-29,603230,10.49,10.45,10.57,10.32,16311,17862138.0,2.39,-0.29,-0.03,1.82
2024-07-30,603230,10.4,10.47,10.54,10.38,14283,15648138.0,1.53,0.19,0.02,1.6
2024-07-31,603230,10.5,10.83,10.84,10.41,27432,30709720.0,4.11,3.44,0.36,3.07
2024-08-01,603230,10.82,10.7,10.89,10.63,35255,39431536.0,2.4,-1.2,-0.13,3.94
2024-08-02,603230,10.63,10.57,10.77,10.57,19368,21584590.0,1.87,-1.21,-0.13,2.17
2024-08-05,603230,10.48,10.41,10.76,10.38,23937,26470294.0,3.6,-1.51,-0.16,2.68
2024-08-06,603230,10.47,10.64,10.64,10.45,19682,21714565.0,1.83,2.21,0.23,2.2
2024-08-07,603230,10.61,10.71,10.77,10.56,19536,21828850.0,1.97,0.66,0.07,2.19
2024-08-08,603230,10.67,10.72,10.79,10.53,19791,22069345.0,2.43,0.09,0.01,2.21
2024-08-09,603230,10.75,10.57,10.77,10.54,17460,19439267.0,2.15,-1.4,-0.15,1.95
2024-08-12,603230,10.52,10.64,10.77,10.37,26958,29848648.0,3.78,0.66,0.07,3.02
2024-08-13,603230,10.64,10.62,10.69,10.43,17932,19761391.0,2.44,-0.19,-0.02,2.01
2024-08-14,603230,10.53,10.67,10.74,10.53,17039,18986363.0,1.98,0.47,0.05,1.91
2024-08-15,603230,10.66,10.78,10.87,10.6,24836,27968590.0,2.53,1.03,0.11,2.78
2024-08-16,603230,10.78,11.02,11.05,10.78,46852,53571118.0,2.5,2.23,0.24,5.24
2024-08-19,603230,11.01,11.16,11.22,10.96,38914,44987455.0,2.36,1.27,0.14,4.35
2024-08-20,603230,10.94,11.02,11.27,10.94,38873,44848208.0,2.96,-1.25,-0.14,4.35
2024-08-21,603230,10.98,10.9,11.13,10.88,23470,26941189.0,2.27,-1.09,-0.12,2.63
2024-08-22,603230,10.92,10.49,10.96,10.44,28965,32230225.0,4.77,-3.76,-0.41,3.24
2024-08-23,603230,10.49,10.38,10.57,10.22,20992,22793734.0,3.34,-1.05,-0.11,2.35
2024-08-26,603230,10.37,10.3,10.44,10.18,24122,25984626.0,2.5,-0.77,-0.08,2.7
2024-08-27,603230,10.22,10.2,10.36,10.18,15322,16436418.0,1.75,-0.97,-0.1,1.71
2024-08-28,603230,9.74,9.46,9.78,9.25,52063,51929347.0,5.2,-7.25,-0.74,5.82
2024-08-29,603230,9.44,9.7,9.73,9.37,35921,36264036.0,3.81,2.54,0.24,4.02
2024-08-30,603230,9.71,9.97,10.08,9.65,29884,31020635.0,4.43,2.78,0.27,3.34
2024-09-02,603230,9.97,9.62,9.98,9.62,25510,26121737.0,3.61,-3.51,-0.35,2.85
2024-09-03,603230,9.71,9.62,9.75,9.56,18045,18254522.0,1.98,0.0,0.0,2.02
2024-09-04,603230,9.62,9.58,9.67,9.5,16907,17026248.0,1.77,-0.42,-0.04,1.89
2024-09-05,603230,9.58,9.81,9.83,9.57,19880,20331956.0,2.71,2.4,0.23,2.22
2024-09-06,603230,9.77,9.76,9.97,9.71,19417,20028102.0,2.65,-0.51,-0.05,2.17
2024-09-09,603230,9.71,9.8,9.87,9.64,14507,14889448.0,2.36,0.41,0.04,1.62
2024-09-10,603230,9.89,9.86,9.89,9.63,16129,16486416.0,2.65,0.61,0.06,1.8
2024-09-11,603230,9.84,9.79,9.86,9.72,11144,11430689.0,1.42,-0.71,-0.07,1.25
2024-09-12,603230,9.76,9.73,9.9,9.73,12107,12459171.0,1.74,-0.61,-0.06,1.35
2024-09-13,603230,9.74,9.58,9.8,9.57,14107,14290304.0,2.36,-1.54,-0.15,1.58
2024-09-18,603230,9.61,9.57,9.65,9.38,17359,17356216.0,2.82,-0.1,-0.01,1.94
2024-09-19,603230,9.52,9.75,9.8,9.52,16052,16334199.0,2.93,1.88,0.18,1.8
2024-09-20,603230,9.68,9.7,9.8,9.68,11123,11343695.0,1.23,-0.51,-0.05,1.24
2024-09-23,603230,9.71,9.67,9.81,9.64,15717,16041584.0,1.75,-0.31,-0.03,1.76
2024-09-24,603230,9.74,10.04,10.05,9.69,23670,24527491.0,3.72,3.83,0.37,2.65
2024-09-25,603230,10.12,10.24,10.53,10.12,32334,35036703.0,4.08,1.99,0.2,3.62
2024-09-26,603230,10.23,10.47,10.5,10.18,24615,26672999.0,3.13,2.25,0.23,2.75
2024-09-27,603230,10.54,10.88,10.94,10.48,26595,29746404.0,4.39,3.92,0.41,2.97
2024-09-30,603230,11.18,11.69,11.8,10.97,95177,113498589.0,7.63,7.44,0.81,10.65
2024-10-08,603230,12.89,12.03,12.89,11.55,112868,142359234.0,11.46,2.91,0.34,12.62
2024-10-09,603230,11.72,10.92,11.72,10.8,76823,90602326.0,7.65,-9.23,-1.11,8.59
2024-10-10,603230,11.08,11.27,11.42,10.77,57028,66470209.0,5.95,3.21,0.35,6.38
2024-10-11,603230,11.22,10.8,11.22,10.71,33791,38592790.0,4.53,-4.17,-0.47,3.78
2024-10-14,603230,10.84,10.98,11.01,10.63,30840,35008055.0,3.52,1.67,0.18,3.45
2024-10-15,603230,10.93,10.84,11.14,10.81,29761,34049535.0,3.01,-1.28,-0.14,3.33
2024-10-16,603230,10.67,10.8,10.98,10.66,28689,32468507.0,2.95,-0.37,-0.04,3.21
2024-10-17,603230,10.82,10.65,11.02,10.65,32446,36611177.0,3.43,-1.39,-0.15,3.63
2024-10-18,603230,10.7,10.79,10.91,10.55,44168,49571770.0,3.38,1.31,0.14,4.94
2024-10-21,603230,10.83,10.86,10.96,10.74,41434,46971548.0,2.04,0.65,0.07,4.63
2024-10-22,603230,10.82,11.17,11.31,10.81,61485,71269758.0,4.6,2.85,0.31,6.88
2024-10-23,603230,11.16,10.96,11.16,10.91,47258,54380344.0,2.24,-1.88,-0.21,5.29
2024-10-24,603230,10.85,10.92,11.0,10.85,24762,28194389.0,1.37,-0.36,-0.04,2.77
2024-10-25,603230,10.92,11.21,11.21,10.88,42808,49586652.0,3.02,2.66,0.29,4.79
2024-10-28,603230,11.15,11.54,11.54,11.15,51305,60848847.0,3.48,2.94,0.33,5.74
2024-10-29,603230,11.67,11.24,11.72,11.2,47430,56276171.0,4.51,-2.6,-0.3,5.31
2024-10-30,603230,11.45,11.61,11.87,11.35,98977,120273887.0,4.63,3.29,0.37,11.07
2024-10-31,603230,11.66,11.72,11.87,11.54,66890,81765102.0,2.84,0.95,0.11,7.48
2024-11-01,603230,11.69,11.39,11.69,11.26,58142,69618959.0,3.67,-2.82,-0.33,6.5
2024-11-04,603230,11.44,11.48,11.55,11.38,29795,35605266.0,1.49,0.79,0.09,3.33
2024-11-05,603230,11.45,11.64,11.65,11.4,53233,63821947.0,2.18,1.39,0.16,5.95
2024-11-06,603230,11.54,11.68,11.78,11.51,49890,60586457.0,2.32,0.34,0.04,5.58
2024-11-07,603230,11.68,12.0,12.0,11.64,60518,74720828.0,3.08,2.74,0.32,6.77
2024-11-08,603230,12.02,11.82,12.09,11.76,53433,66115186.0,2.75,-1.5,-0.18,5.98
2024-11-11,603230,11.77,12.09,12.11,11.75,46505,57878798.0,3.05,2.28,0.27,5.2
2024-11-12,603230,12.07,12.55,12.72,12.01,132011,170553494.0,5.87,3.8,0.46,14.77
2024-11-13,603230,12.67,12.55,12.8,12.31,106727,139148951.0,3.9,0.0,0.0,11.94
2024-11-14,603230,12.46,12.1,12.56,12.05,62342,79484733.0,4.06,-3.59,-0.45,6.97
2024-11-15,603230,12.02,12.29,12.65,12.02,76751,99059074.0,5.21,1.57,0.19,8.59
2024-11-18,603230,12.3,12.13,12.67,12.02,84515,108129737.0,5.29,-1.3,-0.16,9.45
2024-11-19,603230,12.14,12.19,12.21,11.83,53487,66807048.0,3.13,0.49,0.06,5.98
2024-11-20,603230,12.1,12.41,12.5,12.08,61799,79459841.0,3.45,1.8,0.22,6.91
2024-11-21,603230,12.45,12.32,12.63,12.16,72314,93256172.0,3.79,-0.73,-0.09,8.09
2024-11-22,603230,12.27,11.91,12.47,11.88,59525,75577577.0,4.79,-3.33,-0.41,6.66
2024-11-25,603230,11.92,12.17,12.24,11.73,51110,63873733.0,4.28,2.18,0.26,5.72
2024-11-26,603230,12.17,12.12,12.41,12.08,43225,54964362.0,2.71,-0.41,-0.05,4.83
2024-11-27,603230,12.16,12.39,12.39,11.77,50622,63829210.0,5.12,2.23,0.27,5.66
2024-11-28,603230,12.39,12.36,12.6,12.3,44466,57409213.0,2.42,-0.24,-0.03,4.97
2024-11-29,603230,12.35,12.51,12.64,12.3,54610,70925515.0,2.75,1.21,0.15,6.11
2024-12-02,603230,12.5,12.5,12.6,12.4,66778,86715835.0,1.6,-0.08,-0.01,7.47
2024-12-03,603230,12.52,12.48,12.56,12.32,44243,57267932.0,1.92,-0.16,-0.02,4.95
2024-12-04,603230,12.52,12.71,12.92,12.37,107081,141662270.0,4.41,1.84,0.23,11.98
2024-12-05,603230,12.55,12.68,12.82,12.53,64270,84698478.0,2.28,-0.24,-0.03,7.19
2024-12-06,603230,12.66,13.61,14.0,12.66,260654,365633559.0,10.57,7.33,0.93,29.16
2024-12-09,603230,13.38,13.37,13.7,13.25,159183,221488041.0,3.31,-1.76,-0.24,17.81
2024-12-10,603230,13.67,13.25,13.72,13.14,124654,172705851.0,4.34,-0.9,-0.12,13.94
2024-12-11,603230,13.21,13.63,13.77,13.2,100274,140242732.0,4.3,2.87,0.38,11.22
2024-12-12,603230,13.8,13.45,13.82,13.28,74778,104237721.0,3.96,-1.32,-0.18,8.36
2024-12-13,603230,13.39,13.55,13.77,13.29,104177,146932466.0,3.57,0.74,0.1,11.65
2024-12-16,603230,13.5,14.18,14.2,13.27,140469,201608951.0,6.86,4.65,0.63,15.71
2024-12-17,603230,14.03,13.07,14.03,13.05,124438,171772145.0,6.91,-7.83,-1.11,13.92
2024-12-18,603230,13.24,13.03,13.3,12.88,59277,80247453.0,3.21,-0.31,-0.04,6.63
2024-12-19,603230,12.83,12.8,12.99,12.57,52270,69223180.0,3.22,-1.77,-0.23,5.85
2024-12-20,603230,12.9,12.69,12.98,12.69,40525,53894513.0,2.27,-0.86,-0.11,4.53
2024-12-23,603230,12.78,12.03,12.78,11.96,62071,78710500.0,6.46,-5.2,-0.66,6.94
2024-12-24,603230,12.12,12.34,12.36,11.96,38653,48863530.0,3.33,2.58,0.31,1.09
2024-12-25,603230,12.28,12.2,12.5,12.1,35326,45011292.0,3.24,-1.13,-0.14,1.0
2024-12-26,603230,12.12,12.66,12.72,12.12,37603,48763769.0,4.92,3.77,0.46,1.06
2024-12-27,603230,12.56,12.57,12.82,12.5,35023,45808472.0,2.53,-0.71,-0.09,0.99
2024-12-30,603230,12.57,12.52,12.73,12.23,26380,34278319.0,3.98,-0.4,-0.05,0.75
2024-12-31,603230,12.57,12.18,12.67,12.13,31803,40907345.0,4.31,-2.72,-0.34,0.9
2025-01-02,603230,12.17,12.39,12.77,12.07,48508,62884758.0,5.75,1.72,0.21,1.37
2025-01-03,603230,12.38,11.89,12.46,11.82,52398,65731928.0,5.17,-4.04,-0.5,1.48
2025-01-06,603230,11.89,11.42,11.93,11.34,41465,49833098.0,4.96,-3.95,-0.47,1.17
2025-01-07,603230,11.56,11.38,11.57,11.17,42773,50498258.0,3.5,-0.35,-0.04,1.21
2025-01-08,603230,11.38,11.39,11.46,11.08,38436,45248665.0,3.34,0.09,0.01,1.09
2025-01-09,603230,11.32,11.21,11.44,11.2,22298,26241544.0,2.11,-1.58,-0.18,0.63
2025-01-10,603230,11.27,10.82,11.27,10.82,27108,31233584.0,4.01,-3.48,-0.39,0.77
2025-01-13,603230,10.77,10.72,10.88,10.44,25981,28969755.0,4.07,-0.92,-0.1,0.73
2025-01-14,603230,10.76,11.17,11.17,10.76,31189,35907339.0,3.82,4.2,0.45,0.88
2025-01-15,603230,11.22,11.25,11.37,11.15,34865,40960240.0,1.97,0.72,0.08,0.99
2025-01-16,603230,11.25,11.43,11.61,11.25,37219,44486485.0,3.2,1.6,0.18,1.05
2025-01-17,603230,11.43,11.39,11.48,11.24,20474,24309209.0,2.1,-0.35,-0.04,0.58
2025-01-20,603230,11.45,11.55,11.66,11.36,20604,24778056.0,2.63,1.4,0.16,0.58
2025-01-21,603230,11.53,11.47,11.64,11.38,14954,17887743.0,2.25,-0.69,-0.08,0.42
2025-01-22,603230,11.38,11.2,11.48,11.17,25541,30075630.0,2.7,-2.35,-0.27,0.72
2025-01-23,603230,11.31,11.34,11.49,11.24,27735,32940189.0,2.23,1.25,0.14,0.78
2025-01-24,603230,11.33,11.54,11.55,11.27,21888,26085900.0,2.47,1.76,0.2,0.62
2025-01-27,603230,11.55,11.66,11.88,11.55,26542,32484132.0,2.86,1.04,0.12,0.75
2025-02-05,603230,11.66,11.44,11.77,11.29,52006,62218479.0,4.12,-1.89,-0.22,1.47
2025-02-06,603230,11.4,11.72,11.72,11.35,33322,40179085.0,3.23,2.45,0.28,0.94
2025-02-07,603230,11.66,11.77,11.87,11.57,38407,46963418.0,2.56,0.43,0.05,1.09
2025-02-10,603230,11.8,11.9,11.96,11.74,32512,40094749.0,1.87,1.1,0.13,0.92
2025-02-11,603230,11.9,12.0,12.03,11.83,33179,41232467.0,1.68,0.84,0.1,0.94
2025-02-12,603230,11.99,11.94,12.09,11.87,37190,46290130.0,1.83,-0.5,-0.06,1.05
2025-02-13,603230,11.9,11.77,11.98,11.72,28849,35528490.0,2.18,-1.42,-0.17,0.82
2025-02-14,603230,11.79,11.71,11.86,11.6,27784,33829234.0,2.21,-0.51,-0.06,0.79
2025-02-17,603230,11.71,11.76,11.9,11.65,31633,38793803.0,2.13,0.43,0.05,0.89
2025-02-18,603230,11.75,11.4,11.78,11.38,34882,41953150.0,3.4,-3.06,-0.36,0.99
2025-02-19,603230,11.48,11.37,11.49,11.28,31906,37714490.0,1.84,-0.26,-0.03,0.9
2025-02-20,603230,11.34,11.65,11.65,11.32,34698,41651992.0,2.9,2.46,0.28,0.98
2025-02-21,603230,11.58,11.62,11.76,11.45,36195,43689894.0,2.66,-0.26,-0.03,1.02
2025-02-24,603230,11.7,11.72,11.91,11.62,32992,40375882.0,2.5,0.86,0.1,0.93
2025-02-25,603230,11.61,11.4,11.61,11.37,28889,34492300.0,2.05,-2.73,-0.32,0.82
2025-02-26,603230,11.5,11.48,11.57,11.4,24870,29750290.0,1.49,0.7,0.08,0.7
2025-02-27,603230,11.46,11.45,11.55,11.31,22718,27031077.0,2.09,-0.26,-0.03,0.64
2025-02-28,603230,11.4,11.1,11.49,11.03,40461,47363561.0,4.02,-3.06,-0.35,1.14
2025-03-03,603230,11.1,11.18,11.3,11.09,19936,23331835.0,1.89,0.72,0.08,0.56
2025-03-04,603230,11.17,11.3,11.32,11.11,16542,19412876.0,1.88,1.07,0.12,0.47
2025-03-05,603230,11.23,11.17,11.31,11.06,20722,24073562.0,2.21,-1.15,-0.13,0.59
2025-03-06,603230,11.22,11.41,11.49,11.14,32114,38021573.0,3.13,2.15,0.24,0.91
2025-03-07,603230,11.32,11.28,11.41,11.21,21435,25290259.0,1.75,-1.14,-0.13,0.61
2025-03-10,603230,11.26,11.22,11.32,11.17,20696,24240464.0,1.33,-0.53,-0.06,0.59
2025-03-11,603230,11.14,11.37,11.38,11.11,24164,28353533.0,2.41,1.34,0.15,0.68
2025-03-12,603230,11.39,11.56,11.69,11.34,37610,45138735.0,3.08,1.67,0.19,1.06
2025-03-13,603230,11.51,11.43,11.55,11.29,23703,28164920.0,2.25,-1.12,-0.13,0.67
2025-03-14,603230,11.52,12.11,12.22,11.52,102398,127457033.0,6.12,5.95,0.68,2.9
2025-03-17,603230,12.13,11.91,12.23,11.84,64520,80186580.0,3.22,-1.65,-0.2,1.83
2025-03-18,603230,11.87,11.93,12.0,11.81,33308,41227642.0,1.6,0.17,0.02,0.94
2025-03-19,603230,11.91,11.81,11.91,11.75,34727,42679688.0,1.34,-1.01,-0.12,0.98
2025-03-20,603230,11.8,11.78,11.9,11.75,21902,26901104.0,1.27,-0.25,-0.03,0.62
2025-03-21,603230,11.78,11.66,11.82,11.63,22415,27321768.0,1.61,-1.02,-0.12,0.63
2025-03-24,603230,11.69,11.57,11.74,11.31,51417,61599363.0,3.69,-0.77,-0.09,1.45
2025-03-25,603230,11.57,11.45,11.59,11.37,33448,39964187.0,1.9,-1.04,-0.12,0.95
2025-03-26,603230,11.5,11.64,11.67,11.42,24799,29925543.0,2.18,1.66,0.19,0.7
2025-03-27,603230,11.64,11.75,11.8,11.46,37014,44969616.0,2.92,0.95,0.11,1.05
2025-03-28,603230,11.75,11.82,11.91,11.69,47867,58770634.0,1.87,0.6,0.07,1.35
2025-03-31,603230,11.76,11.56,11.91,11.35,43468,52761760.0,4.74,-2.2,-0.26,1.23
2025-04-01,603230,11.57,11.76,11.88,11.52,34016,41675055.0,3.11,1.73,0.2,0.96
2025-04-02,603230,11.8,11.74,11.88,11.69,26240,32099002.0,1.62,-0.17,-0.02,0.74
2025-04-03,603230,11.69,11.82,11.88,11.64,29865,36602562.0,2.04,0.68,0.08,0.84
2025-04-07,603230,11.39,10.68,11.47,10.59,80032,90734207.0,7.45,-9.64,-1.14,2.26
2025-04-08,603230,10.64,10.76,10.95,10.56,46968,52688998.0,3.65,0.75,0.08,1.33
2025-04-09,603230,10.56,10.78,10.87,10.18,58377,64685801.0,6.41,0.19,0.02,1.65
2025-04-10,603230,10.87,10.91,11.29,10.86,73226,84493538.0,3.99,1.21,0.13,2.07
2025-04-11,603230,11.25,11.47,11.69,11.12,100565,120051003.0,5.22,5.13,0.56,2.84
2025-04-14,603230,11.51,11.3,11.61,11.23,68250,80741030.0,3.31,-1.48,-0.17,1.93
2025-04-15,603230,11.32,11.44,11.59,11.27,46007,54735650.0,2.83,1.24,0.14,1.3
2025-04-16,603230,11.5,11.55,11.61,11.3,48209,57713063.0,2.71,0.96,0.11,1.36
2025-04-17,603230,11.38,11.5,11.56,11.38,32448,38864507.0,1.56,-0.43,-0.05,0.92
2025-04-18,603230,11.47,11.46,11.51,11.36,18790,22366546.0,1.3,-0.35,-0.04,0.53
2025-04-21,603230,11.47,11.66,11.67,11.4,33048,39862164.0,2.36,1.75,0.2,0.93
2025-04-22,603230,11.62,11.81,11.91,11.6,39876,48862641.0,2.66,1.29,0.15,1.13
2025-04-23,603230,11.81,11.72,11.94,11.68,32220,39495179.0,2.2,-0.76,-0.09,0.91
2025-04-24,603230,11.7,11.77,11.83,11.64,28524,34877012.0,1.62,0.43,0.05,0.81
2025-04-25,603230,11.8,11.81,11.91,11.69,29454,36170920.0,1.87,0.34,0.04,0.83
2025-04-28,603230,12.03,12.17,12.53,12.03,113580,145124804.0,4.23,3.05,0.36,3.21
2025-04-29,603230,12.15,12.52,12.69,12.15,71681,92813687.0,4.44,2.88,0.35,2.03
2025-04-30,603230,12.42,12.35,12.6,12.3,45998,59270561.0,2.4,-1.36,-0.17,1.3
2025-05-06,603230,12.41,12.44,12.46,12.23,48498,62384552.0,1.86,0.73,0.09,1.37
2025-05-07,603230,12.5,12.49,12.57,12.37,47979,62064506.0,1.61,0.4,0.05,1.36
2025-05-08,603230,12.44,12.79,12.87,12.36,69494,91192102.0,4.08,2.4,0.3,1.97
2025-05-09,603230,12.76,12.7,13.0,12.64,50077,66485658.0,2.81,-0.7,-0.09,1.42
2025-05-12,603230,12.8,12.68,12.91,12.61,34747,45742333.0,2.36,-0.16,-0.02,0.98
2025-05-13,603230,12.72,12.57,12.78,12.52,30871,40377799.0,2.05,-0.87,-0.11,0.87
2025-05-14,603230,12.57,12.47,12.57,12.36,27903,36043811.0,1.67,-0.8,-0.1,0.79
2025-05-15,603230,12.47,12.42,12.52,12.37,20163,26050035.0,1.2,-0.4,-0.05,0.57
2025-05-16,603230,12.44,12.44,12.53,12.37,22254,28772023.0,1.29,0.16,0.02,0.63
2025-05-19,603230,12.45,12.54,12.55,12.41,20869,27084495.0,1.13,0.8,0.1,0.59
2025-05-20,603230,12.47,12.64,12.69,12.45,21480,28084203.0,1.91,0.8,0.1,0.61
2025-05-21,603230,12.65,12.57,12.67,12.47,22027,28671543.0,1.58,-0.55,-0.07,0.62
2025-05-22,603230,12.46,12.22,12.61,12.14,49006,62759475.0,3.74,-2.78,-0.35,1.39
2025-05-23,603230,12.22,12.05,12.28,12.01,43783,55297157.0,2.21,-1.39,-0.17,1.24
2025-05-26,603230,12.06,12.1,12.18,11.96,29349,36812669.0,1.83,0.41,0.05,0.83
2025-05-27,603230,12.09,12.12,12.21,12.03,24643,31045469.0,1.49,0.17,0.02,0.7
2025-05-28,603230,12.12,12.15,12.17,12.04,20182,25413203.0,1.07,0.25,0.03,0.57
2025-05-29,603230,12.13,12.23,12.25,12.07,24057,30496264.0,1.48,0.66,0.08,0.68
2025-05-30,603230,12.22,12.19,12.44,12.17,30445,38854300.0,2.21,-0.33,-0.04,0.86
2025-06-03,603230,12.14,12.3,12.4,12.12,32159,41229401.0,2.3,0.9,0.11,0.91
2025-06-04,603230,12.36,12.39,12.42,12.3,24282,31173815.0,0.98,0.73,0.09,0.69
2025-06-05,603230,12.34,12.35,12.44,12.27,30010,38529966.0,1.37,-0.32,-0.04,0.85
2025-06-06,603230,12.37,12.54,12.72,12.35,42942,55830414.0,3.0,1.54,0.19,1.21
2025-06-09,603230,12.55,12.58,12.62,12.46,31542,41059776.0,1.28,0.32,0.04,0.89
2025-06-10,603230,12.61,12.67,12.85,12.46,45253,59294792.0,3.1,0.72,0.09,1.28
2025-06-11,603230,12.68,12.8,12.82,12.64,33225,44004753.0,1.42,1.03,0.13,0.94
2025-06-12,603230,12.79,12.83,12.91,12.74,34772,46277420.0,1.33,0.23,0.03,0.98
2025-06-13,603230,12.88,12.57,12.91,12.52,38403,50360721.0,3.04,-2.03,-0.26,1.09
2025-06-16,603230,12.58,12.55,12.65,12.52,32529,42520425.0,1.03,-0.16,-0.02,0.92
2025-06-17,603230,12.57,12.45,12.6,12.4,28491,36916797.0,1.59,-0.8,-0.1,0.81
2025-06-18,603230,12.44,12.32,12.47,12.28,30744,39407948.0,1.53,-1.04,-0.13,0.87
2025-06-19,603230,12.34,12.3,12.49,12.23,34676,42752151.0,2.11,-0.16,-0.02,0.98
2025-06-20,603230,12.28,12.18,12.34,12.16,31704,38762694.0,1.46,-0.98,-0.12,0.9
2025-06-23,603230,12.11,12.33,12.35,12.11,25102,30827932.0,1.97,1.23,0.15,0.71
2025-06-24,603230,12.45,12.64,12.66,12.34,37550,47189592.0,2.6,2.51,0.31,1.06
2025-06-25,603230,12.66,12.64,12.7,12.49,30116,37882081.0,1.66,0.0,0.0,0.85
2025-06-26,603230,12.64,12.62,12.64,12.49,20892,26280231.0,1.19,-0.16,-0.02,0.59
2025-06-27,603230,12.67,12.64,12.68,12.56,21309,26886784.0,0.95,0.16,0.02,0.6
2025-06-30,603230,12.66,12.91,13.03,12.64,47546,61106804.0,3.09,2.14,0.27,1.34
2025-07-01,603230,12.9,12.89,12.95,12.75,26814,34432077.0,1.55,-0.15,-0.02,0.76
2025-07-02,603230,12.88,12.93,13.09,12.82,31043,40204077.0,2.09,0.31,0.04,0.88
2025-07-03,603230,12.95,12.98,13.04,12.89,24395,31663634.0,1.16,0.39,0.05,0.69
2025-07-04,603230,13.03,12.94,13.03,12.8,23132,29963924.0,1.77,-0.31,-0.04,0.65
2025-07-07,603230,12.97,13.11,13.16,12.85,26913,35045335.0,2.4,1.31,0.17,0.76
2025-07-08,603230,13.08,13.09,13.29,13.06,26955,35402547.0,1.75,-0.15,-0.02,0.76
2025-07-09,603230,13.12,13.1,13.21,13.07,27488,36078457.0,1.07,0.08,0.01,0.78
2025-07-10,603230,13.11,13.11,13.21,13.01,29729,38910502.0,1.53,0.08,0.01,0.84
2025-07-11,603230,13.11,13.18,13.21,13.0,29537,38737138.0,1.6,0.53,0.07,0.84
2025-07-14,603230,13.19,13.16,13.19,13.05,25401,33359149.0,1.06,-0.15,-0.02,0.72
2025-07-15,603230,13.18,12.9,13.18,12.83,38301,49571312.0,2.66,-1.98,-0.26,1.08
2025-07-16,603230,12.91,12.96,13.03,12.88,25511,33047135.0,1.16,0.47,0.06,0.72
2025-07-17,603230,12.96,12.91,13.04,12.82,23258,30083849.0,1.7,-0.39,-0.05,0.66
2025-07-18,603230,12.94,13.01,13.05,12.91,29158,37876598.0,1.08,0.77,0.1,0.82
2025-07-21,603230,13.04,13.16,13.21,12.96,38686,50762011.0,1.92,1.15,0.15,1.09
2025-07-22,603230,13.19,13.16,13.21,13.06,24956,32795355.0,1.14,0.0,0.0,0.71
2025-07-23,603230,13.16,13.12,13.3,13.08,34956,46113578.0,1.67,-0.3,-0.04,0.99
2025-07-24,603230,13.16,13.28,13.28,13.12,32165,42510460.0,1.22,1.22,0.16,0.91
2025-07-25,603230,13.28,13.35,13.43,13.24,31158,41504948.0,1.43,0.53,0.07,0.88
2025-07-28,603230,13.38,13.25,13.39,13.23,29454,39137217.0,1.2,-0.75,-0.1,0.83
2025-07-29,603230,13.3,13.31,13.35,13.08,34264,45308691.0,2.04,0.45,0.06,0.97
2025-07-30,603230,13.28,13.39,13.41,13.22,41681,55643086.0,1.43,0.6,0.08,1.18
2025-07-31,603230,13.42,13.12,13.47,13.09,35429,46880831.0,2.84,-2.02,-0.27,1.0
2025-08-01,603230,13.19,13.34,13.37,13.13,39913,52904952.0,1.83,1.68,0.22,1.13
2025-08-04,603230,13.34,13.34,13.35,13.15,26958,35761798.0,1.5,0.0,0.0,0.76
2025-08-05,603230,13.42,13.54,13.6,13.34,38256,51589625.0,1.95,1.5,0.2,1.08
2025-08-06,603230,13.52,13.45,13.66,13.39,25898,34840853.0,1.99,-0.66,-0.09,0.73
2025-08-07,603230,13.48,13.4,13.6,13.35,23381,31359586.0,1.86,-0.37,-0.05,0.66
2025-08-08,603230,13.41,13.44,13.44,13.24,26465,35267134.0,1.49,0.3,0.04,0.75
2025-08-11,603230,13.42,13.44,13.55,13.33,29056,39129554.0,1.64,0.0,0.0,0.82
2025-08-12,603230,13.52,13.49,13.58,13.41,23376,31512123.0,1.26,0.37,0.05,0.66
2025-08-13,603230,13.49,13.39,13.51,13.35,27527,36881931.0,1.19,-0.74,-0.1,0.78
2025-08-14,603230,13.44,13.17,13.44,13.12,27842,36992912.0,2.39,-1.64,-0.22,0.79
2025-08-15,603230,13.09,13.21,13.28,13.09,33536,44228503.0,1.44,0.3,0.04,0.95
2025-08-18,603230,13.22,13.3,13.47,13.15,39121,52303713.0,2.42,0.68,0.09,1.11
2025-08-19,603230,13.27,13.39,13.41,13.14,30563,40726902.0,2.03,0.68,0.09,0.86
2025-08-20,603230,13.38,13.41,13.41,13.29,24554,32790310.0,0.9,0.15,0.02,0.69
2025-08-21,603230,13.44,13.47,13.55,13.4,33692,45373340.0,1.12,0.45,0.06,0.95
2025-08-22,603230,13.5,13.48,13.55,13.32,33595,45121453.0,1.71,0.07,0.01,0.95
2025-08-25,603230,13.6,13.6,13.75,13.48,48039,65322339.0,2.0,0.89,0.12,1.36
2025-08-26,603230,13.6,13.93,14.13,13.47,64379,89407618.0,4.85,2.43,0.33,1.82
2025-08-27,603230,13.91,14.64,15.32,13.75,184362,271476480.0,11.27,5.1,0.71,5.22
2025-08-28,603230,14.2,15.06,15.53,14.07,229593,337497165.0,9.97,2.87,0.42,6.49
2025-08-29,603230,14.74,14.09,14.93,14.0,217859,313752666.0,6.18,-6.44,-0.97,6.16
2025-09-01,603230,14.01,13.66,14.06,13.36,166098,226625109.0,4.97,-3.05,-0.43,4.7
2025-09-02,603230,13.6,12.98,13.61,12.84,126306,165397709.0,5.64,-4.98,-0.68,3.57
2025-09-03,603230,12.9,12.68,12.99,12.63,68275,87566636.0,2.77,-2.31,-0.3,1.93
2025-09-04,603230,12.64,12.81,12.9,12.64,65752,83971968.0,2.05,1.03,0.13,1.86
2025-09-05,603230,12.8,12.77,12.81,12.55,65544,83302599.0,2.03,-0.31,-0.04,1.85
2025-09-08,603230,12.77,12.84,12.88,12.72,47689,61036505.0,1.25,0.55,0.07,1.35
2025-09-09,603230,12.78,12.61,12.83,12.56,56339,71306218.0,2.1,-1.79,-0.23,1.59
2025-09-10,603230,12.61,12.7,12.74,12.58,37430,47450698.0,1.27,0.71,0.09,1.06
2025-09-11,603230,12.7,12.97,12.99,12.49,60753,77483827.0,3.94,2.13,0.27,1.72
2025-09-12,603230,12.9,12.88,13.23,12.88,47440,61810655.0,2.7,-0.69,-0.09,1.34
2025-09-15,603230,12.86,12.75,12.87,12.68,35037,44644619.0,1.48,-1.01,-0.13,0.99
2025-09-16,603230,12.76,12.69,12.83,12.62,34301,43518959.0,1.65,-0.47,-0.06,0.97
2025-09-17,603230,12.69,12.56,12.7,12.54,40256,50673343.0,1.26,-1.02,-0.13,1.14
2025-09-18,603230,12.55,12.31,12.56,12.22,57667,71681486.0,2.71,-1.99,-0.25,1.63
2025-09-19,603230,12.32,12.42,12.45,12.22,33000,40675297.0,1.87,0.89,0.11,0.93
2025-09-22,603230,12.4,12.2,12.4,12.18,26931,32988018.0,1.77,-1.77,-0.22,0.76
2025-09-23,603230,12.2,12.12,12.21,11.87,39560,47456514.0,2.79,-0.66,-0.08,1.12
2025-09-24,603230,12.08,12.3,12.32,12.01,27861,34078416.0,2.56,1.49,0.18,0.79
2025-09-25,603230,12.29,12.25,12.39,12.18,23664,29079477.0,1.71,-0.41,-0.05,0.67
2025-09-26,603230,12.25,12.21,12.32,12.16,26920,32948632.0,1.31,-0.33,-0.04,0.76
2025-09-29,603230,12.25,12.31,12.31,11.99,29263,35730825.0,2.62,0.82,0.1,0.83
2025-09-30,603230,12.31,12.27,12.35,12.2,24246,29719809.0,1.22,-0.32,-0.04,0.69
2025-10-09,603230,12.27,12.23,12.3,12.06,31193,37963218.0,1.96,-0.33,-0.04,0.88
2025-10-10,603230,12.21,12.31,12.33,12.14,24580,30173502.0,1.55,0.65,0.08,0.7
2025-10-13,603230,12.1,12.16,12.17,11.9,28920,34932966.0,2.19,-1.22,-0.15,0.82
2025-10-14,603230,12.16,12.25,12.3,12.15,27546,33695951.0,1.23,0.74,0.09,0.78
2025-10-15,603230,12.25,12.33,12.33,12.18,20543,25223803.0,1.22,0.65,0.08,0.58
2025-10-16,603230,12.3,12.28,12.39,12.21,27622,34003860.0,1.46,-0.41,-0.05,0.78
2025-10-17,603230,12.23,12.1,12.27,12.04,35168,42736809.0,1.87,-1.47,-0.18,0.99
2025-10-20,603230,12.12,12.23,12.23,12.09,23095,28052435.0,1.16,1.07,0.13,0.65
2025-10-21,603230,12.21,12.34,12.37,12.21,36058,44428484.0,1.31,0.9,0.11,1.02
2025-10-22,603230,12.3,12.4,12.47,12.3,31498,39099386.0,1.38,0.49,0.06,0.89
2025-10-23,603230,12.41,12.61,12.61,12.33,44978,56274315.0,2.26,1.69,0.21,1.27
2025-10-24,603230,12.6,12.47,12.62,12.46,27365,34238600.0,1.27,-1.11,-0.14,0.77
2025-10-27,603230,12.53,12.47,12.57,12.36,25178,31310394.0,1.68,0.0,0.0,0.71
2025-10-28,603230,12.48,12.48,12.53,12.43,19815,24730978.0,0.8,0.08,0.01,0.56
2025-10-29,603230,12.48,12.61,12.63,12.35,30519,38102657.0,2.24,1.04,0.13,0.86
2025-10-30,603230,12.28,12.12,12.36,12.1,76007,92834319.0,2.06,-3.89,-0.49,2.15
2025-10-31,603230,12.11,12.13,12.17,12.05,37565,45538159.0,0.99,0.08,0.01,1.06
2025-11-03,603230,12.16,12.49,12.5,12.16,57650,71104527.0,2.8,2.97,0.36,1.63
2025-11-04,603230,12.49,12.51,12.52,12.37,26358,32800951.0,1.2,0.16,0.02,0.75
2025-11-05,603230,12.38,12.54,12.56,12.33,31692,39492247.0,1.84,0.24,0.03,0.9
2025-11-06,603230,12.52,12.48,12.53,12.39,19525,24327387.0,1.12,-0.48,-0.06,0.55
2025-11-07,603230,12.45,12.47,12.56,12.43,19008,23748878.0,1.04,-0.08,-0.01,0.54
2025-11-10,603230,12.5,12.59,12.61,12.44,23842,29939204.0,1.36,0.96,0.12,0.67
2025-11-11,603230,12.6,12.63,12.65,12.53,19237,24233240.0,0.95,0.32,0.04,0.54
2025-11-12,603230,12.62,12.86,12.89,12.6,58065,74145881.0,2.3,1.82,0.23,1.64
2025-11-13,603230,12.86,12.86,12.95,12.74,48746,62510779.0,1.63,0.0,0.0,1.38
2025-11-14,603230,12.83,12.88,13.0,12.8,46057,59530624.0,1.56,0.16,0.02,1.3
2025-11-17,603230,12.89,12.95,12.96,12.75,34428,44359298.0,1.63,0.54,0.07,0.97
2025-11-18,603230,12.95,13.12,13.24,12.86,72577,95233039.0,2.93,1.31,0.17,2.05
2025-11-19,603230,13.13,12.68,13.15,12.61,63759,81677091.0,4.12,-3.35,-0.44,1.8
2025-11-20,603230,12.55,12.49,12.67,12.38,46840,58476178.0,2.29,-1.5,-0.19,1.32
2025-11-21,603230,12.42,12.19,12.59,12.06,39159,48102882.0,4.24,-2.4,-0.3,1.11
2025-11-24,603230,12.36,12.38,12.45,12.14,30106,37090007.0,2.54,1.56,0.19,0.85
2025-11-25,603230,12.44,12.91,13.01,12.39,66090,84459183.0,5.01,4.28,0.53,1.87
2025-11-26,603230,12.91,12.64,13.05,12.58,41287,52555106.0,3.64,-2.09,-0.27,1.17
2025-11-27,603230,12.58,12.62,12.75,12.56,25483,32209072.0,1.5,-0.16,-0.02,0.72
2025-11-28,603230,12.6,12.6,12.69,12.52,25176,31719021.0,1.35,-0.16,-0.02,0.71
2025-12-01,603230,12.62,12.5,12.66,12.43,27879,34957567.0,1.83,-0.79,-0.1,0.79
2025-12-02,603230,12.42,12.5,12.54,12.32,17897,22237126.0,1.76,0.0,0.0,0.51
2025-12-03,603230,12.43,12.59,12.62,12.36,25731,32170699.0,2.08,0.72,0.09,0.73
2025-12-04,603230,12.51,12.7,12.84,12.45,41554,52877577.0,3.1,0.87,0.11,1.18
2025-12-05,603230,12.49,12.56,12.7,12.38,28135,35204552.0,2.52,-1.1,-0.14,0.8
2025-12-08,603230,12.55,12.62,12.79,12.51,29569,37533763.0,2.23,0.48,0.06,0.84
2025-12-09,603230,12.6,12.76,12.9,12.52,43559,55482548.0,3.01,1.11,0.14,1.23
2025-12-10,603230,12.76,12.47,12.84,12.45,39906,50437805.0,3.06,-2.27,-0.29,1.13
2025-12-11,603230,12.48,12.94,13.72,12.2,116338,150416137.0,12.19,3.77,0.47,3.29
2025-12-12,603230,12.64,13.29,13.45,12.64,164650,216026381.0,6.26,2.7,0.35,4.66
2025-12-15,603230,13.1,13.03,13.21,12.85,96207,125431610.0,2.71,-1.96,-0.26,2.72
2025-12-16,603230,12.94,13.1,13.23,12.81,64050,83176095.0,3.22,0.54,0.07,1.81
2025-12-17,603230,13.08,12.94,13.2,12.57,63299,81639457.0,4.81,-1.22,-0.16,1.79
2025-12-18,603230,12.8,13.0,13.06,12.71,55727,72119911.0,2.7,0.46,0.06,1.58
2025-12-19,603230,12.9,12.99,13.02,12.85,44877,58101721.0,1.31,-0.08,-0.01,1.27
2025-12-22,603230,12.98,13.09,13.09,12.91,59238,77155310.0,1.39,0.77,0.1,1.68
2025-12-23,603230,13.16,12.86,13.17,12.8,43181,55829113.0,2.83,-1.76,-0.23,1.22
2025-12-24,603230,12.73,12.77,12.79,12.53,42967,54408219.0,2.02,-0.7,-0.09,1.22
2025-12-25,603230,12.68,12.81,12.81,12.61,31272,39742536.0,1.57,0.31,0.04,0.88
2025-12-26,603230,12.79,12.69,12.88,12.66,35653,45353328.0,1.72,-0.94,-0.12,1.01
2025-12-29,603230,12.65,12.36,12.65,12.35,40927,50998023.0,2.36,-2.6,-0.33,1.16
2025-12-30,603230,12.35,12.41,12.45,12.23,43357,53423834.0,1.78,0.4,0.05,1.23
2025-12-31,603230,12.33,12.35,12.4,12.28,29306,36217770.0,0.97,-0.48,-0.06,0.83
2026-01-05,603230,12.34,12.63,12.68,12.3,57978,72615378.0,3.08,2.27,0.28,1.64
2026-01-06,603230,12.58,12.76,12.98,12.52,57310,72810559.0,3.64,1.03,0.13,1.62
2026-01-07,603230,12.76,12.69,12.86,12.65,29179,37142365.0,1.65,-0.55,-0.07,0.83
2026-01-08,603230,12.69,12.73,12.75,12.61,22651,28749146.0,1.1,0.32,0.04,0.64
2026-01-09,603230,12.72,12.93,12.93,12.7,45697,58611065.0,1.81,1.57,0.2,1.29
2026-01-12,603230,12.95,13.13,13.22,12.9,79606,104171461.0,2.47,1.55,0.2,2.25
2026-01-13,603230,13.14,12.81,13.18,12.79,83061,107590940.0,2.97,-2.44,-0.32,2.35
2026-01-14,603230,12.8,13.06,13.16,12.8,89095,115889594.0,2.81,1.95,0.25,2.52
2026-01-15,603230,12.96,12.94,13.0,12.85,32741,42268407.0,1.15,-0.92,-0.12,0.93
2026-01-16,603230,12.97,12.42,12.99,12.38,110796,138850602.0,4.71,-4.02,-0.52,3.13
2026-01-19,603230,12.38,12.49,12.49,12.32,41782,51975678.0,1.37,0.56,0.07,1.18
2026-01-20,603230,12.34,12.49,12.51,12.27,44244,54950528.0,1.92,0.0,0.0,1.25
2026-01-21,603230,12.42,12.29,12.46,12.27,45102,55796202.0,1.52,-1.6,-0.2,1.28
2026-01-22,603230,12.29,12.43,12.46,12.26,31272,38646421.0,1.63,1.14,0.14,0.88
2026-01-23,603230,12.42,12.52,12.55,12.4,34543,43076725.0,1.21,0.72,0.09,0.98
2026-01-26,603230,12.52,12.46,12.57,12.3,41960,51975741.0,2.16,-0.48,-0.06,1.19
2026-01-27,603230,12.45,12.58,12.6,12.25,49937,62026929.0,2.81,0.96,0.12,1.41
2026-01-28,603230,12.59,12.68,12.85,12.5,58656,74211945.0,2.78,0.79,0.1,1.66
2026-01-29,603230,12.66,12.93,13.09,12.61,96579,124691297.0,3.79,1.97,0.25,2.73
2026-01-30,603230,12.93,13.16,13.39,12.81,117337,153896092.0,4.49,1.78,0.23,3.32
2026-02-02,603230,13.13,13.06,13.43,12.98,81943,108298610.0,3.42,-0.76,-0.1,2.32
2026-02-03,603230,13.17,12.99,13.19,12.88,58008,75351938.0,2.37,-0.54,-0.07,1.64
2026-02-04,603230,12.99,12.85,12.99,12.75,48193,61833870.0,1.85,-1.08,-0.14,1.36
2026-02-05,603230,12.8,12.9,12.99,12.78,38880,50157529.0,1.63,0.39,0.05,1.1
2026-02-06,603230,12.85,12.68,12.85,12.63,43825,55723985.0,1.71,-1.71,-0.22,1.24
2026-02-09,603230,12.82,12.92,13.0,12.73,55060,70975886.0,2.13,1.89,0.24,1.56
2026-02-10,603230,12.92,13.15,13.3,12.88,98273,129108111.0,3.25,1.78,0.23,2.78
2026-02-11,603230,13.08,12.82,13.08,12.77,63686,81802670.0,2.36,-2.51,-0.33,1.8
2026-02-12,603230,12.77,12.41,12.81,12.41,79893,99937063.0,3.12,-3.2,-0.41,2.26
2026-02-13,603230,12.42,12.36,12.5,12.32,48015,59592116.0,1.45,-0.4,-0.05,1.36
