日期,股票代码,开盘,收盘,最高,最低,成交量,成交额,振幅,涨跌幅,涨跌额,换手率
2023-02-23,688268,75.04,74.6,75.88,74.17,8135,62174432.0,2.27,-1.15,-0.87,0.68
2023-02-24,688268,74.6,74.14,75.8,73.9,7933,60472758.0,2.55,-0.62,-0.46,0.66
2023-02-27,688268,74.9,73.11,74.9,72.33,10529,78542250.0,3.47,-1.39,-1.03,0.88
2023-02-28,688268,72.6,72.28,73.25,71.3,13174,96803605.0,2.67,-1.14,-0.83,1.1
2023-03-01,688268,72.28,72.17,72.99,71.51,9913,73157358.0,2.05,-0.15,-0.11,0.82
2023-03-02,688268,72.17,70.15,73.2,70.1,16766,122004849.0,4.3,-2.8,-2.02,1.39
2023-03-03,688268,70.75,71.71,72.7,70.75,14962,109341720.0,2.78,2.22,1.56,1.24
2023-03-06,688268,72.67,75.93,76.28,71.21,27210,206397630.0,7.07,5.88,4.22,2.26
2023-03-07,688268,75.63,73.61,76.06,73.05,14798,112744530.0,3.96,-3.06,-2.32,1.23
2023-03-08,688268,73.62,75.55,76.38,73.1,15076,115362390.0,4.46,2.64,1.94,1.25
2023-03-09,688268,75.78,79.2,81.28,75.69,34661,280922692.0,7.4,4.83,3.65,2.88
2023-03-10,688268,79.2,80.18,82.75,78.08,38861,319569009.0,5.9,1.24,0.98,3.23
2023-03-13,688268,79.49,78.66,82.1,78.0,22728,183956120.0,5.11,-1.9,-1.52,1.89
2023-03-14,688268,78.62,81.73,82.08,77.18,31091,254545470.0,6.23,3.9,3.07,2.58
2023-03-15,688268,81.57,83.5,87.38,81.51,36239,311981760.0,7.18,2.17,1.77,3.01
2023-03-16,688268,82.83,81.42,85.04,80.92,27961,235465624.0,4.93,-2.49,-2.08,2.32
2023-03-17,688268,81.9,83.51,84.58,81.18,28644,242295948.0,4.18,2.57,2.09,2.38
2023-03-20,688268,82.41,84.88,87.0,80.5,33398,287607347.0,7.78,1.64,1.37,2.78
2023-03-21,688268,83.46,84.5,85.46,82.86,23982,204691128.0,3.06,-0.45,-0.38,1.99
2023-03-22,688268,84.38,83.25,84.68,82.58,18626,158224122.0,2.49,-1.48,-1.25,1.55
2023-03-23,688268,83.64,83.07,83.79,81.35,21434,180612566.0,2.93,-0.22,-0.18,1.78
2023-03-24,688268,82.59,80.99,84.39,80.64,21267,177398728.0,4.51,-2.5,-2.08,1.77
2023-03-27,688268,82.32,82.91,85.28,81.62,25203,213468636.0,4.52,2.37,1.92,2.09
2023-03-28,688268,82.24,80.0,83.75,79.64,19427,160001259.0,4.96,-3.51,-2.91,1.61
2023-03-29,688268,79.82,87.4,92.22,78.55,58402,507826482.0,17.09,9.25,7.4,4.85
2023-03-30,688268,88.22,90.71,92.0,87.55,49849,455057008.0,5.09,3.79,3.31,4.14
2023-03-31,688268,91.3,93.36,96.47,89.85,51976,490732861.0,7.3,2.92,2.65,4.32
2023-04-03,688268,95.0,97.69,98.3,91.89,44272,428238024.0,6.87,4.64,4.33,3.68
2023-04-04,688268,96.0,96.17,101.99,94.7,42988,426008937.0,7.46,-1.56,-1.52,3.57
2023-04-06,688268,93.51,97.91,104.85,93.51,48033,480995179.0,11.79,1.81,1.74,3.99
2023-04-07,688268,97.48,100.83,101.99,95.61,32959,328767035.0,6.52,2.98,2.92,2.74
2023-04-10,688268,99.95,96.6,105.28,96.58,37888,386610660.0,8.63,-4.2,-4.23,3.15
2023-04-11,688268,98.37,95.22,100.45,93.38,35526,345892419.0,7.32,-1.43,-1.38,2.95
2023-04-12,688268,95.69,96.85,97.4,93.49,24945,242627805.0,4.11,1.71,1.63,2.07
2023-04-13,688268,95.5,92.25,96.72,91.5,29990,284686904.0,5.39,-4.75,-4.6,2.49
2023-04-14,688268,92.93,100.49,101.16,90.65,54937,540497560.0,11.39,8.93,8.24,4.57
2023-04-17,688268,100.0,95.66,104.61,94.8,40097,401288573.0,9.76,-4.81,-4.83,3.33
2023-04-18,688268,95.46,94.38,95.75,92.4,26168,249944294.0,3.5,-1.34,-1.28,2.18
2023-04-19,688268,95.08,95.96,98.96,93.38,33670,329258222.0,5.91,1.67,1.58,2.8
2023-04-20,688268,95.7,99.21,99.48,95.16,43090,427227672.0,4.5,3.39,3.25,3.58
2023-04-21,688268,99.0,95.69,99.0,93.0,46591,455785223.0,6.05,-3.55,-3.52,3.87
2023-04-24,688268,96.0,87.5,96.37,86.87,41642,378208690.0,9.93,-8.56,-8.19,3.46
2023-04-25,688268,87.89,84.53,88.0,81.5,42818,369581265.0,7.43,-3.39,-2.97,3.56
2023-04-26,688268,80.36,76.84,83.28,75.95,45457,364028676.0,8.67,-9.1,-7.69,3.78
2023-04-27,688268,76.5,78.87,80.48,76.0,28306,227200112.0,5.83,2.64,2.03,2.35
2023-04-28,688268,80.31,83.49,85.77,80.31,37939,321401442.0,6.92,5.86,4.62,3.15
2023-05-04,688268,81.52,79.78,83.69,79.71,25493,211340895.0,4.77,-4.44,-3.71,2.12
2023-05-05,688268,79.48,78.85,81.72,77.9,18950,153201733.0,4.79,-1.17,-0.93,1.58
2023-05-08,688268,79.07,76.14,79.46,76.0,20845,163974661.0,4.39,-3.44,-2.71,1.73
2023-05-09,688268,76.5,75.68,77.28,74.53,17525,135635584.0,3.61,-0.6,-0.46,1.46
2023-05-10,688268,74.83,72.7,75.78,72.0,27524,204819761.0,4.99,-3.94,-2.98,2.29
2023-05-11,688268,73.98,72.67,76.32,72.62,16966,127379084.0,5.09,-0.04,-0.03,1.41
2023-05-12,688268,72.4,71.1,74.2,71.0,19385,142772541.0,4.4,-2.16,-1.57,1.61
2023-05-15,688268,71.1,75.4,76.08,70.68,29462,222011299.0,7.59,6.05,4.3,2.45
2023-05-16,688268,75.4,77.3,80.68,75.38,36493,290631800.0,7.03,2.52,1.9,3.03
2023-05-17,688268,76.5,79.11,80.6,76.5,33335,268261607.0,5.3,2.34,1.81,2.77
2023-05-18,688268,77.7,80.0,81.0,77.7,27939,226830025.0,4.17,1.13,0.89,2.32
2023-05-19,688268,79.38,84.34,85.08,79.38,32802,277139591.0,7.13,5.43,4.34,2.73
2023-05-22,688268,86.5,82.88,86.87,82.15,15987,135752500.0,5.6,-1.73,-1.46,1.33
2023-05-23,688268,82.42,81.41,82.87,80.57,20025,166335527.0,2.78,-1.77,-1.47,1.66
2023-05-24,688268,81.53,84.71,86.49,80.67,29156,250093633.0,7.15,4.05,3.3,2.42
2023-05-25,688268,85.02,83.6,86.0,82.0,19214,162718260.0,4.72,-1.31,-1.11,1.6
2023-05-26,688268,84.11,84.0,86.28,83.41,16354,140798574.0,3.43,0.48,0.4,1.36
2023-05-29,688268,84.4,85.03,87.26,84.01,15536,135534139.0,3.87,1.23,1.03,1.29
2023-05-30,688268,84.53,84.95,85.46,83.26,9237,79447086.0,2.59,-0.09,-0.08,0.77
2023-05-31,688268,84.51,85.4,86.27,84.08,11250,97318900.0,2.58,0.53,0.45,0.93
2023-06-01,688268,84.91,85.27,86.16,83.26,9911,85509398.0,3.4,-0.15,-0.13,0.82
2023-06-02,688268,85.38,83.45,86.1,81.01,15426,131039699.0,5.97,-2.13,-1.82,1.28
2023-06-05,688268,84.47,82.0,85.8,81.93,11741,99699192.0,4.64,-1.74,-1.45,0.98
2023-06-06,688268,81.76,82.11,84.2,80.96,14347,120769390.0,3.95,0.13,0.11,1.19
2023-06-07,688268,81.73,81.66,83.49,81.09,7448,62108589.0,2.92,-0.55,-0.45,0.62
2023-06-08,688268,80.8,78.98,81.5,77.5,15357,123584795.0,4.9,-3.28,-2.68,1.28
2023-06-09,688268,79.73,79.53,80.38,76.5,13405,106982379.0,4.91,0.7,0.55,1.12
2023-06-12,688268,79.22,78.82,81.88,78.5,11691,95455131.0,4.25,-0.89,-0.71,0.97
2023-06-13,688268,79.23,80.06,80.69,77.83,11099,89785162.0,3.63,1.57,1.24,0.92
2023-06-14,688268,79.8,80.68,81.8,79.09,10014,82275502.0,3.38,0.77,0.62,0.83
2023-06-15,688268,80.5,80.65,82.42,79.61,13000,107589010.0,3.48,-0.04,-0.03,1.08
2023-06-16,688268,80.73,81.02,81.98,79.7,12362,102081467.0,2.83,0.46,0.37,1.03
2023-06-19,688268,81.47,81.15,83.78,80.5,13939,116428436.0,4.05,0.16,0.13,1.16
2023-06-20,688268,80.89,79.11,82.7,78.94,15310,124887323.0,4.63,-2.51,-2.04,1.28
2023-06-21,688268,78.8,75.8,79.11,75.69,12665,99052777.0,4.32,-4.18,-3.31,1.05
2023-06-26,688268,75.68,76.63,77.82,75.2,9600,74884120.0,3.46,1.09,0.83,0.8
2023-06-27,688268,76.47,75.5,77.68,74.51,11185,86499608.0,4.14,-1.47,-1.13,0.93
2023-06-28,688268,75.51,76.18,77.28,73.5,11158,86118254.0,5.01,0.9,0.68,0.93
2023-06-29,688268,77.1,76.49,77.3,75.3,10131,78837895.0,2.63,0.41,0.31,0.84
2023-06-30,688268,76.16,79.23,79.88,75.51,14588,116878087.0,5.71,3.58,2.74,1.22
2023-07-03,688268,79.14,79.81,80.32,78.51,9354,75787026.0,2.28,0.73,0.58,0.78
2023-07-04,688268,79.46,78.61,80.79,77.38,14458,116030781.0,4.27,-1.5,-1.2,1.2
2023-07-05,688268,78.4,77.33,79.7,77.06,8907,70937911.0,3.36,-1.63,-1.28,0.74
2023-07-06,688268,77.69,76.28,78.79,75.9,11101,86495634.0,3.74,-1.36,-1.05,0.92
2023-07-07,688268,76.28,76.18,76.7,74.78,9449,72768400.0,2.52,-0.13,-0.1,0.79
2023-07-10,688268,75.85,76.39,77.38,75.57,6249,48572767.0,2.38,0.28,0.21,0.52
2023-07-11,688268,76.4,77.4,78.07,76.39,6053,47446352.0,2.2,1.32,1.01,0.5
2023-07-12,688268,77.32,74.1,77.38,73.74,13419,102141842.0,4.7,-4.26,-3.3,1.12
2023-07-13,688268,74.38,75.75,76.04,74.27,10449,79909410.0,2.39,2.23,1.65,0.87
2023-07-14,688268,75.95,74.33,76.89,74.27,8861,67424435.0,3.46,-1.87,-1.42,0.74
2023-07-17,688268,74.42,73.86,74.73,72.78,6960,51943972.0,2.62,-0.63,-0.47,0.58
2023-07-18,688268,73.0,73.25,74.9,73.0,5826,43699594.0,2.57,-0.83,-0.61,0.49
2023-07-19,688268,73.4,72.11,73.84,71.65,7001,51461360.0,2.99,-1.56,-1.14,0.58
2023-07-20,688268,72.4,71.78,72.84,71.57,5048,36924752.0,1.76,-0.46,-0.33,0.42
2023-07-21,688268,71.62,71.2,72.19,70.84,5067,36737371.0,1.88,-0.81,-0.58,0.42
2023-07-24,688268,71.83,70.82,71.83,70.6,3897,28077682.0,1.73,-0.53,-0.38,0.32
2023-07-25,688268,71.4,72.32,72.5,71.01,5317,38894530.0,2.1,2.12,1.5,0.44
2023-07-26,688268,73.2,71.9,73.2,71.75,4591,33612856.0,2.0,-0.58,-0.42,0.38
2023-07-27,688268,72.0,72.05,72.27,71.41,5469,39882437.0,1.2,0.21,0.15,0.46
2023-07-28,688268,71.55,72.15,72.15,70.65,5289,38343752.0,2.08,0.14,0.1,0.44
2023-07-31,688268,72.22,72.16,73.12,71.59,9921,72759868.0,2.12,0.01,0.01,0.83
2023-08-01,688268,72.46,73.25,73.27,71.6,10807,79719919.0,2.31,1.51,1.09,0.9
2023-08-02,688268,73.15,74.26,74.73,72.67,8013,60166889.0,2.81,1.38,1.01,0.67
2023-08-03,688268,74.23,74.23,74.31,73.41,5287,39625643.0,1.21,-0.04,-0.03,0.44
2023-08-04,688268,74.23,73.43,74.64,72.79,6062,45179703.0,2.49,-1.08,-0.8,0.5
2023-08-07,688268,72.9,73.29,73.29,70.74,14582,105822857.0,3.47,-0.19,-0.14,1.21
2023-08-08,688268,72.42,71.76,72.42,70.8,8359,60387545.0,2.21,-2.09,-1.53,0.7
2023-08-09,688268,70.91,70.92,71.59,70.61,8538,61417749.0,1.37,-1.17,-0.84,0.71
2023-08-10,688268,69.55,63.57,69.55,61.1,28475,185036314.0,11.91,-10.36,-7.35,2.37
2023-08-11,688268,63.57,62.1,63.57,61.4,15811,99984189.0,3.41,-2.31,-1.47,1.32
2023-08-14,688268,61.6,61.44,61.84,60.03,9866,61202951.0,2.91,-1.06,-0.66,0.82
2023-08-15,688268,61.69,58.09,61.78,57.5,18347,109879155.0,6.97,-5.45,-3.35,1.53
2023-08-16,688268,58.09,56.96,58.15,56.61,9719,56703903.0,2.65,-1.95,-1.13,0.81
2023-08-17,688268,56.62,58.2,58.49,56.04,10334,60466284.0,4.3,2.18,1.24,0.86
2023-08-18,688268,58.69,58.58,60.26,58.41,12762,77205742.0,3.18,0.65,0.38,1.06
2023-08-21,688268,58.91,58.61,59.86,58.33,6942,41759650.0,2.61,0.05,0.03,0.58
2023-08-22,688268,58.67,59.4,59.7,57.08,8154,48533974.0,4.47,1.35,0.79,0.68
2023-08-23,688268,59.63,56.89,59.63,56.85,8189,48127035.0,4.68,-4.23,-2.51,0.68
2023-08-24,688268,56.7,57.34,57.84,56.1,9192,53456384.0,3.06,0.79,0.45,0.76
2023-08-25,688268,57.05,55.88,57.1,55.4,11012,62927354.0,2.96,-2.55,-1.46,0.92
2023-08-28,688268,59.9,57.9,60.28,57.9,14507,86926315.0,4.26,3.61,2.02,1.21
2023-08-29,688268,57.58,63.1,63.7,57.45,24739,154635352.0,10.79,8.98,5.2,2.06
2023-08-30,688268,63.0,64.46,65.28,62.76,14551,95083511.0,3.99,2.16,1.36,1.21
2023-08-31,688268,64.38,65.12,65.68,63.31,18517,122096273.0,3.68,1.02,0.66,1.54
2023-09-01,688268,65.53,64.69,66.79,64.13,12424,82581693.0,4.08,-0.66,-0.43,1.03
2023-09-04,688268,64.69,65.1,65.4,63.82,13928,91545506.0,2.44,0.63,0.41,1.16
2023-09-05,688268,65.45,65.75,67.1,65.37,15829,106310866.0,2.66,1.0,0.65,1.32
2023-09-06,688268,65.3,70.07,70.22,64.95,27515,190867539.0,8.02,6.57,4.32,2.29
2023-09-07,688268,70.78,66.81,71.78,66.6,28388,199002221.0,7.39,-4.65,-3.26,2.36
2023-09-08,688268,67.21,69.71,71.49,67.21,31644,224985715.0,6.41,4.34,2.9,2.63
2023-09-11,688268,70.91,67.81,70.91,66.9,41044,284121262.0,5.75,-2.73,-1.9,3.41
2023-09-12,688268,67.08,66.64,67.56,64.52,24990,167453301.0,4.48,-1.73,-1.17,2.08
2023-09-13,688268,65.56,65.5,66.96,64.7,14494,96484939.0,3.39,-1.71,-1.14,1.21
2023-09-14,688268,64.7,65.15,66.01,64.46,12456,82690725.0,2.37,-0.53,-0.35,1.04
2023-09-15,688268,65.0,66.75,68.4,64.02,22061,148223905.0,6.72,2.46,1.6,1.84
2023-09-18,688268,65.56,64.76,66.12,64.2,17416,115099073.0,2.88,-2.98,-1.99,1.45
2023-09-19,688268,64.57,66.21,67.59,63.98,19411,130263590.0,5.57,2.24,1.45,1.61
2023-09-20,688268,65.7,64.83,66.48,64.51,11088,73544615.0,2.98,-2.08,-1.38,0.92
2023-09-21,688268,63.9,64.88,65.59,63.9,6844,45222661.0,2.61,0.08,0.05,0.57
2023-09-22,688268,64.57,66.06,66.09,64.2,9396,62363358.0,2.91,1.82,1.18,0.78
2023-09-25,688268,65.2,66.8,67.55,65.2,16007,108410493.0,3.56,1.12,0.74,1.33
2023-09-26,688268,66.58,65.2,66.58,64.96,6627,44122169.0,2.43,-2.4,-1.6,0.55
2023-09-27,688268,65.18,64.97,66.18,64.9,6878,45701247.0,1.96,-0.35,-0.23,0.57
2023-09-28,688268,64.91,66.6,67.49,64.72,12287,82773410.0,4.26,2.51,1.63,1.02
2023-10-09,688268,67.4,65.8,67.54,65.58,8725,58773200.0,2.94,-1.2,-0.8,0.73
2023-10-10,688268,66.76,65.27,67.5,64.88,11466,76594277.0,3.98,-0.81,-0.53,0.95
2023-10-11,688268,64.86,65.6,66.13,64.5,12219,81195550.0,2.5,0.51,0.33,1.02
2023-10-12,688268,65.61,68.85,69.24,64.07,22322,150037133.0,7.88,4.95,3.25,1.86
2023-10-13,688268,67.9,68.29,68.78,66.8,18036,123904614.0,2.88,-0.81,-0.56,1.5
2023-10-16,688268,68.29,67.42,69.27,66.59,14952,102952248.0,3.92,-1.27,-0.87,1.24
2023-10-17,688268,67.42,66.22,68.11,65.57,10488,70646962.0,3.77,-1.78,-1.2,0.87
2023-10-18,688268,66.17,64.18,66.75,64.17,9595,63446734.0,3.9,-3.08,-2.04,0.8
2023-10-19,688268,64.18,64.89,66.76,63.93,10430,69580505.0,4.41,1.11,0.71,0.87
2023-10-20,688268,64.8,65.03,66.32,64.11,8613,57055117.0,3.41,0.22,0.14,0.72
2023-10-23,688268,64.9,62.1,65.1,61.57,9489,60669727.0,5.43,-4.51,-2.93,0.79
2023-10-24,688268,62.52,63.78,64.85,61.5,6211,40085037.0,5.39,2.71,1.68,0.52
2023-10-25,688268,63.78,63.9,65.31,63.4,5906,38645693.0,2.99,0.19,0.12,0.49
2023-10-26,688268,63.45,61.89,63.91,60.7,10251,64856659.0,5.02,-3.15,-2.01,0.85
2023-10-27,688268,61.9,64.85,65.16,60.74,18560,119095464.0,7.14,4.78,2.96,1.54
2023-10-30,688268,64.4,67.3,68.07,64.2,12774,86553519.0,5.97,3.78,2.45,1.06
2023-10-31,688268,68.06,68.51,69.3,67.7,15667,109166254.0,2.38,1.8,1.21,1.3
2023-11-01,688268,67.93,68.74,69.05,67.3,7604,52892097.0,2.55,0.34,0.23,0.63
2023-11-02,688268,68.87,67.25,68.87,66.91,9182,63258286.0,2.85,-2.17,-1.49,0.76
2023-11-03,688268,67.59,69.19,69.54,67.11,10251,71604313.0,3.61,2.88,1.94,0.85
2023-11-06,688268,69.75,70.28,70.39,68.49,14360,101539940.0,2.75,1.58,1.09,1.19
2023-11-07,688268,69.83,69.9,70.5,69.1,6426,45538378.0,1.99,-0.54,-0.38,0.53
2023-11-08,688268,69.4,70.87,71.48,69.05,7681,54913038.0,3.48,1.39,0.97,0.64
2023-11-09,688268,71.87,70.43,72.89,70.2,11766,85460988.0,3.8,-0.62,-0.44,0.98
2023-11-10,688268,70.43,70.65,71.56,69.91,7924,57063369.0,2.34,0.31,0.22,0.66
2023-11-13,688268,71.29,70.86,71.3,70.09,5021,36005467.0,1.71,0.3,0.21,0.42
2023-11-14,688268,70.9,70.66,71.5,70.09,5089,36568619.0,1.99,-0.28,-0.2,0.42
2023-11-15,688268,71.34,70.78,71.73,70.26,5638,40563770.0,2.08,0.17,0.12,0.47
2023-11-16,688268,70.58,69.55,71.16,69.55,6896,49016899.0,2.27,-1.74,-1.23,0.57
2023-11-17,688268,69.89,69.97,70.3,69.18,4991,35390772.0,1.61,0.6,0.42,0.42
2023-11-20,688268,70.61,76.2,76.5,70.57,25594,191869357.0,8.48,8.9,6.23,2.13
2023-11-21,688268,74.9,75.05,75.87,73.48,15128,114719607.0,3.14,-1.51,-1.15,1.26
2023-11-22,688268,74.9,72.32,74.9,71.9,11418,84656567.0,4.0,-3.64,-2.73,0.95
2023-11-23,688268,72.47,73.62,73.87,71.8,7634,56613052.0,2.86,1.8,1.3,0.64
2023-11-24,688268,72.98,73.26,74.13,72.61,5875,43868768.0,2.06,-0.49,-0.36,0.49
2023-11-27,688268,72.06,75.41,76.55,72.02,9420,71870571.0,6.18,2.93,2.15,0.78
2023-11-28,688268,75.46,75.33,77.76,74.4,8060,62258092.0,4.46,-0.11,-0.08,0.67
2023-11-29,688268,75.3,75.14,76.47,73.58,7961,60349920.0,3.84,-0.25,-0.19,0.66
2023-11-30,688268,74.89,73.58,74.89,72.98,5616,42107355.0,2.54,-2.08,-1.56,0.47
2023-12-01,688268,73.58,73.46,74.33,72.56,5732,42785824.0,2.41,-0.16,-0.12,0.48
2023-12-04,688268,74.05,73.38,74.89,72.83,8822,66003847.0,2.8,-0.11,-0.08,0.73
2023-12-05,688268,72.9,72.44,74.49,72.06,6407,47432508.0,3.31,-1.28,-0.94,0.53
2023-12-06,688268,72.77,70.72,73.4,70.09,11912,86424660.0,4.57,-2.37,-1.72,0.99
2023-12-07,688268,70.24,69.31,71.24,68.7,14863,105078849.0,3.59,-1.99,-1.41,1.24
2023-12-08,688268,69.01,68.32,69.76,67.67,20851,144729397.0,3.02,-1.43,-0.99,1.73
2023-12-11,688268,67.97,68.38,68.55,66.43,11400,78152529.0,3.1,0.09,0.06,0.95
2023-12-12,688268,68.57,67.76,69.0,67.51,5326,36899672.0,2.18,-0.91,-0.62,0.44
2023-12-13,688268,68.0,66.69,68.35,66.54,6530,44606857.0,2.67,-1.58,-1.07,0.54
2023-12-14,688268,66.83,66.22,67.5,65.98,4859,33001636.0,2.28,-0.7,-0.47,0.4
2023-12-15,688268,66.84,65.59,67.15,65.53,3845,25847054.0,2.45,-0.95,-0.63,0.32
2023-12-18,688268,65.43,64.34,65.87,64.03,4478,29440116.0,2.81,-1.91,-1.25,0.37
2023-12-19,688268,64.71,64.73,65.65,63.9,5328,35083474.0,2.72,0.61,0.39,0.44
2023-12-20,688268,64.73,64.02,65.71,64.0,3131,20486352.0,2.64,-1.1,-0.71,0.26
2023-12-21,688268,64.0,64.28,65.19,63.07,3800,24775810.0,3.31,0.41,0.26,0.32
2023-12-22,688268,64.22,63.46,64.54,63.11,6599,42745724.0,2.22,-1.28,-0.82,0.55
2023-12-25,688268,63.46,63.23,64.25,62.89,2587,16625791.0,2.14,-0.36,-0.23,0.22
2023-12-26,688268,63.53,61.72,63.53,61.3,4153,26264966.0,3.53,-2.39,-1.51,0.35
2023-12-27,688268,62.14,63.58,64.78,61.26,7298,47112579.0,5.7,3.01,1.86,0.61
2023-12-28,688268,63.53,64.53,65.21,62.72,6625,43362699.0,3.92,1.49,0.95,0.55
2023-12-29,688268,64.52,66.28,67.3,64.2,6861,46278922.0,4.8,2.71,1.75,0.57
2024-01-02,688268,66.3,65.3,66.32,64.98,5537,36877649.0,2.02,-1.48,-0.98,0.46
2024-01-03,688268,65.15,63.95,65.49,62.98,6731,43850139.0,3.84,-2.07,-1.35,0.56
2024-01-04,688268,63.9,62.62,64.18,62.41,4643,29786250.0,2.77,-2.08,-1.33,0.39
2024-01-05,688268,62.42,61.31,63.04,61.12,5175,32635936.0,3.07,-2.09,-1.31,0.43
2024-01-08,688268,59.91,55.63,59.91,55.52,13190,76000232.0,7.16,-9.26,-5.68,1.1
2024-01-09,688268,55.9,56.07,57.5,55.6,6783,38982290.0,3.42,0.79,0.44,0.56
2024-01-10,688268,55.77,54.33,56.2,54.16,9088,51015999.0,3.64,-3.1,-1.74,0.76
2024-01-11,688268,54.4,55.49,56.08,53.28,10664,59204813.0,5.15,2.14,1.16,0.89
2024-01-12,688268,55.25,53.94,55.4,53.43,10006,55251900.0,3.55,-2.79,-1.55,0.83
2024-01-15,688268,53.84,53.3,54.3,52.8,7794,42511179.0,2.78,-1.19,-0.64,0.65
2024-01-16,688268,53.72,52.88,53.72,51.84,8394,45044903.0,3.53,-0.79,-0.42,0.7
2024-01-17,688268,52.43,51.5,53.05,51.4,10129,54003080.0,3.12,-2.61,-1.38,0.84
2024-01-18,688268,51.49,50.7,51.53,49.06,14274,72935825.0,4.8,-1.55,-0.8,1.19
2024-01-19,688268,50.9,50.62,51.81,50.48,8711,45517131.0,2.62,-0.16,-0.08,0.72
2024-01-22,688268,50.61,47.02,50.64,46.77,9993,49780609.0,7.65,-7.11,-3.6,0.83
2024-01-23,688268,46.18,48.95,49.65,46.18,15286,75772310.0,7.38,4.1,1.93,1.27
2024-01-24,688268,48.9,49.45,49.45,46.73,8944,43791178.0,5.56,1.02,0.5,0.74
2024-01-25,688268,48.7,50.4,50.63,47.67,13496,68205834.0,5.99,1.92,0.95,1.12
2024-01-26,688268,50.4,49.34,50.4,48.29,9094,45734197.0,4.19,-2.1,-1.06,0.76
2024-01-29,688268,48.93,54.39,54.39,46.58,11178,54917920.0,15.83,10.24,5.05,0.93
2024-01-30,688268,48.7,45.36,48.7,44.9,23935,112449720.0,6.99,-16.6,-9.03,1.99
2024-01-31,688268,44.36,42.69,44.77,42.29,18308,81557335.0,5.47,-5.89,-2.67,1.52
2024-02-01,688268,42.69,43.2,43.96,41.23,14047,61619085.0,6.39,1.19,0.51,1.17
2024-02-02,688268,43.46,40.16,43.46,38.88,16171,68164898.0,10.6,-7.04,-3.04,1.35
2024-02-05,688268,36.62,39.5,39.77,36.41,17569,69117044.0,8.37,-1.64,-0.66,1.46
2024-02-06,688268,37.71,41.9,43.0,36.43,20149,82937797.0,16.63,6.08,2.4,1.68
2024-02-07,688268,41.96,43.15,43.79,41.12,18336,80910369.0,6.37,2.98,1.25,1.53
2024-02-08,688268,42.26,46.4,47.58,42.26,20698,97373711.0,12.33,7.53,3.25,1.72
2024-02-19,688268,46.52,45.86,48.2,44.82,16818,79522603.0,7.28,-1.16,-0.54,1.4
2024-02-20,688268,46.15,45.94,46.23,44.85,6717,31322114.0,3.01,0.17,0.08,0.56
2024-02-21,688268,45.74,46.08,47.14,45.06,12965,61500550.0,4.53,0.3,0.14,1.08
2024-02-22,688268,45.78,46.97,47.4,45.7,11978,57087687.0,3.69,1.93,0.89,1.0
2024-02-23,688268,47.8,47.74,48.31,47.03,15255,74233702.0,2.73,1.64,0.77,1.27
2024-02-26,688268,47.37,47.78,48.86,46.4,16872,82075260.0,5.15,0.08,0.04,1.4
2024-02-27,688268,47.43,49.89,49.89,47.18,15021,74792103.0,5.67,4.42,2.11,1.25
2024-02-28,688268,49.91,46.03,51.2,45.91,21911,109355296.0,10.6,-7.74,-3.86,1.82
2024-02-29,688268,45.55,49.27,49.45,45.46,19111,94381588.0,8.67,7.04,3.24,1.59
2024-03-01,688268,50.95,49.75,51.2,48.9,21259,108449601.0,4.67,0.97,0.48,1.77
2024-03-04,688268,49.68,49.83,51.19,48.9,18303,93368298.0,4.6,0.16,0.08,1.52
2024-03-05,688268,49.8,48.5,49.8,48.05,15112,75101433.0,3.51,-2.67,-1.33,1.26
2024-03-06,688268,48.19,48.28,49.4,47.25,11041,54438029.0,4.43,-0.45,-0.22,0.92
2024-03-07,688268,48.75,48.14,49.86,47.98,18193,91174512.0,3.89,-0.29,-0.14,1.51
2024-03-08,688268,48.05,48.67,48.92,47.56,11401,56398629.0,2.83,1.1,0.53,0.95
2024-03-11,688268,48.4,49.37,49.39,47.71,11661,58389954.0,3.45,1.44,0.7,0.97
2024-03-12,688268,49.37,50.19,51.5,49.18,21696,111081928.0,4.7,1.66,0.82,1.8
2024-03-13,688268,50.4,49.78,50.73,49.5,13597,69502634.0,2.45,-0.82,-0.41,1.13
2024-03-14,688268,49.68,49.05,49.97,48.46,9642,48447613.0,3.03,-1.47,-0.73,0.8
2024-03-15,688268,48.9,49.43,49.69,48.4,8347,41895050.0,2.63,0.77,0.38,0.69
2024-03-18,688268,49.79,51.01,51.19,49.3,12763,65463220.0,3.82,3.2,1.58,1.06
2024-03-19,688268,50.79,50.5,51.18,50.4,9487,49223035.0,1.53,-1.0,-0.51,0.79
2024-03-20,688268,50.78,51.18,52.08,50.5,11798,61680238.0,3.13,1.35,0.68,0.98
2024-03-21,688268,52.2,50.54,52.8,50.35,12823,67338118.0,4.79,-1.25,-0.64,1.07
2024-03-22,688268,50.72,49.91,51.34,49.6,10244,52746558.0,3.44,-1.25,-0.63,0.85
2024-03-25,688268,49.89,47.82,50.22,47.81,12907,64366599.0,4.83,-4.19,-2.09,1.07
2024-03-26,688268,47.57,46.68,48.75,45.76,15567,74652099.0,6.25,-2.38,-1.14,1.29
2024-03-27,688268,46.58,44.4,46.68,44.4,10282,47662232.0,4.88,-4.88,-2.28,0.86
2024-03-28,688268,44.4,45.56,46.31,44.19,11778,54587911.0,4.77,2.61,1.16,0.98
2024-03-29,688268,45.65,45.15,45.75,44.58,8344,38510141.0,2.57,-0.9,-0.41,0.69
2024-04-01,688268,46.1,47.23,47.26,46.09,10852,51825682.0,2.59,4.61,2.08,0.9
2024-04-02,688268,47.25,46.87,47.3,46.1,6957,33267018.0,2.54,-0.76,-0.36,0.58
2024-04-03,688268,46.87,45.83,46.99,45.51,9747,45987141.0,3.16,-2.22,-1.04,0.81
2024-04-08,688268,45.65,43.17,45.65,43.12,12404,55994549.0,5.52,-5.8,-2.66,1.03
2024-04-09,688268,43.28,44.29,44.69,43.08,14488,65313511.0,3.73,2.59,1.12,1.21
2024-04-10,688268,44.2,42.91,44.2,42.56,9231,40862824.0,3.7,-3.12,-1.38,0.77
2024-04-11,688268,42.62,42.64,43.6,42.27,9655,42520163.0,3.1,-0.63,-0.27,0.8
2024-04-12,688268,43.0,43.48,44.11,42.71,13390,59502309.0,3.28,1.97,0.84,1.11
2024-04-15,688268,43.48,43.21,44.39,42.58,11754,52309068.0,4.16,-0.62,-0.27,0.98
2024-04-16,688268,42.88,41.25,42.88,41.15,13199,56927116.0,4.0,-4.54,-1.96,1.1
2024-04-17,688268,41.9,42.97,43.09,41.61,10053,43896165.0,3.59,4.17,1.72,0.84
2024-04-18,688268,42.88,43.33,44.08,42.38,11160,49685147.0,3.96,0.84,0.36,0.93
2024-04-19,688268,43.11,43.21,43.73,42.4,8086,35659468.0,3.07,-0.28,-0.12,0.67
2024-04-22,688268,42.9,43.36,43.67,41.82,6110,26882265.0,4.28,0.35,0.15,0.51
2024-04-23,688268,43.36,43.85,44.2,43.06,7531,33760948.0,2.63,1.13,0.49,0.63
2024-04-24,688268,43.85,45.93,46.38,43.85,13933,65028649.0,5.77,4.74,2.08,1.16
2024-04-25,688268,45.93,45.82,46.75,45.52,8246,38920330.0,2.68,-0.24,-0.11,0.69
2024-04-26,688268,45.5,47.65,47.74,45.47,14819,71182309.0,4.95,3.99,1.83,1.23
2024-04-29,688268,47.31,50.89,51.22,47.21,20479,104088582.0,8.42,6.8,3.24,1.7
2024-04-30,688268,51.34,50.64,51.5,50.11,12900,66978927.0,2.73,-0.49,-0.25,1.07
2024-05-06,688268,51.67,51.87,51.99,50.64,12993,68330177.0,2.67,2.43,1.23,1.08
2024-05-07,688268,51.7,53.18,53.39,51.67,13159,71262216.0,3.32,2.53,1.31,1.09
2024-05-08,688268,53.2,52.4,53.55,51.92,10756,57808618.0,3.07,-1.47,-0.78,0.89
2024-05-09,688268,52.41,52.48,53.59,52.02,12415,66698598.0,3.0,0.15,0.08,1.03
2024-05-10,688268,52.5,50.82,52.55,50.65,11523,60185392.0,3.62,-3.16,-1.66,0.96
2024-05-13,688268,51.39,50.37,51.47,49.98,9568,49557526.0,2.93,-0.89,-0.45,0.8
2024-05-14,688268,50.55,49.9,51.11,49.7,6297,32190817.0,2.8,-0.93,-0.47,0.52
2024-05-15,688268,49.81,49.48,50.07,49.05,4441,22538000.0,2.04,-0.84,-0.42,0.37
2024-05-16,688268,50.03,49.25,50.03,48.9,6703,33850562.0,2.28,-0.46,-0.23,0.56
2024-05-17,688268,49.49,50.35,50.4,48.8,6175,31314981.0,3.25,2.23,1.1,0.51
2024-05-20,688268,50.21,51.25,51.29,50.12,8465,43974494.0,2.32,1.79,0.9,0.7
2024-05-21,688268,51.46,50.22,51.46,49.78,7429,38152280.0,3.28,-2.01,-1.03,0.62
2024-05-22,688268,50.58,49.58,50.73,49.1,7051,35705187.0,3.25,-1.27,-0.64,0.59
2024-05-23,688268,49.59,48.72,49.76,48.45,6492,32456223.0,2.64,-1.73,-0.86,0.54
2024-05-24,688268,48.7,47.59,48.71,47.05,10312,50426062.0,3.41,-2.32,-1.13,0.86
2024-05-27,688268,43.98,48.14,48.39,43.98,19954,94730284.0,9.27,1.16,0.55,1.66
2024-05-28,688268,48.1,49.63,51.08,47.71,21916,111453981.0,7.0,3.1,1.49,1.82
2024-05-29,688268,49.4,48.57,50.32,48.25,9079,45638468.0,4.17,-2.14,-1.06,0.76
2024-05-30,688268,48.37,49.84,49.86,48.17,7655,38688869.0,3.48,2.61,1.27,0.64
2024-05-31,688268,49.3,49.71,50.39,49.26,5424,27584321.0,2.27,-0.26,-0.13,0.45
2024-06-03,688268,49.72,51.19,51.75,49.41,14691,76708762.0,4.71,2.98,1.48,1.22
2024-06-04,688268,51.1,51.09,51.44,49.79,9307,47999644.0,3.22,-0.2,-0.1,0.77
2024-06-05,688268,50.5,50.95,52.23,50.5,8221,43178648.0,3.39,-0.27,-0.14,0.68
2024-06-06,688268,50.74,50.85,53.39,50.74,18847,100651539.0,5.2,-0.2,-0.1,1.57
2024-06-07,688268,50.36,50.34,52.5,50.08,10376,54325266.0,4.76,-1.0,-0.51,0.86
2024-06-11,688268,49.85,53.02,53.8,49.6,23364,123508078.0,8.34,5.32,2.68,1.94
2024-06-12,688268,52.74,53.11,53.79,51.9,15109,81731860.0,3.56,0.17,0.09,1.26
2024-06-13,688268,53.2,55.23,55.39,53.1,21528,119453247.0,4.31,3.99,2.12,1.79
2024-06-14,688268,54.7,54.76,55.19,53.28,18199,100588072.0,3.46,-0.85,-0.47,1.51
2024-06-17,688268,54.2,56.9,57.59,54.05,16492,94401617.0,6.46,3.91,2.14,1.37
2024-06-18,688268,56.42,56.15,57.69,55.43,10843,62093433.0,3.97,-1.32,-0.75,0.9
2024-06-19,688268,56.2,55.05,56.7,54.9,14898,84538019.0,3.21,-1.96,-1.1,1.24
2024-06-20,688268,53.9,54.68,56.35,53.71,12421,69913712.0,4.8,-0.67,-0.37,1.03
2024-06-21,688268,53.73,53.94,55.14,53.45,9691,53494918.0,3.09,-1.35,-0.74,0.81
2024-06-24,688268,54.2,52.1,55.1,52.05,14246,77697816.0,5.65,-3.41,-1.84,1.18
2024-06-25,688268,51.79,50.37,52.54,50.17,11563,60259051.0,4.55,-3.32,-1.73,0.96
2024-06-26,688268,50.38,51.29,51.66,49.93,8954,46519714.0,3.43,1.83,0.92,0.74
2024-06-27,688268,50.86,51.06,52.9,50.86,12771,67592944.0,3.98,-0.45,-0.23,1.06
2024-06-28,688268,51.02,50.51,52.38,49.93,10700,56085093.0,4.8,-1.08,-0.55,0.89
2024-07-01,688268,50.51,50.46,51.14,48.72,9493,48399163.0,4.79,-0.1,-0.05,0.79
2024-07-02,688268,50.16,49.52,50.2,49.28,6190,31420091.0,1.82,-1.86,-0.94,0.51
2024-07-03,688268,49.4,49.02,50.4,48.33,9570,48128008.0,4.18,-1.01,-0.5,0.8
2024-07-04,688268,48.74,47.75,49.46,47.55,7773,38428514.0,3.9,-2.59,-1.27,0.65
2024-07-05,688268,47.7,47.45,48.14,45.41,12380,58703570.0,5.72,-0.63,-0.3,1.03
2024-07-08,688268,47.4,46.37,48.03,46.21,8583,40999515.0,3.84,-2.28,-1.08,0.71
2024-07-09,688268,46.11,48.3,48.55,46.0,9661,46450537.0,5.5,4.16,1.93,0.8
2024-07-10,688268,48.07,47.71,48.98,47.44,5926,28954824.0,3.19,-1.22,-0.59,0.49
2024-07-11,688268,48.54,48.0,48.97,47.4,13955,67875793.0,3.29,0.61,0.29,1.16
2024-07-12,688268,48.3,48.73,48.96,47.28,10225,49959324.0,3.5,1.52,0.73,0.85
2024-07-15,688268,48.79,49.08,50.4,48.37,12876,64688887.0,4.17,0.72,0.35,1.07
2024-07-16,688268,49.08,50.48,50.5,48.13,10492,52537638.0,4.83,2.85,1.4,0.87
2024-07-17,688268,50.54,50.06,50.79,49.59,7543,38228183.0,2.38,-0.83,-0.42,0.63
2024-07-18,688268,49.78,50.67,51.1,48.57,10750,54409249.0,5.05,1.22,0.61,0.89
2024-07-19,688268,51.1,52.22,53.06,50.6,14193,74819193.0,4.85,3.06,1.55,1.18
2024-07-22,688268,51.9,51.89,52.35,51.42,8592,45026764.0,1.78,-0.63,-0.33,0.71
2024-07-23,688268,51.9,48.23,52.3,48.1,12504,62902180.0,8.09,-7.05,-3.66,1.04
2024-07-24,688268,47.95,47.32,48.83,47.24,7286,35443157.0,3.3,-1.89,-0.91,0.61
2024-07-25,688268,46.85,46.9,48.31,46.72,5990,28758182.0,3.36,-0.89,-0.42,0.5
2024-07-26,688268,46.9,47.06,47.56,46.47,5019,23898145.0,2.32,0.34,0.16,0.42
2024-07-29,688268,47.07,46.06,47.33,45.91,7666,36024867.0,3.02,-2.12,-1.0,0.64
2024-07-30,688268,46.15,46.52,46.97,45.58,7381,34641736.0,3.02,1.0,0.46,0.61
2024-07-31,688268,46.56,50.15,50.15,46.12,18283,89969311.0,8.66,7.8,3.63,1.52
2024-08-01,688268,50.4,49.68,50.9,49.51,7523,38172663.0,2.77,-0.94,-0.47,0.63
2024-08-02,688268,49.4,47.66,49.41,47.41,6872,33682849.0,4.03,-4.07,-2.02,0.57
2024-08-05,688268,47.41,46.23,48.08,46.15,10131,48123091.0,4.05,-3.0,-1.43,0.84
2024-08-06,688268,46.59,46.74,47.58,46.14,4784,22626537.0,3.11,1.1,0.51,0.4
2024-08-07,688268,46.5,46.54,47.18,46.32,3869,18302600.0,1.84,-0.43,-0.2,0.32
2024-08-08,688268,46.31,46.93,47.59,45.7,5503,26008008.0,4.06,0.84,0.39,0.46
2024-08-09,688268,47.4,46.07,48.15,46.07,4787,22752607.0,4.43,-1.83,-0.86,0.4
2024-08-12,688268,45.73,44.61,46.08,44.18,10831,49170702.0,4.12,-3.17,-1.46,0.9
2024-08-13,688268,44.9,44.81,45.09,43.83,6221,27924238.0,2.82,0.45,0.2,0.52
2024-08-14,688268,44.8,43.16,44.8,43.06,9265,41151786.0,3.88,-3.68,-1.65,0.77
2024-08-15,688268,43.11,43.23,44.25,42.45,6123,26856589.0,4.17,0.16,0.07,0.51
2024-08-16,688268,43.12,43.12,43.9,43.1,5011,22048674.0,1.85,-0.25,-0.11,0.42
2024-08-19,688268,43.15,42.8,43.77,42.67,4750,20740403.0,2.55,-0.74,-0.32,0.4
2024-08-20,688268,43.4,41.29,43.4,40.71,13581,57196540.0,6.29,-3.53,-1.51,1.13
2024-08-21,688268,40.9,40.71,41.57,40.23,6572,27195559.0,3.25,-1.4,-0.58,0.55
2024-08-22,688268,40.7,40.18,41.18,39.28,9714,39282160.0,4.67,-1.3,-0.53,0.81
2024-08-23,688268,39.95,39.78,40.08,39.26,5144,20717872.0,2.04,-1.0,-0.4,0.43
2024-08-26,688268,39.58,40.31,40.85,39.58,6297,25823050.0,3.19,1.33,0.53,0.52
2024-08-27,688268,40.04,39.65,40.48,39.48,3445,13921907.0,2.48,-1.64,-0.66,0.29
2024-08-28,688268,39.64,40.1,40.53,39.3,4162,16910648.0,3.1,1.13,0.45,0.35
2024-08-29,688268,39.87,41.31,41.4,39.69,6243,25914482.0,4.26,3.02,1.21,0.52
2024-08-30,688268,42.4,44.21,46.09,41.46,27201,120904104.0,11.21,7.02,2.9,2.26
2024-09-02,688268,44.37,42.52,44.49,42.43,17724,77837824.0,4.66,-3.82,-1.69,1.47
2024-09-03,688268,42.4,43.03,43.61,42.4,6195,27052403.0,2.85,1.2,0.51,0.52
2024-09-04,688268,42.42,43.59,44.55,42.42,12703,56191766.0,4.95,1.3,0.56,1.06
2024-09-05,688268,43.51,43.2,43.94,42.91,6190,27272315.0,2.36,-0.89,-0.39,0.51
2024-09-06,688268,43.29,42.03,43.7,41.92,7653,32952710.0,4.12,-2.71,-1.17,0.64
2024-09-09,688268,42.05,41.38,42.6,41.3,5715,24264392.0,3.09,-1.55,-0.65,0.48
2024-09-10,688268,41.4,42.0,42.02,40.71,7604,31939180.0,3.17,1.5,0.62,0.63
2024-09-11,688268,42.3,41.62,42.42,41.37,7995,33842504.0,2.5,-0.9,-0.38,0.66
2024-09-12,688268,41.75,40.59,41.79,40.43,10921,45515668.0,3.27,-2.47,-1.03,0.91
2024-09-13,688268,40.5,39.92,40.77,39.9,8016,32788236.0,2.14,-1.65,-0.67,0.67
2024-09-18,688268,40.82,39.97,41.4,39.5,11739,47936763.0,4.76,0.13,0.05,0.98
2024-09-19,688268,40.3,39.6,40.79,39.41,19941,80827636.0,3.45,-0.93,-0.37,1.66
2024-09-20,688268,39.59,39.01,40.03,38.72,12096,48225406.0,3.31,-1.49,-0.59,1.01
2024-09-23,688268,39.01,38.84,39.4,38.37,9417,37161330.0,2.64,-0.44,-0.17,0.78
2024-09-24,688268,39.18,40.8,40.99,38.84,15271,62035095.0,5.54,5.05,1.96,1.27
2024-09-25,688268,41.4,40.91,42.25,40.82,17914,75555627.0,3.5,0.27,0.11,1.49
2024-09-26,688268,40.79,43.31,43.57,40.45,19617,83672865.0,7.63,5.87,2.4,1.63
2024-09-27,688268,43.82,46.29,46.48,43.56,15868,72229128.0,6.74,6.88,2.98,1.32
2024-09-30,688268,48.43,53.78,53.8,47.4,36112,186671042.0,13.83,16.18,7.49,3.0
2024-10-08,688268,64.6,63.79,64.6,56.41,57821,360318922.0,15.23,18.61,10.01,4.81
2024-10-09,688268,61.4,56.4,62.87,54.78,62207,371154049.0,12.68,-11.58,-7.39,5.17
2024-10-10,688268,56.91,55.85,58.29,54.74,32659,187609851.0,6.29,-0.98,-0.55,2.72
2024-10-11,688268,54.9,50.31,55.88,49.92,32382,171020719.0,10.67,-9.92,-5.54,2.69
2024-10-14,688268,50.6,52.31,52.38,49.08,25143,129729683.0,6.56,3.98,2.0,2.09
2024-10-15,688268,52.32,51.43,53.65,51.43,21279,112867478.0,4.24,-1.68,-0.88,1.77
2024-10-16,688268,50.91,51.33,52.46,50.45,15140,79086819.0,3.91,-0.19,-0.1,1.26
2024-10-17,688268,51.71,50.95,52.45,50.91,13527,70890296.0,3.0,-0.74,-0.38,1.13
2024-10-18,688268,50.95,55.03,57.88,50.55,38852,212819127.0,14.39,8.01,4.08,3.23
2024-10-21,688268,55.76,55.96,59.28,54.9,40405,231935199.0,7.96,1.69,0.93,3.36
2024-10-22,688268,56.54,56.2,57.88,55.4,32250,183982200.0,4.43,0.43,0.24,2.68
2024-10-23,688268,55.91,54.88,56.38,54.4,30010,168373641.0,3.52,-2.35,-1.32,2.5
2024-10-24,688268,54.48,54.73,55.33,54.14,15746,87171480.0,2.17,-0.27,-0.15,1.31
2024-10-25,688268,55.01,55.89,56.34,54.23,18167,101570943.0,3.86,2.12,1.16,1.51
2024-10-28,688268,55.99,55.64,55.99,54.61,13876,77643239.0,2.47,-0.45,-0.25,1.15
2024-10-29,688268,55.4,54.8,56.62,54.54,17640,98709769.0,3.74,-1.51,-0.84,1.47
2024-10-30,688268,53.5,51.95,53.58,51.25,31619,166553714.0,4.25,-5.2,-2.85,2.63
2024-10-31,688268,51.6,52.38,53.08,50.13,26333,137891572.0,5.68,0.83,0.43,2.19
2024-11-01,688268,52.42,51.91,53.26,50.93,23854,125680488.0,4.45,-0.9,-0.47,1.98
2024-11-04,688268,51.47,52.6,53.23,50.98,15652,83161790.0,4.33,1.33,0.69,1.3
2024-11-05,688268,52.2,54.6,54.88,52.2,23270,126925846.0,5.1,3.8,2.0,1.94
2024-11-06,688268,54.9,54.46,55.75,53.81,24906,137741699.0,3.55,-0.26,-0.14,2.07
2024-11-07,688268,54.4,55.48,55.7,53.92,23417,130012499.0,3.27,1.87,1.02,1.95
2024-11-08,688268,55.92,57.48,58.6,55.92,42059,244634872.0,4.83,3.6,2.0,3.5
2024-11-11,688268,57.77,60.16,60.98,57.51,45896,277073715.0,6.04,4.66,2.68,3.82
2024-11-12,688268,60.15,57.55,60.7,56.9,43386,256688537.0,6.32,-4.34,-2.61,3.61
2024-11-13,688268,56.92,57.48,57.98,56.1,21298,122889781.0,3.27,-0.12,-0.07,1.77
2024-11-14,688268,57.4,55.02,57.4,54.78,20916,118426267.0,4.56,-4.28,-2.46,1.74
2024-11-15,688268,55.02,52.53,55.4,52.53,20191,110058561.0,5.22,-4.53,-2.49,1.68
2024-11-18,688268,52.95,51.49,53.28,50.95,16497,86514155.0,4.44,-1.98,-1.04,1.37
2024-11-19,688268,52.0,53.48,53.69,51.43,13758,72925432.0,4.39,3.86,1.99,1.14
2024-11-20,688268,53.13,53.9,54.54,53.0,15800,85713294.0,2.88,0.79,0.42,1.31
2024-11-21,688268,53.77,52.4,54.22,52.02,19329,103580316.0,4.08,-2.78,-1.5,1.61
2024-11-22,688268,52.45,50.65,53.6,50.6,19431,102651760.0,5.73,-3.34,-1.75,1.62
2024-11-25,688268,50.3,51.07,51.92,50.09,12305,63347782.0,3.61,0.83,0.42,1.02
2024-11-26,688268,50.72,50.21,51.4,50.0,9780,50160299.0,2.74,-1.68,-0.86,0.81
2024-11-27,688268,50.03,51.3,51.3,48.41,16210,81501560.0,5.76,2.17,1.09,1.35
2024-11-28,688268,51.06,51.25,51.79,50.66,11640,60308298.0,2.2,-0.1,-0.05,0.97
2024-11-29,688268,51.36,51.6,52.63,50.21,15093,78721899.0,4.72,0.68,0.35,1.26
2024-12-02,688268,51.6,52.16,52.49,51.15,13192,69301753.0,2.6,1.09,0.56,1.1
2024-12-03,688268,52.2,51.78,52.9,51.25,13524,71243692.0,3.16,-0.73,-0.38,1.12
2024-12-04,688268,52.23,50.92,52.72,50.73,14897,77737912.0,3.84,-1.66,-0.86,1.24
2024-12-05,688268,50.52,51.06,51.48,50.52,8176,42245975.0,1.89,0.27,0.14,0.68
2024-12-06,688268,51.14,51.55,51.84,49.9,15063,77900017.0,3.8,0.96,0.49,1.25
2024-12-09,688268,51.55,50.8,51.78,50.42,9649,49893284.0,2.64,-1.45,-0.75,0.8
2024-12-10,688268,52.25,51.0,52.78,50.91,17811,93611344.0,3.68,0.39,0.2,1.48
2024-12-11,688268,51.09,51.75,52.35,51.09,11402,59703799.0,2.47,1.47,0.75,0.95
2024-12-12,688268,51.8,51.75,52.24,51.01,10221,53249651.0,2.38,0.0,0.0,0.85
2024-12-13,688268,51.45,50.61,51.59,50.55,12593,64842275.0,2.01,-2.2,-1.14,1.05
2024-12-16,688268,50.5,50.12,50.87,49.91,9485,48246149.0,1.9,-0.97,-0.49,0.79
2024-12-17,688268,49.92,49.3,50.41,49.29,7812,39268625.0,2.23,-1.64,-0.82,0.65
2024-12-18,688268,49.29,49.4,50.06,49.21,7523,37754946.0,1.72,0.2,0.1,0.63
2024-12-19,688268,48.91,49.35,49.53,48.5,15306,75916205.0,2.09,-0.1,-0.05,1.27
2024-12-20,688268,49.11,50.36,51.15,48.91,14809,75297543.0,4.54,2.05,1.01,1.23
2024-12-23,688268,50.25,48.58,50.56,48.42,19155,95183581.0,4.25,-3.53,-1.78,1.59
2024-12-24,688268,48.57,48.35,48.87,47.31,18637,90523577.0,3.21,-0.47,-0.23,1.55
2024-12-25,688268,48.35,47.1,48.36,46.92,12361,59518859.0,2.98,-2.59,-1.25,1.03
2024-12-26,688268,47.11,47.62,48.0,47.01,12663,60937330.0,2.1,1.1,0.52,1.05
2024-12-27,688268,47.66,47.38,48.28,47.36,12050,58384692.0,1.93,-0.5,-0.24,1.0
2024-12-30,688268,47.32,46.88,47.86,46.41,10606,50572205.0,3.06,-1.06,-0.5,0.88
2024-12-31,688268,46.96,45.32,47.17,45.27,14402,66917546.0,4.05,-3.33,-1.56,1.2
2025-01-02,688268,45.27,43.97,45.6,43.57,11944,53997750.0,4.48,-2.98,-1.35,0.99
2025-01-03,688268,44.17,43.15,44.55,43.02,10794,47877770.0,3.48,-1.86,-0.82,0.9
2025-01-06,688268,43.0,42.77,43.59,42.48,9795,42740026.0,2.57,-0.88,-0.38,0.81
2025-01-07,688268,42.98,43.32,43.41,42.41,8693,37879843.0,2.34,1.29,0.55,0.72
2025-01-08,688268,43.23,43.19,43.6,41.8,10498,45472696.0,4.16,-0.3,-0.13,0.87
2025-01-09,688268,43.13,43.28,43.82,42.76,7611,33480417.0,2.45,0.21,0.09,0.63
2025-01-10,688268,43.4,42.28,44.07,42.28,8886,39091945.0,4.14,-2.31,-1.0,0.74
2025-01-13,688268,41.65,42.6,42.88,41.6,10916,46793899.0,3.03,0.76,0.32,0.91
2025-01-14,688268,43.09,44.07,44.15,42.59,13518,59647980.0,3.66,3.45,1.47,1.12
2025-01-15,688268,44.07,43.43,44.14,43.41,6872,30401174.0,1.66,-1.45,-0.64,0.57
2025-01-16,688268,43.66,43.71,44.52,43.4,8906,39622352.0,2.58,0.64,0.28,0.74
2025-01-17,688268,43.64,44.42,44.9,43.57,10996,49287078.0,3.04,1.62,0.71,0.91
2025-01-20,688268,44.65,44.63,44.86,44.17,9175,41432591.0,1.55,0.47,0.21,0.76
2025-01-21,688268,45.28,44.62,45.28,44.11,7763,35017105.0,2.62,-0.02,-0.01,0.65
2025-01-22,688268,44.52,44.15,44.88,43.96,8319,37322405.0,2.06,-1.05,-0.47,0.69
2025-01-23,688268,44.65,43.67,45.06,43.63,13668,61378736.0,3.24,-1.09,-0.48,1.14
2025-01-24,688268,43.62,44.21,44.31,43.5,10331,46114399.0,1.85,1.24,0.54,0.86
2025-01-27,688268,43.98,43.3,44.38,43.28,10408,46067755.0,2.49,-2.06,-0.91,0.87
2025-02-05,688268,43.93,43.56,44.25,43.34,10497,46672126.0,2.1,0.6,0.26,0.87
2025-02-06,688268,43.44,45.22,45.25,43.4,15025,68007745.0,4.25,3.81,1.66,1.25
2025-02-07,688268,45.3,45.7,46.51,45.15,16204,75286532.0,3.01,1.06,0.48,1.35
2025-02-10,688268,46.15,45.68,46.2,45.48,20860,96627522.0,1.58,-0.04,-0.02,1.74
2025-02-11,688268,45.69,44.78,46.0,44.4,20223,91885410.0,3.5,-1.97,-0.9,1.68
2025-02-12,688268,44.8,46.06,46.07,44.39,20570,94239757.0,3.75,2.86,1.28,1.71
2025-02-13,688268,45.92,45.15,46.2,45.15,15261,70384901.0,2.28,-1.98,-0.91,1.27
2025-02-14,688268,45.1,45.54,45.66,44.9,13679,62777269.0,1.68,0.86,0.39,1.14
2025-02-17,688268,45.54,45.26,45.7,45.0,15077,69213518.0,1.54,-0.61,-0.28,1.25
2025-02-18,688268,45.42,44.56,46.18,44.45,17539,80676881.0,3.82,-1.55,-0.7,1.46
2025-02-19,688268,44.42,45.87,45.9,44.42,20303,93618448.0,3.32,2.94,1.31,1.69
2025-02-20,688268,45.84,46.29,46.5,45.68,17113,80048118.0,1.79,0.92,0.42,1.42
2025-02-21,688268,46.48,47.52,47.69,45.78,25634,121814173.0,4.13,2.66,1.23,2.13
2025-02-24,688268,47.7,47.56,47.98,47.13,19192,92355944.0,1.79,0.08,0.04,1.6
2025-02-25,688268,46.9,47.72,48.53,46.87,22283,107600105.0,3.49,0.34,0.16,1.85
2025-02-26,688268,48.96,48.51,49.28,47.96,27796,136869194.0,2.77,1.66,0.79,2.31
2025-02-27,688268,48.35,48.94,49.28,48.09,23848,117299929.0,2.45,0.89,0.43,1.98
2025-02-28,688268,48.73,47.76,49.28,47.48,25294,123576398.0,3.68,-2.41,-1.18,2.1
2025-03-03,688268,48.06,47.66,48.55,47.47,18175,88378991.0,2.26,-0.21,-0.1,1.51
2025-03-04,688268,47.39,48.55,48.69,46.93,22307,108556581.0,3.69,1.87,0.89,1.86
2025-03-05,688268,48.6,48.65,49.39,48.19,18967,93481528.0,2.47,0.21,0.1,1.58
2025-03-06,688268,48.99,49.14,49.58,48.67,26183,130580146.0,1.87,1.01,0.49,2.18
2025-03-07,688268,49.33,48.2,49.36,47.95,20142,98939734.0,2.87,-1.91,-0.94,1.68
2025-03-10,688268,47.77,48.26,49.09,47.7,13107,64191388.0,2.88,0.12,0.06,1.09
2025-03-11,688268,47.99,48.76,49.38,47.61,13850,68023615.0,3.67,1.04,0.5,1.15
2025-03-12,688268,48.78,48.41,49.36,48.38,18572,91757717.0,2.01,-0.72,-0.35,1.54
2025-03-13,688268,48.18,47.35,48.24,47.01,15163,72892137.0,2.54,-2.19,-1.06,1.26
2025-03-14,688268,47.47,48.07,48.12,47.0,12178,58956403.0,2.37,1.52,0.72,1.01
2025-03-17,688268,48.07,48.35,48.36,47.79,12081,58861465.0,1.19,0.58,0.28,1.0
2025-03-18,688268,48.42,48.26,48.98,47.9,11212,55008995.0,2.23,-0.19,-0.09,0.93
2025-03-19,688268,47.82,47.27,48.23,47.18,12891,62012447.0,2.18,-2.05,-0.99,1.07
2025-03-20,688268,47.38,47.03,47.55,46.96,9323,44610596.0,1.25,-0.51,-0.24,0.78
2025-03-21,688268,46.91,46.0,47.03,45.91,12502,58713275.0,2.38,-2.19,-1.03,1.04
2025-03-24,688268,46.0,46.04,46.45,45.04,12993,60286527.0,3.07,0.09,0.04,1.08
2025-03-25,688268,46.23,46.42,46.73,45.48,8717,40744078.0,2.72,0.83,0.38,0.73
2025-03-26,688268,46.18,46.45,46.9,45.91,8898,41993746.0,2.13,0.06,0.03,0.74
2025-03-27,688268,46.3,50.25,51.65,46.05,74350,374572942.0,12.06,8.18,3.8,6.18
2025-03-28,688268,50.35,48.7,51.25,48.2,48796,242975565.0,6.07,-3.08,-1.55,4.06
2025-03-31,688268,48.68,51.09,51.5,48.45,74886,382628289.0,6.26,4.91,2.39,6.23
2025-04-01,688268,50.37,51.06,52.6,49.9,59484,308587833.0,5.28,-0.06,-0.03,4.95
2025-04-02,688268,52.57,51.11,54.9,50.59,61314,323580362.0,8.44,0.1,0.05,5.1
2025-04-03,688268,49.32,49.86,51.92,49.05,49073,248300700.0,5.62,-2.45,-1.25,4.08
2025-04-07,688268,46.88,47.44,50.9,45.96,69575,341431668.0,9.91,-4.85,-2.42,5.79
2025-04-08,688268,47.7,48.8,49.69,46.7,53425,260607690.0,6.3,2.87,1.36,4.44
2025-04-09,688268,48.29,52.25,52.66,46.05,79672,407122563.0,13.55,7.07,3.45,6.63
2025-04-10,688268,51.78,51.9,54.4,51.23,83599,446462384.0,6.07,-0.67,-0.35,6.95
2025-04-11,688268,52.66,53.57,54.51,51.95,76921,414141615.0,4.93,3.22,1.67,6.4
2025-04-14,688268,53.8,55.98,57.4,52.7,79559,442904241.0,8.77,4.5,2.41,6.62
2025-04-15,688268,54.98,54.45,55.53,53.85,42720,235026871.0,3.0,-2.73,-1.53,3.55
2025-04-16,688268,53.75,54.26,55.3,52.91,43408,237313997.0,4.39,-0.35,-0.19,3.61
2025-04-17,688268,54.06,53.55,55.91,53.37,44391,245972433.0,4.68,-1.31,-0.71,3.69
2025-04-18,688268,52.8,51.71,53.55,51.5,39874,210338759.0,3.83,-3.44,-1.84,3.32
2025-04-21,688268,51.89,52.42,52.68,51.73,26075,137727842.0,1.84,1.37,0.71,2.17
2025-04-22,688268,52.16,54.41,54.88,51.9,47795,259531991.0,5.68,3.8,1.99,3.98
2025-04-23,688268,53.59,53.1,53.65,51.91,46308,247682925.0,3.2,-2.41,-1.31,3.85
2025-04-24,688268,53.15,50.48,53.2,50.35,41513,215431732.0,5.37,-4.93,-2.62,3.45
2025-04-25,688268,50.49,50.56,50.9,50.0,20397,104216954.0,1.78,0.16,0.08,1.7
2025-04-28,688268,50.54,50.82,51.38,49.71,18969,97427146.0,3.3,0.51,0.26,1.58
2025-04-29,688268,50.4,51.26,51.57,49.79,23600,121224991.0,3.5,0.87,0.44,1.96
2025-04-30,688268,51.09,51.61,51.85,50.94,22792,118621054.0,1.78,0.68,0.35,1.9
2025-05-06,688268,51.94,53.77,53.9,51.64,39581,211587407.0,4.38,4.19,2.16,3.29
2025-05-07,688268,54.12,53.5,54.55,52.77,33797,182975700.0,3.31,-0.5,-0.27,2.81
2025-05-08,688268,53.1,53.44,53.87,52.86,20972,113221318.0,1.89,-0.11,-0.06,1.74
2025-05-09,688268,53.4,51.9,53.4,51.45,23255,122301713.0,3.65,-2.88,-1.54,1.93
2025-05-12,688268,52.32,52.05,52.58,51.56,18075,95024617.0,1.97,0.29,0.15,1.5
2025-05-13,688268,52.36,51.2,52.53,51.15,19893,103864364.0,2.65,-1.63,-0.85,1.65
2025-05-14,688268,51.57,51.66,51.8,50.43,17212,89357169.0,2.68,0.9,0.46,1.43
2025-05-15,688268,50.8,48.93,50.89,48.9,35470,177158332.0,3.85,-5.28,-2.73,2.95
2025-05-16,688268,49.17,48.28,49.23,48.18,17004,83888619.0,2.15,-1.33,-0.65,1.41
2025-05-19,688268,48.28,49.65,49.78,48.08,20138,99845798.0,3.52,2.84,1.37,1.68
2025-05-20,688268,49.4,49.38,49.84,48.92,15240,76092742.0,1.85,-0.54,-0.27,1.27
2025-05-21,688268,49.3,50.19,50.65,48.9,20197,101865238.0,3.54,1.64,0.81,1.68
2025-05-22,688268,49.75,49.49,50.5,49.47,15395,77922041.0,2.05,-1.39,-0.7,1.28
2025-05-23,688268,49.4,48.4,49.79,48.4,16027,79676034.0,2.81,-2.2,-1.09,1.33
2025-05-26,688268,48.5,48.52,49.19,48.2,15539,76530446.0,2.05,0.25,0.12,1.29
2025-05-27,688268,48.49,49.28,49.68,48.03,14659,72988660.0,3.4,1.57,0.76,1.22
2025-05-28,688268,49.0,48.31,49.35,48.31,12116,59643168.0,2.11,-1.97,-0.97,1.01
2025-05-29,688268,48.49,49.39,49.58,48.19,15907,79009637.0,2.88,2.24,1.08,1.32
2025-05-30,688268,49.41,48.71,49.54,48.48,11798,58240010.0,2.15,-1.38,-0.68,0.98
2025-06-03,688268,48.22,47.26,48.77,47.25,27376,132729225.0,3.12,-2.98,-1.45,2.28
2025-06-04,688268,47.31,48.31,48.8,47.15,23421,113751397.0,3.49,2.22,1.05,1.95
2025-06-05,688268,48.1,47.89,48.39,47.4,17174,83040615.0,2.05,-0.87,-0.42,1.43
2025-06-06,688268,48.04,47.58,48.19,47.42,12677,61341664.0,1.61,-0.65,-0.31,1.05
2025-06-09,688268,47.85,48.82,49.09,47.56,25656,125550955.0,3.22,2.61,1.24,2.13
2025-06-10,688268,48.6,47.46,48.8,47.3,26473,128293301.0,3.07,-2.79,-1.36,2.2
2025-06-11,688268,47.83,47.52,48.2,47.38,14475,69978210.0,1.73,0.13,0.06,1.2
2025-06-12,688268,47.52,47.05,47.69,46.9,18957,90684926.0,1.66,-0.99,-0.47,1.58
2025-06-13,688268,47.0,46.34,47.32,46.0,21775,102551051.0,2.81,-1.51,-0.71,1.81
2025-06-16,688268,46.09,46.43,46.67,46.09,9254,43501235.0,1.25,0.19,0.09,0.77
2025-06-17,688268,46.36,46.51,46.73,46.26,8823,41541667.0,1.01,0.17,0.08,0.73
2025-06-18,688268,46.3,47.23,47.3,46.28,12873,61024020.0,2.19,1.55,0.72,1.07
2025-06-19,688268,47.24,46.82,47.69,46.7,14521,69380374.0,2.1,-0.87,-0.41,1.21
2025-06-20,688268,46.9,46.83,47.6,46.83,11734,56140522.0,1.64,0.02,0.01,0.98
2025-06-23,688268,46.4,47.38,47.55,45.99,12249,58441984.0,3.33,1.17,0.55,1.02
2025-06-24,688268,47.54,48.0,48.07,47.37,20316,98441455.0,1.48,1.31,0.62,1.69
2025-06-25,688268,48.1,48.23,48.28,47.55,18772,91171037.0,1.52,0.48,0.23,1.56
2025-06-26,688268,48.1,47.65,48.53,47.65,16352,79631516.0,1.82,-1.2,-0.58,1.36
2025-06-27,688268,47.89,47.88,48.48,47.62,16240,79018616.0,1.8,0.48,0.23,1.35
2025-06-30,688268,48.4,49.77,50.15,48.4,33533,168361446.0,3.65,3.95,1.89,2.79
2025-07-01,688268,50.37,49.78,50.86,49.67,33436,169977854.0,2.39,0.02,0.01,2.78
2025-07-02,688268,49.3,49.48,50.28,49.2,22621,113565992.0,2.17,-0.6,-0.3,1.88
2025-07-03,688268,49.95,49.22,49.95,48.6,19572,96042761.0,2.73,-0.53,-0.26,1.63
2025-07-04,688268,48.9,48.42,49.4,48.42,20021,97794781.0,1.99,-1.63,-0.8,1.67
2025-07-07,688268,48.88,50.99,51.55,48.49,45598,230207598.0,6.32,5.31,2.57,3.79
2025-07-08,688268,51.24,50.59,51.3,50.36,29906,151963292.0,1.84,-0.78,-0.4,2.49
2025-07-09,688268,50.86,50.09,50.86,49.97,19758,99489141.0,1.76,-0.99,-0.5,1.64
2025-07-10,688268,49.95,50.39,50.49,49.95,14142,71094863.0,1.08,0.6,0.3,1.18
2025-07-11,688268,50.12,50.42,50.83,49.9,17433,87821855.0,1.85,0.06,0.03,1.45
2025-07-14,688268,50.38,50.09,50.81,50.0,13733,69172784.0,1.61,-0.65,-0.33,1.14
2025-07-15,688268,50.32,50.09,50.53,49.5,15901,79391903.0,2.06,0.0,0.0,1.32
2025-07-16,688268,49.99,49.64,50.27,49.42,14502,72216929.0,1.7,-0.9,-0.45,1.21
2025-07-17,688268,49.6,50.11,50.13,49.51,12562,62610024.0,1.25,0.95,0.47,1.04
2025-07-18,688268,50.28,50.49,50.54,49.7,15695,78542655.0,1.68,0.76,0.38,1.31
2025-07-21,688268,50.39,50.5,50.55,50.12,15941,80271854.0,0.85,0.02,0.01,1.33
2025-07-22,688268,50.49,50.8,51.19,50.43,22035,111960237.0,1.5,0.59,0.3,1.83
2025-07-23,688268,50.82,51.3,52.55,50.31,36471,188542301.0,4.41,0.98,0.5,3.03
2025-07-24,688268,51.42,52.19,52.5,51.33,30436,158603724.0,2.28,1.73,0.89,2.53
2025-07-25,688268,52.49,52.89,52.98,51.8,29020,152191750.0,2.26,1.34,0.7,2.41
2025-07-28,688268,53.19,52.38,53.25,52.18,23671,124186995.0,2.02,-0.96,-0.51,1.97
2025-07-29,688268,52.77,53.32,53.87,52.08,33497,178226685.0,3.42,1.79,0.94,2.79
2025-07-30,688268,53.35,52.8,54.33,52.43,30397,162085176.0,3.56,-0.98,-0.52,2.53
2025-07-31,688268,52.68,51.75,53.08,51.5,30493,159167648.0,2.99,-1.99,-1.05,2.54
2025-08-01,688268,51.75,52.42,53.98,51.32,40264,212285197.0,5.14,1.29,0.67,3.35
2025-08-04,688268,51.61,53.32,53.6,51.33,29019,152823262.0,4.33,1.72,0.9,2.41
2025-08-05,688268,53.6,53.19,54.05,52.9,22806,121603021.0,2.16,-0.24,-0.13,1.9
2025-08-06,688268,53.22,54.41,55.13,53.09,42369,230124348.0,3.84,2.29,1.22,3.52
2025-08-07,688268,54.74,54.45,54.83,53.89,25345,137615589.0,1.73,0.07,0.04,2.11
2025-08-08,688268,54.11,54.35,55.89,54.01,32233,177213598.0,3.45,-0.18,-0.1,2.68
2025-08-11,688268,54.3,54.54,54.85,53.5,29422,159649055.0,2.48,0.35,0.19,2.45
2025-08-12,688268,54.55,55.5,55.83,53.63,41995,230010421.0,4.03,1.76,0.96,3.49
2025-08-13,688268,56.92,62.47,63.1,56.81,114658,699855936.0,11.33,12.56,6.97,9.54
2025-08-14,688268,62.48,58.63,62.88,58.5,89535,535334220.0,7.01,-6.15,-3.84,7.45
2025-08-15,688268,58.34,60.47,62.17,58.34,70210,424933719.0,6.53,3.14,1.84,5.84
2025-08-18,688268,60.8,61.5,62.4,59.6,68957,418998114.0,4.63,1.7,1.03,5.74
2025-08-19,688268,61.42,59.66,61.42,59.6,44650,268418509.0,2.96,-2.99,-1.84,3.71
2025-08-20,688268,60.0,59.84,60.56,58.38,35015,207915771.0,3.65,0.3,0.18,2.91
2025-08-21,688268,60.44,59.08,60.46,58.61,26931,159725842.0,3.09,-1.27,-0.76,2.24
2025-08-22,688268,58.99,60.59,61.33,58.93,49565,298815552.0,4.06,2.56,1.51,4.12
2025-08-25,688268,61.8,59.67,61.9,59.09,55949,336080083.0,4.64,-1.52,-0.92,4.65
2025-08-26,688268,59.06,59.4,60.36,58.33,37015,219203506.0,3.4,-0.45,-0.27,3.08
2025-08-27,688268,59.61,57.83,60.99,57.82,52209,312578579.0,5.34,-2.64,-1.57,4.34
2025-08-28,688268,56.76,58.98,59.12,56.65,56811,329855129.0,4.27,1.99,1.15,4.73
2025-08-29,688268,58.75,57.47,58.9,57.0,39509,227192338.0,3.22,-2.56,-1.51,3.29
2025-09-01,688268,57.89,58.61,60.44,57.82,40767,240011810.0,4.56,1.98,1.14,3.39
2025-09-02,688268,58.49,56.4,59.44,55.61,42488,241909415.0,6.53,-3.77,-2.21,3.53
2025-09-03,688268,56.25,56.25,57.84,55.55,32934,186948522.0,4.06,-0.27,-0.15,2.74
2025-09-04,688268,56.11,53.89,56.7,52.9,40113,219585635.0,6.76,-4.2,-2.36,3.34
2025-09-05,688268,53.9,55.6,55.79,53.9,24393,134107902.0,3.51,3.17,1.71,2.03
2025-09-08,688268,55.6,57.66,57.75,55.19,35743,202716125.0,4.6,3.71,2.06,2.97
2025-09-09,688268,57.18,55.57,57.4,55.31,23361,131167321.0,3.62,-3.62,-2.09,1.94
2025-09-10,688268,55.57,54.77,55.98,54.7,17628,97152387.0,2.3,-1.44,-0.8,1.47
2025-09-11,688268,54.63,56.03,56.34,54.16,23636,131525788.0,3.98,2.3,1.26,1.97
2025-09-12,688268,56.03,56.22,57.18,55.49,24169,135985696.0,3.02,0.34,0.19,2.01
2025-09-15,688268,55.0,55.44,55.66,54.51,26178,144306171.0,2.05,-1.39,-0.78,2.18
2025-09-16,688268,55.07,55.28,55.59,55.05,17618,97331755.0,0.97,-0.29,-0.16,1.47
2025-09-17,688268,55.55,57.38,58.2,55.55,40165,228633409.0,4.79,3.8,2.1,3.34
2025-09-18,688268,56.96,57.89,59.3,56.61,55903,325808492.0,4.69,0.89,0.51,4.65
2025-09-19,688268,57.37,58.57,59.57,57.2,48012,281835884.0,4.09,1.17,0.68,3.99
2025-09-22,688268,59.66,59.0,59.95,58.31,39912,235540532.0,2.8,0.73,0.43,3.32
2025-09-23,688268,58.57,60.88,61.0,57.01,49226,289204033.0,6.76,3.19,1.88,4.09
2025-09-24,688268,60.5,64.78,68.09,60.0,112097,715799826.0,13.29,6.41,3.9,9.32
2025-09-25,688268,64.03,67.65,69.68,63.28,104731,694856032.0,9.88,4.43,2.87,8.71
2025-09-26,688268,66.66,64.75,67.03,64.6,64008,419823687.0,3.59,-4.29,-2.9,5.32
2025-09-29,688268,64.03,63.99,64.7,63.2,40106,256217090.0,2.32,-1.17,-0.76,3.34
2025-09-30,688268,64.5,65.0,66.45,63.81,47897,311343853.0,4.13,1.58,1.01,3.98
2025-10-09,688268,66.0,66.44,68.94,64.48,58106,386737106.0,6.86,2.22,1.44,4.83
2025-10-10,688268,65.38,68.59,71.0,63.54,70746,473038987.0,11.23,3.24,2.15,5.88
2025-10-13,688268,67.49,77.18,77.5,66.0,111760,821938099.0,16.77,12.52,8.59,9.3
2025-10-14,688268,77.25,71.0,77.62,70.4,90963,664195081.0,9.35,-8.01,-6.18,7.57
2025-10-15,688268,71.02,68.16,71.02,66.0,55636,376820988.0,7.07,-4.0,-2.84,4.63
2025-10-16,688268,67.9,65.75,67.9,65.0,40164,266558757.0,4.25,-3.54,-2.41,3.34
2025-10-17,688268,66.59,62.98,66.63,62.88,38032,244361221.0,5.7,-4.21,-2.77,3.16
2025-10-20,688268,64.18,62.8,64.5,62.4,24709,156632523.0,3.33,-0.29,-0.18,2.06
2025-10-21,688268,62.8,63.46,63.88,62.29,21414,135498401.0,2.53,1.05,0.66,1.78
2025-10-22,688268,63.19,63.63,64.22,61.71,25104,158013085.0,3.96,0.27,0.17,2.09
2025-10-23,688268,63.06,62.01,63.61,61.18,25161,155439009.0,3.82,-2.55,-1.62,2.09
2025-10-24,688268,62.5,63.95,64.43,62.33,34825,221777028.0,3.39,3.13,1.94,2.9
2025-10-27,688268,65.88,65.0,67.66,65.0,43116,284593104.0,4.16,1.64,1.05,3.59
2025-10-28,688268,64.5,68.52,69.0,64.08,44781,297295725.0,7.57,5.42,3.52,3.72
2025-10-29,688268,67.28,68.29,69.99,66.81,48951,336197172.0,4.64,-0.34,-0.23,4.07
2025-10-30,688268,66.95,64.51,67.54,64.31,40284,265898831.0,4.73,-5.54,-3.78,3.35
2025-10-31,688268,64.02,64.32,66.44,64.02,23946,155640685.0,3.75,-0.29,-0.19,1.99
2025-11-03,688268,64.46,63.07,64.46,61.45,27863,173373464.0,4.68,-1.94,-1.25,2.32
2025-11-04,688268,62.55,61.28,64.37,61.11,18048,112011894.0,5.17,-2.84,-1.79,1.5
2025-11-05,688268,60.45,60.69,61.16,59.7,19264,116412590.0,2.38,-0.96,-0.59,1.6
2025-11-06,688268,61.0,61.99,62.17,60.53,18805,115717793.0,2.7,2.14,1.3,1.56
2025-11-07,688268,61.5,61.97,63.45,60.31,19365,120531736.0,5.07,-0.03,-0.02,1.61
2025-11-10,688268,62.28,63.67,64.77,62.28,27652,176284397.0,4.02,2.74,1.7,2.3
2025-11-11,688268,63.11,64.09,64.31,62.5,22211,140793516.0,2.84,0.66,0.42,1.85
2025-11-12,688268,63.72,61.36,63.72,60.92,22065,136162184.0,4.37,-4.26,-2.73,1.84
2025-11-13,688268,61.02,61.71,62.88,61.02,19942,123978607.0,3.03,0.57,0.35,1.66
2025-11-14,688268,61.01,58.65,61.36,58.58,30672,183177848.0,4.5,-4.96,-3.06,2.55
2025-11-17,688268,59.38,58.91,60.88,58.58,18500,110280650.0,3.92,0.44,0.26,1.54
2025-11-18,688268,58.71,59.51,60.42,58.21,19953,118510988.0,3.75,1.02,0.6,1.66
2025-11-19,688268,59.13,60.15,60.81,59.0,18116,108705819.0,3.04,1.08,0.64,1.51
2025-11-20,688268,60.71,59.0,61.03,58.9,15545,93277616.0,3.54,-1.91,-1.15,1.29
2025-11-21,688268,58.21,59.84,62.86,57.8,40420,243379136.0,8.58,1.42,0.84,3.36
2025-11-24,688268,60.9,60.73,61.24,59.12,26621,160132568.0,3.54,1.49,0.89,2.21
2025-11-25,688268,60.1,59.82,61.23,59.4,28599,172902710.0,3.01,-1.5,-0.91,2.38
2025-11-26,688268,59.58,58.2,59.8,58.0,29763,174551094.0,3.01,-2.71,-1.62,2.48
2025-11-27,688268,58.17,57.45,59.16,57.4,17999,105044618.0,3.02,-1.29,-0.75,1.5
2025-11-28,688268,57.5,58.0,58.02,57.03,15042,86766288.0,1.72,0.96,0.55,1.25
2025-12-01,688268,58.02,59.3,59.8,57.61,27619,162428064.0,3.78,2.24,1.3,2.3
2025-12-02,688268,59.0,58.4,59.84,58.37,19151,112841340.0,2.48,-1.52,-0.9,1.59
2025-12-03,688268,58.6,57.81,58.99,57.33,14378,83225312.0,2.84,-1.01,-0.59,1.2
2025-12-04,688268,57.6,57.97,58.19,56.31,15029,86107268.0,3.25,0.28,0.16,1.25
2025-12-05,688268,57.7,58.39,58.49,56.6,14621,84323598.0,3.26,0.72,0.42,1.22
2025-12-08,688268,58.34,58.59,59.18,57.55,36290,212007613.0,2.79,0.34,0.2,3.02
2025-12-09,688268,58.11,56.78,58.42,56.68,32073,184314103.0,2.97,-3.09,-1.81,2.67
2025-12-10,688268,56.58,57.66,57.87,56.5,20307,116267581.0,2.41,1.55,0.88,1.69
2025-12-11,688268,58.1,57.18,58.17,56.8,22522,129760189.0,2.38,-0.83,-0.48,1.87
2025-12-12,688268,57.07,59.25,59.39,56.71,40296,235330563.0,4.69,3.62,2.07,3.35
2025-12-15,688268,58.78,59.85,61.16,58.53,38183,229201237.0,4.44,1.01,0.6,3.18
2025-12-16,688268,59.85,59.32,60.29,58.04,32277,190632087.0,3.76,-0.89,-0.53,2.68
2025-12-17,688268,59.03,59.14,59.32,56.66,36103,208952762.0,4.48,-0.3,-0.18,3.0
2025-12-18,688268,59.1,58.88,61.28,58.81,35738,214402492.0,4.18,-0.44,-0.26,2.97
2025-12-19,688268,58.9,58.09,59.88,57.75,24425,142614597.0,3.62,-1.34,-0.79,2.03
2025-12-22,688268,57.9,59.55,60.14,57.9,32076,190362210.0,3.86,2.51,1.46,2.67
2025-12-23,688268,59.39,60.55,61.75,59.2,38251,232368628.0,4.28,1.68,1.0,3.18
2025-12-24,688268,60.6,60.67,61.07,60.0,23967,145199743.0,1.77,0.2,0.12,1.99
2025-12-25,688268,61.12,60.87,61.3,60.02,24025,145595922.0,2.11,0.33,0.2,2.0
2025-12-26,688268,61.2,59.43,61.2,59.3,32982,198071110.0,3.12,-2.37,-1.44,2.74
2025-12-29,688268,59.21,58.62,59.47,58.51,22607,133091600.0,1.62,-1.36,-0.81,1.88
2025-12-30,688268,58.68,57.65,58.9,57.53,25012,145140957.0,2.34,-1.65,-0.97,2.08
2025-12-31,688268,57.9,57.39,58.47,57.3,20381,117793195.0,2.03,-0.45,-0.26,1.7
2026-01-05,688268,58.0,59.45,59.88,57.98,31278,184860885.0,3.31,3.59,2.06,2.6
2026-01-06,688268,60.18,62.45,63.52,59.26,59067,367223189.0,7.17,5.05,3.0,4.91
2026-01-07,688268,64.91,66.47,67.8,63.88,106363,699430782.0,6.28,6.44,4.02,8.85
2026-01-08,688268,72.0,68.45,77.49,68.13,151312,1093346878.0,14.08,2.98,1.98,12.59
2026-01-09,688268,67.47,66.85,68.39,66.34,87238,585136578.0,2.99,-2.34,-1.6,7.26
2026-01-12,688268,65.03,65.42,66.3,64.68,74143,484219521.0,2.42,-2.14,-1.43,6.17
2026-01-13,688268,65.37,62.8,65.37,62.66,58796,375343030.0,4.14,-4.0,-2.62,4.89
2026-01-14,688268,62.8,63.43,64.62,62.62,53387,339213515.0,3.18,1.0,0.63,4.44
2026-01-15,688268,62.91,66.45,66.8,62.91,76029,494975306.0,6.13,4.76,3.02,6.32
2026-01-16,688268,68.5,68.57,69.15,65.9,81032,547426240.0,4.89,3.19,2.12,6.74
2026-01-19,688268,68.77,69.25,71.7,67.42,72160,497997055.0,6.24,0.99,0.68,6.0
2026-01-20,688268,68.55,68.7,69.15,67.0,49281,334567437.0,3.1,-0.79,-0.55,4.1
2026-01-21,688268,68.36,69.98,70.85,67.56,63473,442033969.0,4.79,1.86,1.28,5.29
2026-01-22,688268,71.08,67.88,71.48,67.41,51853,354389095.0,5.82,-3.0,-2.1,4.32
2026-01-23,688268,67.63,68.3,68.56,66.9,38706,262262240.0,2.45,0.62,0.42,3.23
2026-01-26,688268,68.21,65.57,68.21,65.01,36127,238907897.0,4.69,-4.0,-2.73,3.01
2026-01-27,688268,65.0,67.15,67.29,63.72,37649,247726136.0,5.44,2.41,1.58,3.14
2026-01-28,688268,67.35,67.97,68.5,66.6,40969,276887350.0,2.83,1.22,0.82,3.42
2026-01-29,688268,67.5,64.7,67.96,64.66,34491,228571905.0,4.86,-4.81,-3.27,2.88
2026-01-30,688268,64.51,65.9,66.66,63.33,33625,219465137.0,5.15,1.85,1.2,2.8
2026-02-02,688268,65.08,62.12,66.25,62.07,33048,209849073.0,6.34,-5.74,-3.78,2.76
2026-02-03,688268,62.59,63.6,63.86,62.56,19358,122550392.0,2.09,2.38,1.48,1.61
2026-02-04,688268,63.58,62.79,63.85,62.2,13927,87573054.0,2.59,-1.27,-0.81,1.16
2026-02-05,688268,62.66,61.69,62.87,60.92,21042,129747167.0,3.11,-1.75,-1.1,1.75
2026-02-06,688268,60.95,61.73,62.43,60.95,14040,87016909.0,2.4,0.06,0.04,1.17
2026-02-09,688268,64.7,64.03,66.88,64.0,42494,277428584.0,4.67,3.73,2.3,3.54
2026-02-10,688268,63.99,64.01,65.29,63.53,26528,170663959.0,2.75,-0.03,-0.02,2.21
2026-02-11,688268,63.82,64.05,65.19,63.37,17356,111746209.0,2.84,0.06,0.04,1.45
2026-02-12,688268,64.56,65.24,65.65,64.0,21102,137153944.0,2.58,1.86,1.19,1.76
2026-02-13,688268,64.91,65.51,66.6,64.45,28028,184257524.0,3.3,0.41,0.27,2.34
